# Created by CloudCompare v2.11.1 (Anoia)
# Created 8/4/26 5:44 PM
v 23.70531082 19.19246674 -0.93992966
v 23.21527100 19.26056671 -0.93992966
v 20.74214554 19.66405487 -0.93992966
v 22.22372818 19.31443024 -0.93992966
v 18.34065628 20.74214554 -0.93992966
v 17.77898407 21.14464569 -0.93992966
v 20.60108566 -14.81581879 -0.93992966
v 20.74214554 -14.61314106 -0.93992966
v 21.59699249 -13.33423710 -0.93992966
v 22.22372818 -12.37322617 -0.93992966
v 23.23399734 -11.85265541 -0.93992966
v 23.70531082 -11.28094864 -0.93992966
v 16.71947479 22.22372818 -0.93992966
v 16.29740143 23.52655792 -0.93992966
v 16.17616272 23.70531082 -0.93992966
v 13.46446991 -23.70531082 -0.93992966
v 19.26056671 20.24085236 -0.93992966
v 14.01754761 -22.22372818 -0.93992966
v 14.81581879 -21.24626541 -0.93992966
v 15.30557632 -20.74214745 -0.93992966
v 16.29740143 -19.82159805 -0.93992966
v 16.89256668 -19.26056480 -0.93992966
v 17.77898407 -18.35979080 -0.93992966
v 18.31337357 -17.77898407 -0.93992966
v 19.26056671 -16.69193268 -0.93992966
v 19.57579803 -16.29740143 -0.93992966
v 14.81581879 -23.70531082 -1.07279372
v 23.70531082 19.26056671 -0.95061845
v 20.74214554 20.74214554 -1.08220840
v 14.81581879 -22.22372818 -1.02301002
v 22.22372818 20.74214554 -1.13315368
v 16.29740143 -23.70531082 -1.21968055
v 23.70531082 20.74214554 -1.15060019
v 16.29740143 -22.22372818 -1.17822051
v 17.77898407 -23.70531082 -1.35864615
v 19.26056671 20.74214554 -1.00186324
v 17.77898407 22.22372818 -1.02074218
v 19.26056671 22.22372818 -1.11896682
v 17.77898407 -22.22372818 -1.32555556
v 20.74214554 22.22372818 -1.19432807
v 17.77898407 23.70531082 -1.06366706
v 16.29740143 -20.74214745 -1.06016707
v 19.26056671 23.70531082 -1.16031241
v 17.77898407 -20.74214745 -1.23193145
v 20.74214554 23.70531082 -1.23409820
v 17.77898407 -19.26056480 -1.06786323
v 19.26056671 -23.70531082 -1.47968841
v 22.22372818 22.22372818 -1.24175048
v 23.70531082 22.22372818 -1.25794005
v 19.26056671 -22.22372818 -1.45395255
v 22.22372818 23.70531082 -1.28039336
v 20.74214554 -23.70531082 -1.57358527
v 23.70531082 23.70531082 -1.29617476
v 20.74214554 -22.22372818 -1.55345130
v 19.26056671 -20.74214745 -1.38158965
v 20.74214554 -20.74214745 -1.49710631
v 22.22372818 -23.70531082 -1.63302588
v 22.22372818 -22.22372818 -1.61635375
v 23.70531082 -23.70531082 -1.65336967
v 23.70531082 -22.22372818 -1.63786292
v 22.22372818 -20.74214745 -1.56980872
v 23.70531082 -20.74214745 -1.59459853
v 19.26056671 -19.26056480 -1.25685477
v 20.74214554 -19.26056480 -1.40167212
v 19.26056671 -17.77898407 -1.09180236
v 20.74214554 -17.77898407 -1.27820754
v 22.22372818 -19.26056480 -1.49212050
v 23.70531082 -19.26056480 -1.52282119
v 22.22372818 -17.77898407 -1.39329505
v 23.70531082 -17.77898407 -1.43209434
v 20.74214554 -16.29740143 -1.12371802
v 20.74214554 -14.81581879 -0.96365708
v 22.22372818 -16.29740143 -1.27154708
v 23.70531082 -16.29740143 -1.32101989
v 22.22372818 -14.81581879 -1.14722800
v 23.70531082 -14.81581879 -1.20812964
v 22.22372818 -13.33423710 -1.01470160
v 23.70531082 -13.33423710 -1.08717322
v 23.70531082 -11.85265541 -0.98218316
v 16.29740143 23.70531082 -0.94983453
v 2.56508636 -5.92632675 -0.19913834
v 2.96316338 -6.80129242 -0.19913834
v -12.59344673 -9.18690586 -0.19913834
v -13.16045094 -8.88949203 -0.19913834
v 2.80487061 -6.66711807 -0.19913834
v -12.48401165 -8.88949203 -0.19913834
v 3.70395470 -6.99077797 -0.19913834
v -12.59344673 -8.67690372 -0.19913834
v 3.88157845 -6.66711807 -0.19913834
v 3.70395470 -6.16261101 -0.19913834
v 3.56774902 -5.92632675 -0.19913834
v 2.96316338 -5.70476913 -0.19913834
v -12.59344673 -8.88949203 -0.22965974
v 2.96316338 -6.66711807 -0.25569314
v 2.96316338 -5.92632675 -0.29751557
v 3.70395470 -6.66711807 -0.24383706
v 11.11982727 -1.48158264 0.54165298
v -20.74214745 -1.27574348 0.54165298
v -14.98903275 0.00000000 0.54165298
v -8.88949203 -0.72480965 0.54165298
v -20.00135612 -1.18048286 0.54165298
v 11.17882156 -0.74079132 0.54165298
v -4.44474602 8.73797607 0.54165298
v -8.14870071 -5.94899940 0.54165298
v -4.77241898 8.88949203 0.54165298
v 11.35593796 0.00000000 0.54165298
v -2.96316338 7.83994102 0.54165298
v -3.40785408 8.14870071 0.54165298
v 12.59344482 -10.25158215 0.54165298
v -3.70395470 8.41616821 0.54165298
v 12.20025253 -9.63028240 0.54165298
v -2.22237206 7.79403496 0.54165298
v 13.24403000 -9.63028240 0.54165298
v 12.01597977 -8.88949203 0.54165298
v -19.55487633 -0.74079132 0.54165298
v 13.20664978 -8.88949203 0.54165298
v -1.55398560 8.14870071 0.54165298
v -8.17571354 -5.92632675 0.54165298
v -8.14870071 -0.19524193 0.54165298
v -7.40790939 -6.02834320 0.54165298
v -19.42856216 0.00000000 0.54165298
v -1.48158264 8.18438339 0.54165298
v -15.48720646 0.74079132 0.54165298
v -7.73738766 0.00000000 0.54165298
v 12.07197571 -8.14870071 0.54165298
v -6.66711807 -6.03048515 0.54165298
v -0.94739342 8.88949203 0.54165298
v -15.55177784 1.48158264 0.54165298
v -5.92632675 -5.97514725 0.54165298
v 11.85265732 -7.32031250 0.54165298
v -17.77898407 -12.36893368 0.54165298
v 4.44474602 -8.90246964 0.54165298
v -17.77898407 7.06915855 0.54165298
v 11.59998322 -6.66711807 0.54165298
v -18.30153084 -11.85265541 0.54165298
v 11.78496933 -5.92632675 0.54165298
v -5.92632675 -10.25443363 0.54165298
v -5.18553734 -10.04843140 0.54165298
v -17.03819275 -13.57497025 0.54165298
v -4.55551147 -9.63028240 0.54165298
v -17.09831810 7.40790939 0.54165298
v 0.00000000 -5.07447433 0.54165298
v 0.74079132 -4.72329330 0.54165298
v -17.43295860 -13.33423710 0.54165298
v -4.44474602 -9.57598972 0.54165298
v -16.35649109 -13.33423710 0.54165298
v -17.03819275 7.43693733 0.54165298
v 1.48158264 -4.70660591 0.54165298
v 4.36232376 -8.88949203 0.54165298
v -3.70395470 -8.95436096 0.54165298
v 2.22237206 -4.68239021 0.54165298
v -5.89309120 -5.92632675 0.54165298
v -16.29740143 7.77576828 0.54165298
v 4.91840553 -8.88949203 0.54165298
v -3.63023376 -8.88949203 0.54165298
v -17.03819275 -12.72396851 0.54165298
v 2.96316338 -4.66316223 0.54165298
v -5.18553734 -5.70499039 0.54165298
v -17.77898407 8.79838181 0.54165298
v 0.00000000 -8.12038231 0.54165298
v 4.44474602 -5.38866425 0.54165298
v -17.57028198 -11.85265541 0.54165298
v 12.59632492 -8.14870071 0.54165298
v -2.96316338 -8.34454060 0.54165298
v 0.74079132 -7.93174934 0.54165298
v 4.22147179 -5.18553734 0.54165298
v -4.44474602 -6.14734459 0.54165298
v -17.64347839 8.88949203 0.54165298
v -4.64613533 -5.92632675 0.54165298
v -11.85265541 -12.17029190 0.54165298
v -16.29740143 -5.29576302 0.54165298
v 3.70395470 -4.86563492 0.54165298
v -3.70395470 -6.31753540 0.54165298
v -12.46827602 -11.85265541 0.54165298
v 12.59344482 -8.14640903 0.54165298
v -16.03623199 8.14870071 0.54165298
v -16.57983589 -5.18553734 0.54165298
v -15.78389359 8.88949203 0.54165298
v -14.81581879 8.64088440 0.54165298
v 5.05267143 -5.92632675 0.54165298
v -14.82846260 8.88949203 0.54165298
v -16.29740143 -4.55072403 0.54165298
v 12.08115005 -6.66711807 0.54165298
v -11.14001465 -11.85265541 0.54165298
v -16.09361458 -5.92632675 0.54165298
v 12.29238510 -5.92632675 0.54165298
v -14.07502842 8.36830521 0.54165298
v -2.96316338 -5.99242592 0.54165298
v -13.33423710 8.61738205 0.54165298
v 0.00000000 -1.46671486 0.54165298
v 11.85265732 -5.76316071 0.54165298
v -12.59344673 8.82915497 0.54165298
v -15.55661011 -4.55725098 0.54165298
v -12.23675919 8.88949203 0.54165298
v 11.85265732 -4.15000534 0.54165298
v -2.71702385 -8.14870071 0.54165298
v -14.81581879 14.28188705 0.54165298
v 0.74079132 -0.97218704 0.54165298
v 12.14270782 -3.70395470 0.54165298
v 1.48158264 -7.50060272 0.54165298
v -14.07502842 14.41673279 0.54165298
v -2.22237206 -7.81724262 0.54165298
v 0.91395569 -0.74079132 0.54165298
v -13.33423710 14.38064575 0.54165298
v 2.96316338 -8.21925163 0.54165298
v 1.20655823 0.00000000 0.54165298
v -1.48158264 -7.51039696 0.54165298
v -14.81581879 -4.81704521 0.54165298
v -12.59344673 14.17781830 0.54165298
v -0.74079132 -7.91523075 0.54165298
v 2.83649826 -8.14870071 0.54165298
v -14.07502842 -4.81185341 0.54165298
v 11.56535339 -3.70395470 0.54165298
v 12.08761215 -2.96316338 0.54165298
v -13.63436604 -4.44474602 0.54165298
v -2.84479523 -5.92632675 0.54165298
v -11.85265541 -4.76405334 0.54165298
v -12.26109886 -4.44474602 0.54165298
v 2.22237206 -7.78199291 0.54165298
v 12.04013062 -2.22237206 0.54165298
v -13.33423710 -4.24821854 0.54165298
v 11.95306396 -1.48158264 0.54165298
v -12.59344673 -4.23700905 0.54165298
v -11.11186409 -5.42483521 0.54165298
v -17.03819275 9.39420319 0.54165298
v 11.26913071 -2.96316338 0.54165298
v 12.03126144 -0.74079132 0.54165298
v -14.81581879 -0.14340401 0.54165298
v -16.83909798 9.63028336 0.54165298
v -11.32285118 -5.18553734 0.54165298
v -16.85903740 10.37107468 0.54165298
v 11.16918945 -2.22237206 0.54165298
v -14.07502842 -0.42916489 0.54165298
v -10.37107372 -5.91460609 0.54165298
v 3.70395470 -8.65213585 0.54165298
v -15.55661011 9.19733810 0.54165298
v -9.96448708 -5.18553734 0.54165298
v -13.33423710 -0.52813911 0.54165298
v 0.74079132 1.91360474 0.54165298
v 5.18553734 -8.81731129 0.54165298
v -9.93702030 -4.44474602 0.54165298
v 0.49992943 2.22237206 0.54165298
v 5.89611053 -8.14870071 0.54165298
v -17.03819275 10.90614700 0.54165298
v -11.85265541 -1.02436066 0.54165298
v 5.92632675 -8.07873535 0.54165298
v -9.63028240 -3.77931404 0.54165298
v -17.16353989 11.11186600 0.54165298
v -9.53257275 -3.70395470 0.54165298
v -12.56539345 -0.74079132 0.54165298
v 5.92632675 -6.94697762 0.54165298
v -8.88949203 -3.55231094 0.54165298
v -12.59344673 -0.72781944 0.54165298
v -15.48380947 2.22237206 0.54165298
v 5.75865364 -6.66711807 0.54165298
v -8.14870071 -5.68767738 0.54165298
v 5.18553734 -6.04061127 0.54165298
v 1.00047112 1.48158264 0.54165298
v -11.85265541 14.12852478 0.54165298
v 6.02269936 -7.40790939 0.54165298
v -11.11186409 14.07299805 0.54165298
v 0.00000000 2.78751183 0.54165298
v -11.13877392 14.07502747 0.54165298
v 2.13938141 7.40790939 0.54165298
v 5.18553734 1.05189705 0.54165298
v 2.22237206 7.54261971 0.54165298
v -17.72352982 11.85265732 0.54165298
v -15.44170284 2.96316338 0.54165298
v 2.65354538 8.14870071 0.54165298
v 4.95436478 1.48158264 0.54165298
v 2.96316338 8.66008759 0.54165298
v -11.85265541 8.97377396 0.54165298
v -11.11186409 -11.81715107 0.54165298
v -15.31805992 3.70395470 0.54165298
v 5.92632675 0.74089622 0.54165298
v 4.29619789 5.92632675 0.54165298
v -7.40790939 0.42246056 0.54165298
v 4.44474602 6.32096291 0.54165298
v 5.18553734 2.10761642 0.54165298
v -7.32528114 0.74079132 0.54165298
v -15.08763123 4.44474602 0.54165298
v -10.37107372 -11.28427315 0.54165298
v 4.60848999 6.66711807 0.54165298
v -14.81581879 5.05003738 0.54165298
v -2.22237206 -5.59000015 0.54165298
v 5.32265282 2.22237206 0.54165298
v -14.66063976 5.18553734 0.54165298
v -10.00480938 -11.11186409 0.54165298
v 5.92632675 2.43911552 0.54165298
v 5.18553734 7.33204651 0.54165298
v 12.25360107 0.00000000 0.54165298
v -14.07502842 5.42453957 0.54165298
v 2.96316338 5.04995346 0.54165298
v -8.13877583 -5.18553734 0.54165298
v 5.29434586 7.40790939 0.54165298
v -9.63028240 -10.91732883 0.54165298
v -13.33423710 5.57588387 0.54165298
v 2.76819992 5.18553734 0.54165298
v 3.07656097 8.88949203 0.54165298
v -21.23512459 0.00000000 0.54165298
v 5.92632675 7.70764351 0.54165298
v 2.24728584 5.92632675 0.54165298
v 3.63381004 9.63028336 0.54165298
v 3.70395470 9.69735336 0.54165298
v -21.25982094 0.74079132 0.54165298
v 4.44474602 10.22081375 0.54165298
v -21.14963913 1.48158264 0.54165298
v 4.73103714 10.37107468 0.54165298
v -20.90313530 2.22237206 0.54165298
v 3.70395470 4.97904396 0.54165298
v -20.74214745 2.42263603 0.54165298
v -10.37107372 13.93360519 0.54165298
v -19.38662529 0.74079132 0.54165298
v -8.28003788 4.44474602 0.54165298
v -19.38171768 1.48158264 0.54165298
v -9.63028240 13.77333450 0.54165298
v -8.88949203 -10.52970886 0.54165298
v -8.88949203 13.39609146 0.54165298
v -8.14870071 13.07863998 0.54165298
v -8.79928589 13.33423615 0.54165298
v -12.59344673 5.66265488 0.54165298
v -7.40790939 13.10353851 0.54165298
v -8.72712421 -10.37107372 0.54165298
v -6.66711807 13.11445236 0.54165298
v -11.85265541 5.61890411 0.54165298
v -8.14870071 -10.05374813 0.54165298
v -5.92632675 12.91979599 0.54165298
v -8.14870071 -5.07803917 0.54165298
v -7.47991753 -9.63028240 0.54165298
v 3.96096992 5.18553734 0.54165298
v -7.40790939 -9.61513138 0.54165298
v -8.34989548 -4.44474602 0.54165298
v -6.66711807 -10.05069733 0.54165298
v -5.18553734 12.52537155 0.54165298
v -6.88351631 -9.63028240 0.54165298
v -18.51977348 6.89381409 0.54165298
v -5.30305481 12.59344482 0.54165298
v 6.66711807 0.75358391 0.54165298
v -18.97411346 7.40790939 0.54165298
v -8.14870071 -3.74262238 0.54165298
v 7.40790939 0.97630310 0.54165298
v -4.44474602 11.98569107 0.54165298
v -1.48158264 -5.50004387 0.54165298
v -19.53736496 2.22237206 0.54165298
v -8.14145660 -3.70395470 0.54165298
v -18.54848862 8.14870071 0.54165298
v 12.52256393 1.48158264 0.54165298
v -0.74079132 -5.56599045 0.54165298
v 8.14870071 1.43520546 0.54165298
v -18.51977348 8.18466377 0.54165298
v -20.00135612 2.61627960 0.54165298
v -0.17957497 -5.18553734 0.54165298
v -4.28903008 11.85265732 0.54165298
v 12.50983810 2.22237206 0.54165298
v 11.85265732 9.19366074 0.54165298
v 12.59149933 2.96316338 0.54165298
v -2.96316338 -0.43323135 0.54165298
v 1.24424362 0.74079132 0.54165298
v 8.21444702 1.48158264 0.54165298
v 12.59344482 9.49534225 0.54165298
v -3.33585739 0.00000000 0.54165298
v 6.66711807 2.52435875 0.54165298
v 11.85265732 3.60300827 0.54165298
v 7.40790939 2.75282669 0.54165298
v -0.74079132 -1.55748177 0.54165298
v 12.88982773 9.63028336 0.54165298
v -1.12119484 -1.48158264 0.54165298
v 8.88949203 2.06482315 0.54165298
v -0.04437828 -1.48158264 0.54165298
v 12.59344482 2.97222328 0.54165298
v -2.22237206 -0.96960449 0.54165298
v -2.61845779 -0.74079132 0.54165298
v 11.85265732 10.19983673 0.54165298
v -8.14870071 -3.68596458 0.54165298
v -1.48158264 -1.33356094 0.54165298
v 12.44881439 10.37107468 0.54165298
v 7.72741699 2.96316338 0.54165298
v 11.90274811 3.70395470 0.54165298
v 13.33423615 9.73327637 0.54165298
v -11.11186409 -0.99970818 0.54165298
v 14.07502747 9.82700729 0.54165298
v 11.63998795 0.74079132 0.54165298
v -10.37107372 -0.90261650 0.54165298
v 14.81581879 9.74130630 0.54165298
v -9.63028240 -1.02903938 0.54165298
v 12.59344482 10.42020035 0.54165298
v -8.93445110 -0.74079132 0.54165298
v 13.33423615 10.61031723 0.54165298
v 14.07502747 10.63732529 0.54165298
v 14.81581879 10.63253784 0.54165298
v 15.55661011 9.65415192 0.54165298
v 15.76677704 10.37107468 0.54165298
v 11.68395233 1.48158264 0.54165298
v 15.55661011 10.45226669 0.54165298
v 9.03072739 2.22237206 0.54165298
v 9.51713943 2.96316338 0.54165298
v 18.31519699 5.92632675 0.54165298
v 18.51977539 6.10575485 0.54165298
v 11.58705521 2.22237206 0.54165298
v 19.26056671 6.10012054 0.54165298
v 11.62469864 2.96316338 0.54165298
v 19.52135849 5.92632675 0.54165298
v 13.12261581 3.70395470 0.54165298
v 8.14870071 3.34418678 0.54165298
v 19.26056671 9.96859741 0.54165298
v 18.54105759 10.37107468 0.54165298
v 12.59344482 4.35772896 0.54165298
v 13.33423615 3.77844620 0.54165298
v 19.91717529 10.37107468 0.54165298
v 12.87350464 4.44474602 0.54165298
v 14.07502747 4.30393982 0.54165298
v 19.26056671 10.93654251 0.54165298
v 8.43819427 3.70395470 0.54165298
v 14.26866531 4.44474602 0.54165298
v 8.80836487 4.44474602 0.54165298
v 13.33423615 4.56364441 0.54165298
v 8.88949203 4.81067848 0.54165298
v 14.07502747 4.71508217 0.54165298
v 8.88949203 5.87071991 0.54165298
v 8.87413788 5.92632675 0.54165298
v 9.63028336 3.26587868 0.54165298
v 18.51977539 5.57624435 0.54165298
v 9.76925278 3.70395470 0.54165298
v 19.26056671 5.22807693 0.54165298
v 9.96997833 4.44474602 0.54165298
v 20.00135422 4.79001427 0.54165298
v 8.93710327 5.18553734 0.54165298
v 19.27248001 5.18553734 0.54165298
v 10.08615112 5.18553734 0.54165298
v 20.17367172 5.18553734 0.54165298
v 9.82806778 5.92632675 0.54165298
v 20.00135422 5.61121750 0.54165298
v 2.22237206 5.96718979 0.54165298
v 1.95616531 6.66711807 0.54165298
v -5.92632675 9.38640213 0.54165298
v -5.18553734 9.07700729 0.54165298
v -2.96316338 11.01869965 0.54165298
v -3.17721176 11.11186600 0.54165298
v -3.70395470 11.42469406 0.54165298
v -1.48158264 10.12847519 0.54165298
v -1.78252602 10.37107468 0.54165298
v -1.13611984 9.63028336 0.54165298
v -2.22237206 10.66614914 0.54165298
v -17.77898407 11.92092514 0.54165298
v -18.03284836 12.59344482 0.54165298
v -18.04714775 13.33423615 0.54165298
v -17.77898407 13.72021866 0.54165298
v -17.03819275 14.00139999 0.54165298
v -16.29740143 13.99402618 0.54165298
v -15.55661011 14.02435684 0.54165298
v -15.37869644 14.07502747 0.54165298
v -17.77898407 -11.29540062 0.54165298
v -18.51977348 -10.95645905 0.54165298
v -18.90192032 -10.37107372 0.54165298
v -18.02079201 -10.37107372 0.54165298
v -19.26056480 -9.65268326 0.54165298
v -19.28460503 -9.63028240 0.54165298
v -19.49246788 -8.88949203 0.54165298
v -18.01301956 -9.63028240 0.54165298
v -18.24837685 -8.88949203 0.54165298
v -19.30320930 -8.14870071 0.54165298
v -19.67574692 -7.40790939 0.54165298
v -18.18301773 -8.14870071 0.54165298
v -17.87035370 -7.40790939 0.54165298
v -20.00135612 -7.03900719 0.54165298
v -20.29070091 -6.66711807 0.54165298
v -20.19859886 -5.92632675 0.54165298
v -17.95496368 -6.66711807 0.54165298
v -18.18671417 -5.92632675 0.54165298
v -14.81581879 -9.22568226 0.54165298
v -14.90496063 -8.88949203 0.54165298
v -12.59317112 -11.11186409 0.54165298
v -12.59344673 -11.11005020 0.54165298
v -13.27328396 -10.37107372 0.54165298
v -14.07502842 -10.07443619 0.54165298
v -14.62871933 -9.63028240 0.54165298
v -13.33423710 -10.35556507 0.54165298
v -16.29740143 -7.53430939 0.54165298
v -16.52440453 -7.40790939 0.54165298
v -14.99345589 -8.14870071 0.54165298
v -15.55661011 -7.73266411 0.54165298
v -16.91923141 -6.66711807 0.54165298
v -16.29740143 -6.30734825 0.54165298
v -20.00135612 -5.56693840 0.54165298
v -19.87979698 -5.18553734 0.54165298
v -19.26056480 -4.86081696 0.54165298
v -18.51977348 -5.38269424 0.54165298
v -18.66537285 -5.18553734 0.54165298
v -21.27716827 -0.74079132 0.54165298
v -7.00941849 1.48158264 0.54165298
v -6.85773087 2.22237206 0.54165298
v -6.87814140 2.96316338 0.54165298
v -11.11186409 5.49013710 0.54165298
v -10.37107372 5.31308556 0.54165298
v -9.63028240 5.11931801 0.54165298
v -9.88970661 5.18553734 0.54165298
v -8.88949203 4.78123856 0.54165298
v -8.14870071 4.37878609 0.54165298
v -7.40790939 3.89409447 0.54165298
v -7.22249222 3.70395470 0.54165298
v -4.44474602 1.36286354 0.54165298
v -4.50724411 1.48158264 0.54165298
v -3.70395470 0.41491699 0.54165298
v -3.95957756 0.74079132 0.54165298
v -4.65089417 2.22237206 0.54165298
v -4.44474602 2.85351563 0.54165298
v -4.36590004 2.96316338 0.54165298
v -0.22413826 2.96316338 0.54165298
v -3.70395470 3.65847015 0.54165298
v -3.64222145 3.70395470 0.54165298
v -2.96316338 3.98835564 0.54165298
v -1.48158264 3.59187508 0.54165298
v -1.68508530 3.70395470 0.54165298
v -2.22237206 3.93519783 0.54165298
v -0.74079132 3.26218224 0.54165298
v -8.14870071 8.46255112 0.54165298
v -8.86645031 8.88949203 0.54165298
v -7.40790939 8.76676178 0.54165298
v -7.27601051 8.88949203 0.54165298
v -11.11186409 9.22972107 0.54165298
v -10.37107372 9.44103622 0.54165298
v -9.63028240 9.51406860 0.54165298
v -8.88949203 8.92106247 0.54165298
v -6.66711807 9.35928345 0.54165298
v 5.18553734 10.55154800 0.54165298
v 5.92632675 10.63018417 0.54165298
v 8.54321671 6.66711807 0.54165298
v 8.14870071 7.09555435 0.54165298
v 7.74422836 7.40790939 0.54165298
v 6.66711807 7.79781723 0.54165298
v 7.40790939 7.62678719 0.54165298
v 9.63028336 6.22359848 0.54165298
v 9.42871857 6.66711807 0.54165298
v 9.19245148 7.40790939 0.54165298
v 9.26997375 8.14870071 0.54165298
v 9.63028336 8.29760361 0.54165298
v 10.37107468 8.57999802 0.54165298
v 10.84683990 8.88949203 0.54165298
v 8.14870071 10.14417648 0.54165298
v 7.62345505 10.37107468 0.54165298
v 8.88949203 9.72550201 0.54165298
v 6.66711807 10.57111359 0.54165298
v 7.40790939 10.43740463 0.54165298
v 9.63028336 9.60382080 0.54165298
v 9.18897629 9.63028336 0.54165298
v 9.88575363 9.63028336 0.54165298
v 10.37107468 9.78453827 0.54165298
v 11.11186600 8.93507767 0.54165298
v 11.11186600 9.97756577 0.54165298
v 12.41093445 0.74079132 0.54165298
v -8.88949203 4.44474602 0.43733436
v 4.44474602 -8.88949203 0.53198653
v 11.85265732 -1.48158264 0.46997291
v -20.74214745 -0.74079132 0.46816093
v 11.85265732 -6.66711807 0.49779540
v -17.77898407 7.40790939 0.48012382
v -8.88949203 0.00000000 0.30027038
v -20.00135612 -0.74079132 0.47513229
v -17.77898407 8.14870071 0.43676025
v 11.85265732 -5.92632675 0.51898986
v 11.85265732 -0.74079132 0.45065147
v -17.03819275 8.14870071 0.43909103
v -16.29740143 8.14870071 0.51383048
v -14.81581879 0.00000000 0.52570564
v -17.03819275 8.88949203 0.47139579
v 11.85265732 0.00000000 0.41497451
v 0.00000000 -5.92632675 0.22573501
v -8.14870071 0.00000000 0.48344070
v -20.74214745 0.00000000 0.44956619
v -14.81581879 0.74079132 0.39002830
v -4.44474602 1.48158264 0.51788741
v -20.00135612 0.00000000 0.43707877
v 12.59344482 -9.63028240 0.35086280
v 0.74079132 -5.92632675 -0.11769074
v -5.18553734 -5.92632675 0.52280456
v -3.70395470 0.74079132 0.46663505
v -16.29740143 -5.18553734 0.48944122
v 12.59344482 -8.88949203 0.25234252
v -2.96316338 0.00000000 0.45955497
v -2.22237206 -5.92632675 0.40685683
v 0.00000000 -5.18553734 0.48594123
v -15.55661011 -5.92632675 0.51040679
v -1.48158264 -5.92632675 0.37998420
v -2.96316338 0.74079132 0.31856948
v 12.59344482 -8.14870071 0.54041129
v -15.55661011 -5.18553734 0.46766883
v -0.74079132 -5.92632675 0.43923789
v 0.74079132 -5.18553734 0.23062927
v -14.81581879 -5.92632675 0.51350814
v -14.81581879 -5.18553734 0.50885230
v 1.48158264 -5.92632675 -0.08482140
v 1.48158264 -5.18553734 0.23335487
v -3.70395470 1.48158264 0.29166824
v 2.22237206 -5.92632675 -0.06334466
v -0.74079132 -1.48158264 0.50733596
v -2.96316338 1.48158264 0.20033866
v -2.22237206 -0.74079132 0.47040015
v -14.07502842 -5.92632675 0.48068458
v 2.22237206 -5.18553734 0.24278289
v -14.07502842 -5.18553734 0.51184493
v -16.29740143 8.88949203 0.47706443
v -17.77898407 -11.85265541 0.52730399
v -4.44474602 2.22237206 0.46077949
v -1.48158264 -0.74079132 0.34551841
v -3.70395470 2.22237206 0.24344283
v 2.96316338 -5.18553734 0.16832381
v -8.88949203 10.37107468 0.33044654
v -14.81581879 8.88949203 0.52770644
v -18.51977348 -10.37107372 0.52492744
v -2.22237206 0.00000000 0.32176811
v -8.14870071 10.37107468 0.31184798
v 3.70395470 -5.92632675 -0.13339776
v -8.88949203 11.11186600 0.13339263
v -1.48158264 0.00000000 0.24579078
v -8.14870071 11.11186600 0.14984733
v -19.26056480 -9.63028240 0.54048377
v -2.96316338 2.22237206 0.18007308
v -14.07502842 8.88949203 0.49922591
v -0.74079132 -0.74079132 0.28891975
v -7.40790939 10.37107468 0.34471542
v 3.70395470 -5.18553734 0.32279235
v -14.81581879 1.48158264 0.31445152
v 0.00000000 -0.74079132 0.31239539
v -13.33423710 8.88949203 0.51192695
v -19.26056480 -8.88949203 0.52786475
v -0.74079132 0.00000000 0.23576194
v -7.40790939 11.11186600 0.22517425
v 0.00000000 0.00000000 0.24907523
v 4.44474602 -5.92632675 0.27717811
v -8.88949203 11.85265732 -0.01229638
v -12.59344673 8.88949203 0.53440505
v -14.81581879 2.22237206 0.31661063
v -3.70395470 2.96316338 0.35308677
v -8.14870071 11.85265732 -0.04319543
v -14.81581879 13.33423615 0.22874862
v -18.51977348 -9.63028240 0.50352699
v -16.29740143 9.63028336 0.48249847
v -7.40790939 11.85265732 -0.00406045
v -17.03819275 -13.33423710 0.51547652
v -14.81581879 2.96316338 0.33222800
v 0.74079132 -0.74079132 0.47019798
v -14.07502842 13.33423615 0.16284972
v -6.66711807 10.37107468 0.40785819
v -16.29740143 10.37107468 0.43447524
v 0.74079132 0.00000000 0.35095435
v -14.07502842 0.00000000 0.46157676
v -6.66711807 11.11186600 0.26115829
v -11.85265541 -11.85265541 0.42703277
v -14.07502842 0.74079132 0.26486427
v -15.55661011 9.63028336 0.49126655
v -13.33423710 0.00000000 0.42547446
v -13.33423710 0.74079132 0.23076469
v 11.85265732 -3.70395470 0.48211700
v -5.92632675 10.37107468 0.39827186
v -14.07502842 1.48158264 0.20663673
v 11.85265732 -2.96316338 0.43063194
v -5.92632675 11.11186600 0.17391998
v 11.85265732 -2.22237206 0.42560798
v -13.33423710 1.48158264 0.18067008
v 0.00000000 1.48158264 0.27750045
v -6.66711807 11.85265732 0.00543624
v -18.51977348 -8.88949203 0.51231223
v 0.74079132 1.48158264 0.43584281
v -12.59344673 0.00000000 0.39815170
v -12.59344673 0.74079132 0.23090011
v -5.92632675 11.85265732 0.04527694
v 0.00000000 2.22237206 0.38571197
v -19.26056480 -8.14870071 0.53857642
v -13.33423710 -5.92632675 0.40949851
v -14.81581879 9.63028336 0.44482833
v -19.26056480 -7.40790939 0.50490600
v -15.55661011 10.37107468 0.36641723
v 5.18553734 1.48158264 0.45723754
v -4.44474602 8.88949203 0.51553756
v -14.81581879 10.37107468 0.30497199
v -20.74214745 0.74079132 0.42969161
v -18.51977348 -8.14870071 0.50689918
v -20.74214745 1.48158264 0.45281631
v -2.96316338 2.96316338 0.24061996
v -20.74214745 2.22237206 0.51381141
v -2.96316338 8.14870071 0.47930175
v -11.85265541 0.00000000 0.34763557
v -20.00135612 0.74079132 0.40993720
v -14.81581879 14.07502747 0.47423011
v -11.85265541 0.74079132 0.22736198
v -12.59344673 1.48158264 0.14390785
v -2.22237206 0.74079132 0.23414451
v -3.70395470 8.88949203 0.44340926
v -14.07502842 14.07502747 0.41111785
v -18.51977348 -7.40790939 0.45348197
v -20.00135612 1.48158264 0.41884452
v -13.33423710 13.33423615 0.15225250
v -1.48158264 0.74079132 0.20384246
v -2.96316338 8.88949203 0.32333976
v -13.33423710 14.07502747 0.42391807
v -20.00135612 2.22237206 0.48537284
v -2.22237206 8.14870071 0.44622833
v -20.00135612 -6.66711807 0.51876289
v 2.22237206 7.40790939 0.51327163
v -12.59344673 13.33423615 0.17835075
v 11.85265732 1.48158264 0.47488242
v -11.85265541 1.48158264 0.13595039
v 2.96316338 7.40790939 0.21876365
v 5.92632675 1.48158264 0.30305320
v 2.96316338 8.14870071 0.40942031
v 11.85265732 2.22237206 0.44065887
v -12.59344673 14.07502747 0.50065833
v -2.22237206 8.88949203 0.20784599
v -14.07502842 2.22237206 0.21572143
v -1.48158264 8.88949203 0.32900077
v 11.85265732 2.96316338 0.44195205
v -11.85265541 13.33423615 0.20053130
v -13.33423710 2.22237206 0.18732482
v 2.96316338 5.92632675 0.28785354
v 5.92632675 2.22237206 0.40494949
v -11.85265541 14.07502747 0.52012664
v 3.70395470 5.92632675 0.22157699
v -11.85265541 11.85265732 0.09700614
v 2.96316338 5.18553734 0.48605567
v 2.96316338 6.66711807 0.18117362
v -13.33423710 -5.18553734 0.46774322
v 12.59344482 3.70395470 0.42799789
v -2.22237206 1.48158264 0.15684539
v -5.92632675 9.63028336 0.51351768
v 3.70395470 6.66711807 0.10101157
v -5.18553734 9.63028336 0.44301444
v -13.33423710 -4.44474602 0.52358085
v -11.11186409 11.85265732 0.07867843
v -4.44474602 9.63028336 0.33758003
v -12.59344673 -5.92632675 0.37498695
v 4.44474602 6.66711807 0.42342407
v -11.85265541 12.59344482 0.15232307
v 3.70395470 5.18553734 0.42628127
v -12.59344673 -5.18553734 0.45805579
v -11.85265541 -5.92632675 0.39785796
v 3.70395470 7.40790939 0.03751975
v -17.03819275 11.11186600 0.51956969
v -1.48158264 1.48158264 0.16602927
v -11.85265541 -5.18553734 0.48740798
v 6.66711807 1.48158264 0.30455428
v -0.74079132 0.74079132 0.21793967
v -12.59344673 -4.44474602 0.51906425
v 7.40790939 1.48158264 0.38481170
v 0.00000000 0.74079132 0.24294692
v -19.26056480 -6.66711807 0.41491920
v -16.29740143 11.11186600 0.36761886
v -5.18553734 10.37107468 0.25604278
v -0.74079132 1.48158264 0.21575195
v -20.00135612 -5.92632675 0.52173072
v 8.14870071 1.48158264 0.52624542
v -4.44474602 10.37107468 0.10004455
v -11.85265541 -0.74079132 0.49448425
v -2.22237206 2.22237206 0.16231757
v -19.26056480 -5.92632675 0.39556152
v -1.48158264 2.22237206 0.18884307
v 13.33423615 4.44474602 0.50643378
v 6.66711807 2.22237206 0.36162406
v -11.85265541 -11.11186409 0.28124076
v -18.51977348 -6.66711807 0.42309600
v -2.22237206 2.96316338 0.24420387
v -11.11186409 -11.11186409 0.31343490
v -11.11186409 12.59344482 0.18544990
v -18.51977348 -5.92632675 0.45927078
v -14.07502842 2.96316338 0.20711547
v -1.48158264 2.96316338 0.32012779
v -3.70395470 9.63028336 0.22260314
v -10.37107372 -11.11186409 0.50589019
v -10.37107372 11.85265732 0.06119949
v -14.81581879 -8.88949203 0.52089149
v 14.07502747 4.44474602 0.51404029
v -0.74079132 2.22237206 0.25819236
v -2.96316338 9.63028336 0.11413985
v -13.33423710 2.96316338 0.19151717
v 7.40790939 2.22237206 0.31988746
v -11.85265541 -10.37107372 0.23155433
v -0.74079132 2.96316338 0.42919189
v -12.59344673 2.22237206 0.12095290
v -3.70395470 10.37107468 0.08344489
v -11.11186409 -10.37107372 0.11298972
v -12.59344673 -10.37107372 0.43368751
v 8.14870071 2.22237206 0.34086066
v -10.37107372 -10.37107372 0.32073814
v 8.88949203 2.22237206 0.50036079
v -11.85265541 2.22237206 0.04594833
v -2.96316338 3.70395470 0.44098121
v -9.63028240 -10.37107372 0.47213393
v 8.14870071 2.96316338 0.39621192
v 8.88949203 2.96316338 0.36388618
v -2.22237206 3.70395470 0.45378715
v -8.88949203 -10.37107372 0.53337890
v 11.85265732 0.74079132 0.47096282
v 18.51977539 5.92632675 0.49014312
v -14.07502842 -9.63028240 0.40471107
v -11.85265541 -9.63028240 0.16342193
v -13.33423710 -9.63028240 0.14330703
v -8.14870071 8.88949203 0.47304374
v -14.07502842 -8.88949203 0.22143584
v -12.59344673 2.96316338 0.15251762
v -11.11186409 -9.63028240 0.15628082
v -13.33423710 -8.88949203 -0.11170548
v 8.88949203 3.70395470 0.38058311
v -11.85265541 2.96316338 0.06382209
v -10.37107372 -9.63028240 0.11796027
v -7.40790939 8.88949203 0.52338439
v 19.26056671 5.92632675 0.40945655
v -10.37107372 12.59344482 0.22049361
v -12.59344673 -9.63028240 0.02499419
v -14.81581879 3.70395470 0.38882858
v 20.00135422 5.18553734 0.38596946
v -11.85265541 9.63028336 0.46131736
v -11.11186409 9.63028336 0.49464637
v -14.81581879 4.44474602 0.46865112
v -2.96316338 10.37107468 0.25523788
v -10.37107372 9.63028336 0.51565391
v -17.03819275 11.85265732 0.42059547
v -11.85265541 10.37107468 0.29463035
v 4.44474602 7.40790939 0.18578178
v -11.11186409 13.33423615 0.24339515
v -11.11186409 10.37107468 0.33684379
v 11.85265732 9.63028336 0.37821227
v -5.18553734 11.11186600 0.05991775
v -14.07502842 3.70395470 0.22027045
v 5.18553734 7.40790939 0.49394065
v -16.29740143 11.85265732 0.23280364
v -11.85265541 -8.88949203 0.10697204
v -13.33423710 3.70395470 0.18559295
v -4.44474602 11.11186600 0.14983398
v -10.37107372 10.37107468 0.37774116
v 3.70395470 8.14870071 0.07174522
v 8.88949203 4.44474602 0.49786025
v -14.07502842 4.44474602 0.30011207
v -9.63028240 9.63028336 0.52467948
v -5.18553734 11.85265732 0.23946792
v -8.88949203 9.63028336 0.44825965
v -13.33423710 4.44474602 0.22645789
v 8.88949203 5.92632675 0.53413802
v -9.63028240 10.37107468 0.39463264
v -4.44474602 11.85265732 0.49804717
v 4.44474602 8.14870071 0.09630042
v -11.85265541 11.11186600 0.03088599
v -15.55661011 11.11186600 0.24992210
v 9.63028336 3.70395470 0.48173362
v 3.70395470 8.88949203 0.20082694
v 9.63028336 4.44474602 0.42884475
v -11.11186409 -8.88949203 0.24654609
v -12.59344673 3.70395470 0.16755134
v -10.37107372 13.33423615 0.31462699
v -14.81581879 11.11186600 0.15792876
v 12.59344482 9.63028336 0.46482688
v 9.63028336 5.18553734 0.41042548
v -15.55661011 11.85265732 0.06076843
v 12.59344482 10.37107468 0.51715881
v -14.81581879 11.85265732 -0.02249688
v 9.63028336 5.92632675 0.47742873
v 4.44474602 8.88949203 0.04870254
v -9.63028240 11.85265732 0.04385787
v -14.07502842 9.63028336 0.40213233
v -9.63028240 12.59344482 0.25490028
v 2.22237206 6.66711807 0.44486266
v -11.85265541 3.70395470 0.14300758
v -13.33423710 9.63028336 0.40472633
v -8.88949203 12.59344482 0.31803352
v -14.07502842 10.37107468 0.26576453
v -16.29740143 -7.40790939 0.52338058
v -9.63028240 13.33423615 0.39542800
v -11.11186409 11.11186600 0.06741935
v -13.33423710 10.37107468 0.25136024
v -3.70395470 11.11186600 0.40897781
v -12.59344673 9.63028336 0.42533332
v -10.37107372 11.11186600 0.12290031
v -12.59344673 4.44474602 0.19330245
v -8.88949203 13.33423615 0.52536231
v -11.85265541 4.44474602 0.19648772
v -9.63028240 11.11186600 0.16596252
v -12.59344673 10.37107468 0.25528175
v -14.07502842 5.18553734 0.48774940
v -14.07502842 11.11186600 0.07876235
v -13.33423710 5.18553734 0.43040115
v -8.14870071 9.63028336 0.40349609
v -13.33423710 11.11186600 0.00790626
v -7.40790939 9.63028336 0.43246299
v -12.59344673 5.18553734 0.38593131
v -8.14870071 12.59344482 0.32175285
v -6.66711807 9.63028336 0.50204498
v 5.18553734 8.14870071 0.19775802
v -14.07502842 11.85265732 -0.03116578
v -11.85265541 5.18553734 0.39380676
v -7.40790939 12.59344482 0.23694068
v -2.22237206 9.63028336 0.14111739
v 5.92632675 8.14870071 0.30382377
v -6.66711807 12.59344482 0.22650748
v 5.18553734 8.88949203 0.12341720
v -18.51977348 7.40790939 0.47470504
v -1.48158264 9.63028336 0.40330917
v -5.92632675 12.59344482 0.38607627
v -13.33423710 11.85265732 0.01738197
v -18.51977348 8.14870071 0.53491050
v 5.92632675 8.88949203 0.19934875
v -2.22237206 10.37107468 0.43823272
v -10.37107372 -8.88949203 0.10011894
v 3.70395470 9.63028336 0.51518661
v -12.59344673 11.11186600 0.01314956
v 4.44474602 9.63028336 0.22461540
v -12.59344673 11.85265732 0.09834892
v 0.74079132 0.74079132 0.33753806
v 5.18553734 9.63028336 0.07179290
v -9.63028240 -9.63028240 0.29846603
v 5.92632675 9.63028336 0.13837463
v -8.88949203 -9.63028240 0.41916686
v -17.77898407 12.59344482 0.48329192
v -11.11186409 0.00000000 0.28767234
v -9.63028240 -8.88949203 0.05879050
v -17.77898407 13.33423615 0.48903686
v 5.18553734 10.37107468 0.43642265
v -11.11186409 0.74079132 0.20472556
v -8.88949203 -8.88949203 0.11571532
v -10.37107372 0.00000000 0.26307899
v 5.92632675 10.37107468 0.40143996
v -10.37107372 0.74079132 0.17826301
v -11.11186409 1.48158264 0.13440925
v -17.03819275 12.59344482 0.31467277
v -10.37107372 1.48158264 0.14989501
v -8.14870071 -9.63028240 0.50117713
v 8.88949203 6.66711807 0.47252494
v -9.63028240 0.00000000 0.25155097
v -9.63028240 0.74079132 0.13900596
v -16.29740143 12.59344482 0.07372123
v -14.81581879 -8.14870071 0.50942832
v 8.14870071 7.40790939 0.43022567
v 8.88949203 7.40790939 0.44841033
v -17.03819275 13.33423615 0.37147361
v 6.66711807 8.14870071 0.34450370
v -15.55661011 -7.40790939 0.49440795
v 7.40790939 8.14870071 0.31724769
v -16.29740143 13.33423615 0.30790359
v -14.81581879 -7.40790939 0.48116714
v -16.29740143 -6.66711807 0.49106246
v 13.33423615 10.37107468 0.45042640
v -8.88949203 0.74079132 0.13228637
v 6.66711807 8.88949203 0.24181587
v -15.55661011 12.59344482 -0.01669091
v -15.55661011 -6.66711807 0.49378043
v -14.81581879 12.59344482 0.06356269
v 7.40790939 8.88949203 0.25157577
v -15.55661011 13.33423615 0.30610114
v -14.81581879 -6.66711807 0.50513679
v -9.63028240 1.48158264 0.13740379
v 14.07502747 10.37107468 0.43890792
v 8.14870071 8.14870071 0.31205779
v -14.07502842 -8.14870071 0.31220084
v -8.14870071 -8.88949203 0.24671203
v -8.88949203 1.48158264 0.10263854
v 14.81581879 10.37107468 0.36617690
v 8.88949203 8.14870071 0.41872817
v -13.33423710 -8.14870071 0.10926849
v -14.07502842 12.59344482 0.10208160
v -7.40790939 -8.88949203 0.40057212
v -11.11186409 2.22237206 0.06079513
v -14.07502842 -7.40790939 0.42933494
v 8.14870071 8.88949203 0.24171287
v -6.66711807 -9.63028240 0.52637130
v -13.33423710 -7.40790939 0.32758933
v -13.33423710 12.59344482 0.10717040
v 8.88949203 8.88949203 0.24554664
v -5.92632675 -9.63028240 0.48692733
v -12.59344673 -8.14870071 0.05325156
v -12.59344673 12.59344482 0.12678558
v 15.55661011 10.37107468 0.48066932
v -6.66711807 -8.88949203 0.46154433
v -11.85265541 -8.14870071 0.17972594
v -10.37107372 2.22237206 0.12501746
v -5.92632675 -8.88949203 0.38449317
v 9.63028336 8.88949203 0.31147033
v -11.11186409 -8.14870071 0.26454955
v -12.59344673 -7.40790939 0.23515731
v -11.11186409 2.96316338 0.08120567
v -11.85265541 -7.40790939 0.24223167
v 10.37107468 8.88949203 0.43902618
v -14.07502842 -6.66711807 0.46262580
v 19.26056671 10.37107468 0.29040939
v -10.37107372 2.96316338 0.12748367
v -13.33423710 -6.66711807 0.36364967
v -9.63028240 2.22237206 0.11196357
v -8.88949203 2.22237206 0.09976989
v -12.59344673 -6.66711807 0.28467971
v -9.63028240 2.96316338 0.09109908
v -11.85265541 -6.66711807 0.30503494
v -8.88949203 2.96316338 0.10356170
v -8.14870071 0.74079132 0.25032264
v 6.66711807 9.63028336 0.18419486
v -19.26056480 -5.18553734 0.48639327
v -7.40790939 0.74079132 0.51184493
v 7.40790939 9.63028336 0.22148544
v -8.14870071 1.48158264 0.13227683
v 6.66711807 10.37107468 0.43354636
v -7.40790939 1.48158264 0.36439353
v 7.40790939 10.37107468 0.50534660
v 8.14870071 9.63028336 0.33323127
v 8.88949203 9.63028336 0.49877959
v -8.14870071 2.22237206 0.11370498
v -7.40790939 2.22237206 0.29097015
v -8.14870071 2.96316338 0.15576965
v 10.37107468 9.63028336 0.47180969
v -7.40790939 2.96316338 0.32577926
v 11.11186600 9.63028336 0.40783721
v -10.37107372 -8.14870071 0.24290496
v -11.11186409 -7.40790939 0.30570823
v -10.37107372 -7.40790939 0.33735877
v -9.63028240 -8.14870071 0.19258338
v -8.88949203 -8.14870071 0.10245353
v -9.63028240 -7.40790939 0.33097488
v -8.88949203 -7.40790939 0.30777007
v -11.11186409 -6.66711807 0.38573295
v -10.37107372 -6.66711807 0.43493301
v -11.11186409 -5.92632675 0.48923522
v -10.37107372 -5.92632675 0.54054481
v -9.63028240 -6.66711807 0.44904739
v -8.88949203 -6.66711807 0.44932014
v -9.63028240 -5.92632675 0.50704032
v -8.88949203 -5.92632675 0.51252586
v 0.00000000 -7.40790939 0.41357833
v 0.74079132 -7.40790939 0.49080878
v 1.48158264 -7.40790939 0.52061301
v 2.96316338 -8.14870071 0.50564033
v 2.22237206 -7.40790939 0.40427810
v 2.96316338 -7.40790939 0.13233596
v 0.00000000 -6.66711807 0.31483680
v 0.74079132 -6.66711807 0.14262992
v 1.48158264 -6.66711807 0.11957389
v 2.22237206 -6.66711807 0.04355651
v 3.70395470 -8.14870071 0.23453552
v 4.44474602 -8.14870071 0.07354957
v 3.70395470 -7.40790939 -0.07454652
v 4.44474602 -7.40790939 -0.11379975
v 5.18553734 -8.14870071 0.18644935
v 5.18553734 -7.40790939 0.06407958
v 5.92632675 -7.40790939 0.47330695
v 4.44474602 -6.66711807 -0.00839776
v 5.18553734 -6.66711807 0.26988059
v -8.14870071 -8.14870071 0.03618270
v -7.40790939 -8.14870071 0.09200317
v -8.14870071 -7.40790939 0.29054862
v -7.40790939 -7.40790939 0.25455695
v -6.66711807 -8.14870071 0.23023254
v -5.92632675 -8.14870071 0.22912055
v -6.66711807 -7.40790939 0.25788718
v -5.92632675 -7.40790939 0.30828506
v -8.14870071 -6.66711807 0.46550971
v -7.40790939 -6.66711807 0.47713882
v -6.66711807 -6.66711807 0.47679359
v -5.92632675 -6.66711807 0.48186904
v -5.18553734 -9.63028240 0.45935661
v -5.18553734 -8.88949203 0.21473724
v -4.44474602 -8.88949203 0.25176269
v -3.70395470 -8.88949203 0.51290351
v -5.18553734 -8.14870071 0.15672523
v -4.44474602 -8.14870071 0.11414558
v -5.18553734 -7.40790939 0.39340812
v -4.44474602 -7.40790939 0.36725074
v -3.70395470 -8.14870071 0.18151313
v -2.96316338 -8.14870071 0.45688659
v -3.70395470 -7.40790939 0.17941505
v -2.96316338 -7.40790939 0.18091232
v -5.18553734 -6.66711807 0.48059303
v -4.44474602 -6.66711807 0.49984008
v -3.70395470 -6.66711807 0.45990211
v -2.96316338 -6.66711807 0.28313094
v -2.22237206 -7.40790939 0.40825301
v -1.48158264 -7.40790939 0.51856643
v -0.74079132 -7.40790939 0.39515525
v -2.22237206 -6.66711807 0.23117095
v -1.48158264 -6.66711807 0.26640731
v -0.74079132 -6.66711807 0.32244903
v -9.63028240 -5.18553734 0.50062019
v -8.88949203 -5.18553734 0.48978454
v -9.63028240 -4.44474602 0.52662879
v -8.88949203 -4.44474602 0.53678161
v -8.88949203 -3.70395470 0.53377944
v -8.14870071 -5.18553734 0.54068786
v -8.14870071 -3.70395470 0.54129630
v -11.11186409 -0.74079132 0.47198325
v -10.37107372 -0.74079132 0.49023849
v -9.63028240 -0.74079132 0.49362212
v -11.11186409 3.70395470 0.14930373
v -10.37107372 3.70395470 0.15171272
v -11.11186409 4.44474602 0.22795135
v -10.37107372 4.44474602 0.26088363
v -9.63028240 3.70395470 0.14577323
v -8.88949203 3.70395470 0.19544822
v -9.63028240 4.44474602 0.32461387
v -11.11186409 5.18553734 0.44977027
v -10.37107372 5.18553734 0.50910789
v -8.14870071 3.70395470 0.30993491
v -7.40790939 3.70395470 0.48877174
v 0.00000000 -17.03841972 0.54165298
v -19.26056480 -20.94305611 0.54165298
v 0.00000000 18.40339279 0.54165298
v 1.48158264 -17.03478241 0.54165298
v 2.96316338 -17.10749435 0.54165298
v -0.37928009 19.26056671 0.54165298
v 4.44474602 -17.22373009 0.54165298
v -0.70150185 20.74214554 0.54165298
v 5.92632675 -17.33729553 0.54165298
v -0.92090416 22.22372818 0.54165298
v -0.98993492 23.70531082 0.54165298
v 7.40790939 -17.41041565 0.54165298
v -19.66338539 -20.74214745 0.54165298
v -17.77898407 -21.59591675 0.54165298
v 8.88949203 -17.36987686 0.54165298
v -22.22372818 -19.51500511 0.54165298
v 10.37107468 -17.20228195 0.54165298
v -23.22976112 -19.26056480 0.54165298
v 11.85265732 -16.85243416 0.54165298
v 20.98869705 0.00000000 0.54165298
v -20.74214745 -20.19985580 0.54165298
v 22.22372818 0.57105064 0.54165298
v 13.22381210 -16.29740143 0.54165298
v 23.70531082 1.30141640 0.54165298
v 13.33423615 -16.23744583 0.54165298
v -23.70531082 -19.19268990 0.54165298
v 17.31106186 -11.85265541 0.54165298
v 14.81581879 -15.28774548 0.54165298
v 17.69158554 -10.37107372 0.54165298
v 15.35007477 -14.81581879 0.54165298
v 16.29740143 -13.73298740 0.54165298
v 17.77898407 -9.81788063 0.54165298
v -16.29740143 -22.05731201 0.54165298
v 17.77898407 -6.93658066 0.54165298
v -14.81581879 -22.21869659 0.54165298
v 16.57970047 -13.33423710 0.54165298
v 17.70122528 -5.92632675 0.54165298
v -13.33423710 -22.00916672 0.54165298
v 17.84600449 -8.88949203 0.54165298
v -11.85265541 -21.54571533 0.54165298
v 17.81259155 -7.40790939 0.54165298
v 17.66889572 -4.44474602 0.54165298
v -10.37107372 -20.94277382 0.54165298
v 17.77898407 -3.67066193 0.54165298
v -9.92929173 -20.74214745 0.54165298
v -8.88949203 -20.24822044 0.54165298
v 17.93068314 -2.96316338 0.54165298
v -7.40790939 -19.51264572 0.54165298
v -6.92945099 -19.26056480 0.54165298
v -5.92632675 -18.72533035 0.54165298
v -4.44474602 -17.98768997 0.54165298
v -3.97580719 -17.77898407 0.54165298
v -2.96316338 -17.41782951 0.54165298
v -1.48158264 -17.12490082 0.54165298
v 18.83686066 -1.48158264 0.54165298
v 19.26056671 -1.11959839 0.54165298
v 20.74214554 -0.15580177 0.54165298
v 1.48158264 16.86771393 0.54165298
v 0.46359253 17.77898407 0.54165298
v 2.96316338 16.79409409 0.54165298
v 5.92632675 16.11914825 0.54165298
v 5.03446388 16.29740143 0.54165298
v 4.44474602 16.42418671 0.54165298
v 7.40790939 15.92895508 0.54165298
v 8.88949203 15.80373001 0.54165298
v 10.37107468 15.75582886 0.54165298
v 11.85265732 15.81231308 0.54165298
v 13.33423615 15.70901489 0.54165298
v 14.81581879 15.50462341 0.54165298
v 16.29740143 15.18206787 0.54165298
v 17.77898407 14.83996201 0.54165298
v 19.26056671 14.51029587 0.54165298
v 17.86760330 14.81581879 0.54165298
v 20.74214554 14.35110855 0.54165298
v 22.22372818 14.08413315 0.54165298
v 23.70531082 14.00494766 0.54165298
v 1.48158264 17.77898407 0.50475341
v 17.77898407 -14.81581879 -0.24550217
v 20.74214554 -5.92632675 -0.28847474
v -23.70531082 -23.70531082 0.47785598
v 0.00000000 -23.70531082 -0.06148499
v 20.74214554 17.77898407 -0.58025712
v 22.22372818 -5.92632675 -0.51062173
v 22.22372818 17.77898407 -0.64409989
v -22.22372818 -23.70531082 0.48093063
v 20.74214554 19.26056671 -0.87497681
v 20.74214554 -4.44474602 -0.17209214
v 22.22372818 19.26056671 -0.93118066
v -23.70531082 -22.22372818 0.48639137
v 1.48158264 -23.70531082 -0.14240998
v 22.22372818 -4.44474602 -0.37084550
v 23.70531082 17.77898407 -0.66612786
v -22.22372818 -22.22372818 0.49000198
v 23.70531082 -5.92632675 -0.58581895
v 0.00000000 -22.22372818 -0.02683419
v -20.74214745 -23.70531082 0.48935729
v 1.48158264 -22.22372818 -0.10345238
v 17.77898407 20.74214554 -0.89856499
v 23.70531082 -4.44474602 -0.43937653
v 2.96316338 -23.70531082 -0.22065324
v 20.74214554 -2.96316338 -0.01358956
v 22.22372818 -2.96316338 -0.19437379
v 23.70531082 -2.96316338 -0.25873917
v -20.74214745 -22.22372818 0.49987441
v 2.96316338 -22.22372818 -0.17667359
v 19.26056671 -2.96316338 0.25416023
v 19.26056671 -1.48158264 0.47037345
v -23.70531082 -20.74214745 0.50793296
v 20.74214554 -1.48158264 0.24001342
v 0.00000000 -20.74214745 0.07019264
v 1.48158264 -20.74214745 0.00539809
v 22.22372818 -1.48158264 0.06361610
v 2.96316338 -20.74214745 -0.05391854
v 23.70531082 -1.48158264 -0.00400513
v -22.22372818 -20.74214745 0.51316291
v 0.00000000 19.26056671 0.51644164
v 22.22372818 0.00000000 0.37366706
v 4.44474602 -23.70531082 -0.29801339
v -20.74214745 -20.74214745 0.52758628
v 23.70531082 0.00000000 0.29394370
v 4.44474602 -22.22372818 -0.24857873
v -19.26056480 -23.70531082 0.50092345
v 5.92632675 -23.70531082 -0.37753266
v -19.26056480 -22.22372818 0.51350051
v 0.00000000 20.74214554 0.48533088
v 5.92632675 -22.22372818 -0.32266396
v -17.77898407 -23.70531082 0.51256591
v 0.00000000 22.22372818 0.46103126
v 4.44474602 -20.74214745 -0.11043900
v 0.00000000 23.70531082 0.45278007
v 5.92632675 -20.74214745 -0.16874856
v -17.77898407 -22.22372818 0.52736121
v 0.00000000 -19.26056480 0.22887260
v 1.48158264 -19.26056480 0.18557006
v -23.70531082 -19.26056480 0.54009467
v 2.96316338 -19.26056480 0.15106422
v 0.00000000 -17.77898407 0.42760307
v 1.48158264 -17.77898407 0.41264373
v -16.29740143 -23.70531082 0.52087432
v 2.96316338 -17.77898407 0.40926009
v -16.29740143 -22.22372818 0.53785163
v 4.44474602 -19.26056480 0.12222701
v -14.81581879 -23.70531082 0.52252799
v 5.92632675 -19.26056480 0.09326202
v 4.44474602 -17.77898407 0.41662055
v 5.92632675 -17.77898407 0.42937690
v -14.81581879 -22.22372818 0.54153091
v 7.40790939 -23.70531082 -0.46309060
v -13.33423710 -23.70531082 0.51451522
v 7.40790939 -22.22372818 -0.40348023
v -13.33423710 -22.22372818 0.53538162
v 8.88949203 -23.70531082 -0.55870026
v -11.85265541 -23.70531082 0.49429160
v -11.85265541 -22.22372818 0.51687652
v 8.88949203 -22.22372818 -0.49588746
v 7.40790939 -20.74214745 -0.23529786
v 8.88949203 -20.74214745 -0.31751031
v -10.37107372 -23.70531082 0.46011955
v 10.37107468 -23.70531082 -0.66754693
v -10.37107372 -22.22372818 0.48415595
v 10.37107468 -22.22372818 -0.60388726
v -8.88949203 -23.70531082 0.41140395
v 11.85265732 -23.70531082 -0.79092377
v -8.88949203 -22.22372818 0.43652755
v -8.88949203 -20.74214745 0.50899345
v 11.85265732 -22.22372818 -0.72928208
v -7.40790939 -23.70531082 0.34902984
v 10.37107468 -20.74214745 -0.42207116
v 11.85265732 -20.74214745 -0.55259293
v -7.40790939 -22.22372818 0.37487632
v 7.40790939 -19.26056480 0.05485564
v 8.88949203 -19.26056480 -0.00570458
v -5.92632675 -23.70531082 0.27536803
v 7.40790939 -17.77898407 0.43321449
v -5.92632675 -22.22372818 0.30180579
v 8.88949203 -17.77898407 0.41122276
v -7.40790939 -20.74214745 0.44935447
v 10.37107468 -19.26056480 -0.10030144
v -5.92632675 -20.74214745 0.37752563
v 11.85265732 -19.26056480 -0.23710793
v 10.37107468 -17.77898407 0.33793098
v 11.85265732 -17.77898407 0.19996101
v -5.92632675 -19.26056480 0.49370414
v -4.44474602 -23.70531082 0.19388229
v -4.44474602 -22.22372818 0.22117454
v -2.96316338 -23.70531082 0.10843879
v -2.96316338 -22.22372818 0.13724357
v 13.33423615 -23.70531082 -0.92739266
v -4.44474602 -20.74214745 0.29870254
v -2.96316338 -20.74214745 0.21850997
v 13.33423615 -22.22372818 -0.87062806
v -1.48158264 -23.70531082 0.02249748
v 13.33423615 -20.74214745 -0.70779580
v 14.81581879 -20.74214745 -0.88071603
v -1.48158264 -22.22372818 0.05373412
v -1.48158264 -20.74214745 0.14146835
v 13.33423615 -19.26056480 -0.41578454
v 14.81581879 -19.26056480 -0.62643784
v -4.44474602 -19.26056480 0.41883498
v 13.33423615 -17.77898407 -0.00679559
v -2.96316338 -19.26056480 0.34650260
v 14.81581879 -17.77898407 -0.27056473
v -2.96316338 -17.77898407 0.50127059
v -1.48158264 -19.26056480 0.28241378
v 16.29740143 -19.26056480 -0.85087746
v -1.48158264 -17.77898407 0.45655471
v 16.29740143 -17.77898407 -0.56192559
v 17.77898407 -17.77898407 -0.84592980
v 13.33423615 -16.29740143 0.52033645
v 14.81581879 -16.29740143 0.20030051
v 16.29740143 -16.29740143 -0.18097657
v 17.77898407 -16.29740143 -0.55763215
v 16.29740143 -14.81581879 0.23751861
v 17.77898407 -13.33423710 0.07899123
v 17.77898407 -11.85265541 0.33200675
v 19.26056671 -16.29740143 -0.88140458
v 19.26056671 -14.81581879 -0.65913171
v 19.26056671 -13.33423710 -0.42716378
v 20.74214554 -13.33423710 -0.79568452
v 19.26056671 -11.85265541 -0.23947686
v 20.74214554 -11.85265541 -0.65560693
v 22.22372818 -11.85265541 -0.90131730
v 17.77898407 -10.37107372 0.50871497
v 17.77898407 -5.92632675 0.52023345
v 19.26056671 -10.37107372 -0.09121102
v 20.74214554 -10.37107372 -0.52960557
v 19.26056671 -8.88949203 -0.01400536
v 20.74214554 -8.88949203 -0.44421166
v 22.22372818 -10.37107372 -0.79003495
v 23.70531082 -10.37107372 -0.87584084
v 22.22372818 -8.88949203 -0.70283669
v 23.70531082 -8.88949203 -0.78849953
v 19.26056671 -7.40790939 0.03776389
v 20.74214554 -7.40790939 -0.36123627
v 19.26056671 -5.92632675 0.06621963
v 22.22372818 -7.40790939 -0.60581940
v 23.70531082 -7.40790939 -0.68763512
v 17.77898407 -4.44474602 0.52053100
v 19.26056671 -4.44474602 0.13632041
v 2.96316338 17.77898407 0.44809180
v 5.92632675 16.29740143 0.52348548
v 4.44474602 17.77898407 0.39703399
v 5.92632675 17.77898407 0.33839446
v 7.40790939 16.29740143 0.49589950
v 8.88949203 16.29740143 0.47274429
v 7.40790939 17.77898407 0.27901679
v 8.88949203 17.77898407 0.21807319
v 10.37107468 16.29740143 0.45200950
v 11.85265732 16.29740143 0.42666847
v 10.37107468 17.77898407 0.15419036
v 11.85265732 17.77898407 0.08332473
v 1.48158264 19.26056671 0.42645293
v 2.96316338 19.26056671 0.34466964
v 1.48158264 20.74214554 0.37251693
v 2.96316338 20.74214554 0.26529342
v 4.44474602 19.26056671 0.26239234
v 5.92632675 19.26056671 0.17855865
v 4.44474602 20.74214554 0.16054374
v 5.92632675 20.74214554 0.05507499
v 1.48158264 22.22372818 0.33572036
v 2.96316338 22.22372818 0.21485168
v 1.48158264 23.70531082 0.32334739
v 2.96316338 23.70531082 0.19776374
v 4.44474602 22.22372818 0.09637481
v 5.92632675 22.22372818 -0.02184647
v 4.44474602 23.70531082 0.07456619
v 5.92632675 23.70531082 -0.04818505
v 7.40790939 19.26056671 0.09149963
v 8.88949203 19.26056671 0.00126106
v 7.40790939 20.74214554 -0.05271691
v 8.88949203 20.74214554 -0.16398209
v 10.37107468 19.26056671 -0.09359711
v 11.85265732 19.26056671 -0.19538468
v 10.37107468 20.74214554 -0.27955979
v 11.85265732 20.74214554 -0.40007371
v 7.40790939 22.22372818 -0.14163941
v 8.88949203 22.22372818 -0.26421136
v 7.40790939 23.70531082 -0.17222184
v 8.88949203 23.70531082 -0.29877442
v 10.37107468 22.22372818 -0.39015549
v 11.85265732 22.22372818 -0.51928681
v 10.37107468 23.70531082 -0.42832917
v 11.85265732 23.70531082 -0.56046265
v 13.33423615 16.29740143 0.39024383
v 14.81581879 16.29740143 0.31192046
v 13.33423615 17.77898407 -0.00260895
v 14.81581879 17.77898407 -0.10750932
v 16.29740143 16.29740143 0.20042449
v 17.77898407 16.29740143 0.06481391
v 16.29740143 17.77898407 -0.23088616
v 17.77898407 17.77898407 -0.36086053
v 19.26056671 14.81581879 0.42486221
v 20.74214554 14.81581879 0.33214217
v 22.22372818 14.81581879 0.26592857
v 23.70531082 14.81581879 0.22236472
v 19.26056671 16.29740143 -0.06174248
v 20.74214554 16.29740143 -0.16592568
v 19.26056671 17.77898407 -0.48230141
v 22.22372818 16.29740143 -0.23588723
v 23.70531082 16.29740143 -0.26089257
v 13.33423615 19.26056671 -0.30624932
v 14.81581879 19.26056671 -0.42656296
v 13.33423615 20.74214554 -0.52531022
v 14.81581879 20.74214554 -0.65333909
v 16.29740143 19.26056671 -0.55254334
v 17.77898407 19.26056671 -0.67624444
v 16.29740143 20.74214554 -0.77990502
v 13.33423615 22.22372818 -0.65034455
v 14.81581879 22.22372818 -0.78062981
v 13.33423615 23.70531082 -0.69359559
v 14.81581879 23.70531082 -0.82480592
v 16.29740143 22.22372818 -0.90587777
v 19.26056671 19.26056671 -0.78719682
v 14.54170227 -13.33423710 1.28244424
v 12.59344482 -11.47918701 1.28244424
v 5.92632675 -14.20309544 1.28244424
v 5.71833038 -14.07502842 1.28244424
v 5.18553734 -13.79916477 1.28244424
v -13.33423710 16.22936630 1.28244424
v 14.68949509 0.00000000 1.28244424
v 4.48145103 -13.33423710 1.28244424
v 5.24815559 5.92632675 1.28244424
v 4.44474602 -13.30769634 1.28244424
v 14.69008255 0.74079132 1.28244424
v 4.14790535 -12.59344673 1.28244424
v 11.90638351 -11.11186409 1.28244424
v 14.81581879 -13.06616592 1.28244424
v 5.92632675 6.65276337 1.28244424
v 13.33423615 -11.42907906 1.28244424
v 4.29432297 -11.85265541 1.28244424
v 15.19428635 -12.59344673 1.28244424
v 6.66711807 -14.62234020 1.28244424
v 15.55661011 -11.97475338 1.28244424
v 5.95651627 6.66711807 1.28244424
v -13.77776623 16.29740143 1.28244424
v 7.15506554 -14.81581879 1.28244424
v 15.61064529 -11.85265541 1.28244424
v 17.03819275 11.80040359 1.28244424
v 7.40790939 6.30174255 1.28244424
v -12.59344673 16.16065216 1.28244424
v 7.79244614 -7.40790939 1.28244424
v 6.90290260 6.66711807 1.28244424
v -11.85265541 16.09040833 1.28244424
v 16.74810791 11.85265732 1.28244424
v 6.66711807 -12.54368114 1.28244424
v 6.66711807 6.73670578 1.28244424
v 6.25173569 -11.85265541 1.28244424
v 4.44474602 -11.44786167 1.28244424
v 8.14870071 -7.06563377 1.28244424
v 7.68367958 5.92632675 1.28244424
v 7.40790939 -12.47985172 1.28244424
v 11.85265732 -11.05561352 1.28244424
v 5.01705933 -11.11186409 1.28244424
v 17.77898407 11.73152542 1.28244424
v -11.11186409 16.10834503 1.28244424
v 8.57579041 -6.66711807 1.28244424
v 13.65256119 -11.11186409 1.28244424
v 8.14870071 -12.20066261 1.28244424
v 5.18553734 -10.98251343 1.28244424
v 8.88949203 -6.38455963 1.28244424
v -10.37107372 16.15383911 1.28244424
v 13.82373428 -10.37107372 1.28244424
v -9.77027130 16.29740143 1.28244424
v 5.45952606 -10.37107372 1.28244424
v 8.71612167 -11.85265541 1.28244424
v 10.37107468 -7.95163155 1.28244424
v 20.74214554 5.97816849 1.28244424
v 10.09780884 -7.40790939 1.28244424
v 13.72621536 -9.63028240 1.28244424
v 15.55661011 12.49636078 1.28244424
v 10.82199478 -8.88949203 1.28244424
v 20.31022644 6.66711807 1.28244424
v 5.92632675 -10.00918674 1.28244424
v 13.59170914 -8.88949203 1.28244424
v 10.46403503 -8.14870071 1.28244424
v 20.00135422 7.04029465 1.28244424
v 15.87203598 -11.11186409 1.28244424
v 9.88061523 -6.66711807 1.28244424
v 6.66711807 -11.13195896 1.28244424
v 19.54569244 7.40790939 1.28244424
v 16.01680374 -10.37107372 1.28244424
v 15.30265427 12.59344482 1.28244424
v 6.72596550 -11.11186409 1.28244424
v 9.02244186 -5.92632675 1.28244424
v 16.01965332 -9.63028240 1.28244424
v 9.79970169 -5.92632675 1.28244424
v 16.29740143 12.46504974 1.28244424
v 7.40790939 -10.83479691 1.28244424
v 19.26056671 7.56086349 1.28244424
v 15.96949005 -8.88949203 1.28244424
v 14.81581879 0.97595024 1.28244424
v 18.70882797 8.14870071 1.28244424
v 13.33423615 -7.93774891 1.28244424
v 15.55661011 12.59640503 1.28244424
v 13.26284409 -7.40790939 1.28244424
v 8.88949203 -11.68517494 1.28244424
v 16.29740143 12.60087585 1.28244424
v 13.38116455 -8.14870071 1.28244424
v 8.14870071 -10.75238228 1.28244424
v 15.08988190 0.00000000 1.28244424
v 19.26056671 8.70057678 1.28244424
v 9.63028336 -5.43067932 1.28244424
v 8.88949203 -10.89746284 1.28244424
v 17.03819275 11.94700241 1.28244424
v 13.19757843 -6.66711807 1.28244424
v 16.30782700 12.59344482 1.28244424
v 15.55661011 0.05774498 1.28244424
v 13.27518082 -5.92632675 1.28244424
v 17.77898407 11.93908691 1.28244424
v 15.85323334 -8.14870071 1.28244424
v 15.70979691 -7.40790939 1.28244424
v 18.51977539 11.91843796 1.28244424
v 15.55661011 -6.83582306 1.28244424
v 18.69577026 11.85265732 1.28244424
v 15.51454544 -6.66711807 1.28244424
v 20.00135422 12.25856781 1.28244424
v 15.29970169 -5.92632675 1.28244424
v 19.70578766 12.59344482 1.28244424
v 13.33423615 -5.72822189 1.28244424
v 20.44366074 11.85265732 1.28244424
v 20.00135422 12.91122055 1.28244424
v 13.57584381 -5.18553734 1.28244424
v 20.74214554 12.93494034 1.28244424
v 13.68351364 -4.44474602 1.28244424
v 14.81581879 -4.74920464 1.28244424
v 14.08457947 -4.44474602 1.28244424
v 22.20436859 11.85265732 1.28244424
v 21.73297119 12.59344482 1.28244424
v 13.53368378 -3.70395470 1.28244424
v 21.48293686 12.75541687 1.28244424
v 15.89527512 0.74079132 1.28244424
v 14.74705124 -3.70395470 1.28244424
v 19.48203278 8.88949203 1.28244424
v 15.52029419 1.48158264 1.28244424
v 13.41542435 -2.96316338 1.28244424
v 15.63389587 1.48158264 1.28244424
v 14.81581879 -3.07008362 1.28244424
v 20.78283310 5.92632675 1.28244424
v 15.09515762 -5.18553734 1.28244424
v 22.36296844 5.92632675 1.28244424
v 17.77898407 1.43786240 1.28244424
v 13.46102142 -2.22237206 1.28244424
v 22.48311234 6.66711807 1.28244424
v 22.67306137 7.40790939 1.28244424
v 13.89015579 -1.48158264 1.28244424
v 17.70416641 1.48158264 1.28244424
v 22.95325470 8.14870071 1.28244424
v 14.07502747 -1.19375038 1.28244424
v 15.55661011 1.49334335 1.28244424
v 22.96451950 8.17555428 1.28244424
v 14.53704071 -0.74079132 1.28244424
v 17.03819275 2.07926941 1.28244424
v 14.87519455 -2.96316338 1.28244424
v 16.86488342 2.22237206 1.28244424
v 14.92860794 -2.22237206 1.28244424
v 23.53590012 8.88949203 1.28244424
v 15.08607101 -1.48158264 1.28244424
v 15.44785690 -0.74079132 1.28244424
v 17.03819275 2.38300323 1.28244424
v 17.57500839 2.96316338 1.28244424
v 20.00135422 9.05965424 1.28244424
v 20.74214554 9.36185837 1.28244424
v 18.51977539 11.80736923 1.28244424
v 17.77898407 3.34519386 1.28244424
v 20.74214554 11.75761414 1.28244424
v 21.01933289 9.63028336 1.28244424
v 18.51977539 1.47124481 1.28244424
v 21.45809555 10.37107468 1.28244424
v 21.42136002 11.11186600 1.28244424
v 22.22372818 11.79282379 1.28244424
v 18.58401108 1.48158264 1.28244424
v 19.26056671 1.60901070 1.28244424
v 20.00135422 1.75917244 1.28244424
v 20.74214554 2.04690742 1.28244424
v 21.01543808 2.22237206 1.28244424
v 21.48293686 2.69666290 1.28244424
v 21.59313202 2.96316338 1.28244424
v 18.02478027 3.70395470 1.28244424
v 19.26056671 3.45484924 1.28244424
v 19.00777817 3.70395470 1.28244424
v 18.51977539 3.90958023 1.28244424
v 20.00135422 3.27525902 1.28244424
v 20.69280243 3.70395470 1.28244424
v 20.74214554 3.75945282 1.28244424
v 21.85547638 3.70395470 1.28244424
v 21.27854538 4.44474602 1.28244424
v 21.76209259 4.44474602 1.28244424
v 21.15658188 5.18553734 1.28244424
v 22.22372818 4.69178772 1.28244424
v 22.28115845 5.18553734 1.28244424
v 4.44474602 3.70014572 1.28244424
v 4.44259453 3.70395470 1.28244424
v 4.44474602 4.26371002 1.28244424
v 5.18553734 3.33845329 1.28244424
v 5.92632675 3.36416054 1.28244424
v 4.54276466 4.44474602 1.28244424
v 4.94657707 5.18553734 1.28244424
v 5.18553734 5.79729462 1.28244424
v 6.66711807 3.51162529 1.28244424
v 7.07439232 3.70395470 1.28244424
v 7.40790939 3.98796463 1.28244424
v 7.70942116 4.44474602 1.28244424
v 7.89187431 5.18553734 1.28244424
v 6.56959724 -9.63028240 1.28244424
v 6.66711807 -9.54784012 1.28244424
v 7.14347458 -8.88949203 1.28244424
v 9.16413879 -11.11186409 1.28244424
v 10.37107468 -11.44872189 1.28244424
v 9.82919312 -11.11186409 1.28244424
v 10.37107468 -10.96984386 1.28244424
v 10.90854645 -11.11186409 1.28244424
v 11.33059311 -10.37107372 1.28244424
v 11.13279724 -9.63028240 1.28244424
v 11.11186600 -9.54607677 1.28244424
v 7.38303947 -8.14870071 1.28244424
v 7.40790939 -8.04748726 1.28244424
v -19.26056480 0.00000000 0.58033401
v -19.26056480 7.40790939 0.59865409
v -19.26056480 -11.85265541 0.66731673
v -19.26056480 -16.29740143 0.70536071
v -8.88949203 -2.96316338 0.59343559
v -20.74214745 -2.96316338 0.63047057
v -18.51977348 -11.85265541 0.59250289
v -8.14870071 -5.92632675 0.54275161
v -19.26056480 -11.11186409 0.62211829
v -8.14870071 -2.96316338 0.57797080
v -20.00135612 -2.96316338 0.62348777
v -18.51977348 -11.11186409 0.54686767
v -8.88949203 -2.22237206 0.67786056
v -17.77898407 -11.11186409 0.55411750
v -19.26056480 8.14870071 0.68133956
v -20.74214745 -2.22237206 0.63232261
v -19.26056480 -10.37107372 0.58648330
v -8.14870071 -2.22237206 0.68013221
v -20.00135612 -2.22237206 0.62446624
v -17.77898407 -10.37107372 0.56504852
v -7.40790939 -2.96316338 0.59724456
v -19.26056480 -2.96316338 0.59523803
v -7.40790939 -2.22237206 0.69452316
v -19.26056480 8.88949203 0.77296096
v -20.74214745 -10.37107372 0.61943656
v -19.26056480 -2.22237206 0.59490615
v -20.00135612 -10.37107372 0.60941726
v -11.85265541 5.92632675 0.62238914
v -8.88949203 -1.48158264 0.65458137
v 14.81581879 -13.33423710 1.20853639
v -18.51977348 -16.29740143 0.72122413
v -18.51977348 8.88949203 0.66205055
v -20.74214745 -9.63028240 0.60940963
v 7.40790939 -7.40790939 1.23962045
v -19.26056480 -15.55661011 0.71899253
v -17.77898407 8.88949203 0.56359512
v -20.00135612 -9.63028240 0.58399040
v -18.51977348 -15.55661011 0.74437362
v -20.74214745 -8.88949203 0.61204940
v -22.22372818 8.88949203 0.71494323
v 15.55661011 -13.33423710 0.94719726
v -17.77898407 -16.29740143 0.74088317
v -20.00135612 -8.88949203 0.58364326
v -19.26056480 0.74079132 0.57619888
v -8.14870071 -1.48158264 0.70548087
v 7.40790939 -6.66711807 1.18170571
v 8.14870071 -6.66711807 1.25148416
v -7.40790939 -1.48158264 0.73686630
v -17.77898407 -15.55661011 0.77212745
v -19.26056480 -14.81581879 0.72636825
v 7.40790939 -5.92632675 1.14697099
v -18.51977348 -14.81581879 0.74157172
v -6.66711807 -2.96316338 0.63582832
v -6.66711807 -2.22237206 0.71349746
v -17.77898407 -14.81581879 0.74804717
v 8.14870071 -5.92632675 1.18990350
v -17.77898407 -9.63028240 0.57014686
v -19.26056480 1.48158264 0.57450897
v -5.92632675 -2.96316338 0.71648628
v -20.74214745 -14.81581879 0.68821174
v -17.77898407 -8.88949203 0.60800010
v -7.40790939 -5.92632675 0.54772598
v -5.92632675 -2.22237206 0.74248916
v 8.88949203 -5.92632675 1.25313020
v -22.22372818 -7.40790939 0.63598472
v -20.00135612 -14.81581879 0.71486884
v -18.51977348 0.00000000 0.59554321
v -21.48293686 -7.40790939 0.62795287
v 15.55661011 -12.59344673 1.14539933
v 10.37107468 -7.40790939 1.21924043
v -20.74214745 -1.48158264 0.57641441
v -18.51977348 0.74079132 0.59252959
v -21.48293686 8.88949203 0.72012550
v -6.66711807 -1.48158264 0.74868995
v 16.29740143 -13.33423710 0.64322883
v -22.22372818 9.63028336 0.72074348
v -20.00135612 -1.48158264 0.58767921
v -22.22372818 -6.66711807 0.63751251
v -5.92632675 -1.48158264 0.75731117
v -21.48293686 9.63028336 0.72456199
v -21.48293686 -6.66711807 0.62829429
v -19.26056480 -1.48158264 0.59910613
v 16.29740143 -12.59344673 0.83060676
v -17.77898407 0.00000000 0.59187728
v -8.88949203 -0.74079132 0.54649383
v -20.74214745 -7.40790939 0.60564834
v -8.14870071 -0.74079132 0.65471679
v -17.77898407 0.74079132 0.59320861
v -20.74214745 8.88949203 0.73729736
v -18.51977348 1.48158264 0.60238105
v -18.51977348 -2.96316338 0.57887298
v 11.11186600 -8.88949203 1.19058824
v -18.51977348 -2.22237206 0.57787162
v 16.29740143 -11.85265541 0.96707755
v -20.74214745 9.63028336 0.74064094
v -6.66711807 -5.92632675 0.54885131
v -17.77898407 -2.96316338 0.58208305
v -17.77898407 -2.22237206 0.58444244
v -7.40790939 -0.74079132 0.68838722
v -18.51977348 -1.48158264 0.58694679
v 0.00000000 -11.85265541 1.13136506
v -17.77898407 -1.48158264 0.58935767
v -5.92632675 -5.92632675 0.54461509
v 0.74079132 -11.85265541 1.14718270
v -19.26056480 -0.74079132 0.58965904
v -7.40790939 0.00000000 0.57634956
v 0.00000000 -11.11186409 1.12388635
v -20.74214745 -14.07502842 0.69102126
v -18.51977348 -0.74079132 0.59510833
v -17.77898407 1.48158264 0.60038978
v -20.00135612 -14.07502842 0.72698432
v -5.92632675 -11.85265541 0.94924766
v -19.26056480 -14.07502842 0.73923904
v -17.77898407 -0.74079132 0.58918792
v -6.66711807 -0.74079132 0.71536285
v -19.26056480 2.22237206 0.58857757
v -20.74214745 -13.33423710 0.68509322
v 11.11186600 -8.14870071 1.05103135
v -5.18553734 -11.85265541 0.98694640
v -20.00135612 -13.33423710 0.72513610
v -20.74214745 2.96316338 0.62160522
v -5.92632675 -0.74079132 0.76259834
v -6.66711807 0.00000000 0.66088516
v -19.26056480 -13.33423710 0.73434478
v -22.22372818 10.37107468 0.72684509
v -5.92632675 0.00000000 0.76608497
v -21.48293686 10.37107468 0.72687942
v -5.92632675 -11.11186409 0.74757606
v -5.92632675 -5.18553734 0.62351829
v -20.74214745 10.37107468 0.73531181
v -5.18553734 -5.18553734 0.59248000
v 0.74079132 -11.11186409 1.13958573
v -18.51977348 -14.07502842 0.73351890
v -5.18553734 -11.11186409 0.83483344
v -22.22372818 11.11186600 0.72983009
v -17.77898407 -14.07502842 0.68058997
v -11.11186409 5.92632675 0.63580543
v -4.44474602 -11.85265541 1.02087998
v 1.48158264 -11.85265541 1.15217042
v -20.00135612 2.96316338 0.59092170
v -21.48293686 11.11186600 0.72750312
v -18.51977348 -13.33423710 0.70359069
v -10.37107372 5.92632675 0.64435226
v 1.48158264 -11.11186409 1.14996362
v -19.26056480 2.96316338 0.61432105
v 0.00000000 -10.37107372 1.09485841
v -20.74214745 11.11186600 0.73125297
v -17.77898407 -13.33423710 0.58341056
v -18.51977348 2.22237206 0.61577064
v -4.44474602 -11.11186409 0.95038444
v -9.63028240 5.18553734 0.56017333
v 0.74079132 -10.37107372 1.07003808
v -17.77898407 2.22237206 0.61783248
v -5.92632675 -10.37107372 0.55435210
v -20.74214745 -12.59344673 0.67428619
v -18.51977348 2.96316338 0.62358505
v 1.48158264 -10.37107372 1.05527520
v -5.18553734 -10.37107372 0.60920554
v -17.77898407 2.96316338 0.62826186
v -20.00135612 -12.59344673 0.70929366
v -22.22372818 11.85265732 0.73249656
v 2.22237206 -11.85265541 1.15614343
v -19.26056480 -12.59344673 0.71083099
v -4.44474602 -10.37107372 0.76517516
v 7.40790939 -1.48158264 1.03484178
v -8.88949203 5.18553734 0.63015205
v -3.70395470 -11.85265541 1.04863763
v -3.70395470 -11.11186409 1.03347230
v 8.14870071 -1.48158264 1.09951234
v -9.63028240 5.92632675 0.65091544
v -21.48293686 11.85265732 0.72267944
v 7.40790939 -0.74079132 0.91376334
v -20.74214745 11.85265732 0.71974593
v -2.96316338 -11.85265541 1.06153512
v 2.22237206 -11.11186409 1.15664124
v 8.14870071 -0.74079132 0.94456893
v -20.00135612 8.88949203 0.77408248
v -2.96316338 -11.11186409 1.07249665
v -20.00135612 9.63028336 0.77070075
v -20.74214745 -11.85265541 0.65696937
v 2.96316338 -11.85265541 1.14989877
v -23.70531082 2.96316338 0.74396926
v 11.85265732 -8.88949203 0.74115211
v -3.70395470 -10.37107372 0.96331626
v -10.37107372 8.88949203 0.59815627
v -20.00135612 -11.85265541 0.68121177
v -2.96316338 -10.37107372 1.05695367
v -18.51977348 -12.59344673 0.65598327
v 2.96316338 -11.11186409 1.13859963
v -4.44474602 -9.63028240 0.56787711
v -17.77898407 -12.59344673 0.55457908
v -8.88949203 5.92632675 0.66698104
v 2.22237206 -10.37107372 1.09275270
v -3.70395470 -9.63028240 0.80907279
v -2.96316338 -9.63028240 0.97029334
v 2.96316338 -10.37107372 1.13466287
v -2.96316338 -8.88949203 0.77731544
v -9.63028240 8.88949203 0.61213332
v 0.00000000 -9.63028240 0.95101196
v -19.26056480 9.63028336 0.78684074
v -8.14870071 4.44474602 0.56332427
v -17.03819275 -16.29740143 0.75990325
v -8.88949203 8.88949203 0.54566222
v -20.00135612 10.37107468 0.76310378
v -22.96451950 2.96316338 0.75354606
v -19.26056480 10.37107468 0.76634818
v -2.22237206 -11.85265541 1.06770730
v -23.70531082 3.70395470 0.74588233
v -2.22237206 -11.11186409 1.08295083
v -18.51977348 9.63028336 0.71807700
v 8.88949203 -1.48158264 1.10671639
v -17.03819275 -15.55661011 0.78768569
v -20.74214745 -6.66711807 0.58289176
v -6.66711807 8.88949203 0.60285026
v -1.48158264 -11.85265541 1.08441186
v 11.85265732 -8.14870071 0.67842704
v -16.29740143 -16.29740143 0.77646285
v -22.96451950 3.70395470 0.75009376
v -5.92632675 8.88949203 0.59012824
v -1.48158264 -11.11186409 1.09388566
v 8.88949203 -0.74079132 0.99432212
v -2.22237206 -10.37107372 1.08428597
v -17.77898407 9.63028336 0.65470344
v 0.74079132 -9.63028240 0.83214408
v 7.40790939 0.00000000 0.81178886
v 11.11186600 -7.40790939 0.88342506
v 8.14870071 0.00000000 0.84583122
v -22.22372818 2.96316338 0.73404914
v 11.85265732 -7.40790939 0.55037719
v -5.92632675 5.92632675 0.69596130
v 1.48158264 -9.63028240 0.79443389
v -18.51977348 10.37107468 0.71732169
v -22.22372818 3.70395470 0.73304588
v -5.18553734 5.92632675 0.69802314
v -23.70531082 4.44474602 0.76665336
v 10.37107468 -6.66711807 1.16994309
v 8.88949203 0.00000000 0.88096076
v -17.77898407 10.37107468 0.67543632
v -5.92632675 6.66711807 0.68801528
v -16.29740143 -15.55661011 0.81005889
v 10.37107468 -5.92632675 1.19384599
v -5.18553734 6.66711807 0.68972617
v -20.00135612 11.11186600 0.75375396
v -22.96451950 4.44474602 0.77718192
v 11.11186600 -6.66711807 0.80925399
v -17.03819275 -14.81581879 0.74786979
v 8.88949203 -2.96316338 1.20926118
v -1.48158264 -10.37107372 1.09884477
v -22.22372818 4.44474602 0.72504455
v -4.44474602 5.92632675 0.70462257
v -21.48293686 2.96316338 0.69926673
v 0.00000000 -8.88949203 0.71857864
v 9.63028336 -2.96316338 1.20312905
v 11.11186600 -5.92632675 0.88443595
v -4.44474602 6.66711807 0.69428474
v -21.48293686 3.70395470 0.72703773
v -0.74079132 -11.85265541 1.10651231
v -5.92632675 7.40790939 0.68756706
v 8.88949203 -2.22237206 1.17526078
v -0.74079132 -11.11186409 1.10803628
v -20.74214745 3.70395470 0.70516425
v -16.29740143 -14.81581879 0.77226478
v -0.74079132 -10.37107372 1.10246873
v 9.63028336 -2.22237206 1.11328340
v 0.00000000 -4.44474602 0.80898887
v 10.37107468 -2.96316338 1.06463265
v -21.48293686 4.44474602 0.72949058
v 0.74079132 -4.44474602 0.71065551
v 10.37107468 -2.22237206 0.99130088
v -2.22237206 -9.63028240 1.04009843
v -15.55661011 -16.29740143 0.79764205
v 1.48158264 -4.44474602 0.69478828
v -20.74214745 4.44474602 0.71892387
v 9.63028336 -1.48158264 1.04661202
v -15.55661011 -15.55661011 0.82245666
v -22.22372818 5.18553734 0.72285491
v 10.37107468 -1.48158264 0.93797523
v 2.22237206 -4.44474602 0.67549545
v -14.81581879 -16.29740143 0.83433372
v 2.96316338 -4.44474602 0.68610221
v -19.26056480 11.11186600 0.74610358
v -14.81581879 -15.55661011 0.92596656
v 11.11186600 -2.96316338 0.69611388
v 0.74079132 -8.88949203 0.60300666
v 0.00000000 -3.70395470 0.94902831
v -22.22372818 -5.92632675 0.63963157
v 0.74079132 -3.70395470 0.93696243
v 1.48158264 -8.88949203 0.59037048
v -15.55661011 -14.81581879 0.81326705
v 1.48158264 -3.70395470 0.94266731
v 11.11186600 -2.22237206 0.60370666
v -14.81581879 -14.81581879 0.84938079
v -21.48293686 -5.92632675 0.63461143
v 2.22237206 -9.63028240 0.93083221
v 0.00000000 -2.96316338 0.94933540
v -17.03819275 -14.07502842 0.63524657
v -21.48293686 5.18553734 0.73084861
v 0.74079132 -2.96316338 0.96287757
v -16.29740143 -14.07502842 0.66915160
v -1.48158264 -9.63028240 1.05939317
v 1.48158264 -2.96316338 0.97995406
v 2.96316338 -9.63028240 1.04983544
v 2.22237206 -3.70395470 0.96003562
v -2.22237206 -8.88949203 0.90443259
v -16.29740143 -13.33423710 0.54828292
v 2.96316338 -3.70395470 0.99359733
v 2.22237206 -8.88949203 0.77080375
v -20.74214745 5.18553734 0.72894698
v 2.22237206 -2.96316338 1.01813149
v -20.74214745 -5.92632675 0.59748489
v 2.96316338 -2.96316338 1.05399346
v -15.55661011 -14.07502842 0.76530486
v -1.48158264 -8.88949203 0.92027503
v -14.81581879 -14.07502842 0.84826308
v 4.44474602 -5.18553734 0.64217597
v 2.96316338 -8.88949203 0.83116943
v 11.11186600 -1.48158264 0.55420524
v -5.18553734 7.40790939 0.66746932
v 3.70395470 -4.44474602 0.79307014
v 9.63028336 -0.74079132 1.00538278
v 4.44474602 -4.44474602 0.96935111
v 10.37107468 -0.74079132 0.90750533
v 3.70395470 -11.85265541 1.21898866
v -0.74079132 -9.63028240 1.02588296
v -4.44474602 7.40790939 0.65016967
v 9.63028336 0.00000000 0.90322524
v 3.70395470 -11.11186409 1.19548821
v 5.18553734 -5.92632675 0.59316283
v 10.37107468 0.00000000 0.88981086
v -0.74079132 -8.88949203 0.83821326
v -3.70395470 5.92632675 0.71366149
v 11.11186600 -0.74079132 0.60138160
v -3.70395470 6.66711807 0.69906074
v -2.96316338 5.92632675 0.73288375
v 11.11186600 0.00000000 0.71115333
v 4.44474602 -11.11186409 1.26533532
v 5.18553734 -5.18553734 0.89526778
v 3.70395470 -10.37107372 1.19158578
v -2.96316338 6.66711807 0.70313102
v -4.44474602 -5.92632675 0.55468398
v 5.92632675 -5.92632675 0.83612472
v 4.44474602 -10.37107372 1.22030854
v -3.70395470 7.40790939 0.66044265
v -3.70395470 -5.92632675 0.59338027
v 5.18553734 -10.37107372 1.25006700
v 5.92632675 -5.18553734 1.05227113
v -2.96316338 -5.92632675 0.56356460
v -2.96316338 7.40790939 0.61426955
v 3.70395470 -9.63028240 1.05434060
v 5.18553734 -4.44474602 1.10562158
v 12.59344482 -11.11186409 1.11966729
v 4.44474602 -9.63028240 0.99563819
v -4.44474602 -5.18553734 0.61358672
v -2.22237206 -8.14870071 0.67796928
v 5.92632675 -4.44474602 1.16719842
v 13.33423615 -11.11186409 1.14183068
v -5.92632675 8.14870071 0.65763885
v 3.70395470 -3.70395470 1.04529214
v 3.70395470 -8.88949203 0.68654281
v -5.92632675 -4.44474602 0.69822723
v 11.85265732 -10.37107372 1.10722947
v 4.44474602 -3.70395470 1.10773110
v -5.18553734 -4.44474602 0.68025810
v -4.44474602 -4.44474602 0.69907027
v 3.70395470 -2.96316338 1.08743691
v -3.70395470 -5.18553734 0.65644103
v 4.44474602 -2.96316338 1.11075044
v -2.96316338 -5.18553734 0.67768317
v 5.18553734 -3.70395470 1.15038705
v -20.74214745 -8.14870071 0.61743575
v 5.92632675 -3.70395470 1.16636109
v -3.70395470 -4.44474602 0.74741203
v 5.18553734 -9.63028240 1.03230119
v 5.18553734 -2.96316338 1.12509561
v -1.48158264 -8.14870071 0.71445304
v -20.00135612 -8.14870071 0.59834319
v 5.92632675 -9.63028240 1.18338418
v -2.96316338 -4.44474602 0.77482063
v 5.92632675 -2.96316338 1.13199258
v 5.18553734 -8.88949203 0.58701926
v -20.00135612 -7.40790939 0.57330352
v 5.92632675 -8.88949203 0.84696609
v 0.00000000 -2.22237206 0.83058006
v 0.00000000 -8.14870071 0.54775077
v 0.74079132 -2.22237206 0.89960891
v -17.77898407 -8.14870071 0.60092956
v 0.74079132 -8.14870071 0.55256110
v -0.74079132 -8.14870071 0.63313895
v 1.48158264 -8.14870071 0.61802512
v -17.77898407 -7.40790939 0.56060821
v 1.48158264 -2.22237206 0.95762092
v -22.22372818 5.92632675 0.72182685
v 12.59344482 -10.37107372 0.60583526
v 2.22237206 -8.14870071 0.64355117
v 0.00000000 -1.48158264 0.54801780
v -11.11186409 -5.18553734 0.56277305
v 13.33423615 -10.37107372 0.83972007
v 0.74079132 -1.48158264 0.71250373
v -10.37107372 -5.18553734 0.58287460
v -5.18553734 8.14870071 0.63538581
v -17.77898407 -6.66711807 0.57767707
v 1.48158264 -1.48158264 0.89258415
v -11.85265541 -4.44474602 0.57886344
v 11.85265732 -9.63028240 0.89787704
v -15.55661011 -13.33423710 0.67179328
v -17.77898407 -5.92632675 0.63196784
v -11.11186409 -4.44474602 0.61540061
v -10.37107372 -4.44474602 0.57469398
v -7.40790939 4.44474602 0.65885955
v -14.81581879 -13.33423710 0.79139167
v 13.33423615 -9.63028240 0.80142242
v -17.03819275 -11.85265541 0.61740142
v 5.92632675 -8.14870071 0.56021148
v -6.66711807 2.96316338 0.62282401
v -4.44474602 8.14870071 0.60863715
v -6.66711807 3.70395470 0.66539031
v -17.03819275 -12.59344673 0.58145553
v -17.03819275 -11.11186409 0.60821944
v -21.48293686 5.92632675 0.73750526
v -5.18553734 8.88949203 0.56608802
v 5.92632675 -6.66711807 0.62208587
v -16.29740143 -12.59344673 0.61276466
v -3.70395470 8.14870071 0.58000594
v -20.74214745 5.92632675 0.74281341
v 13.33423615 -8.88949203 0.95756561
v -16.29740143 -11.85265541 0.66478187
v -20.00135612 3.70395470 0.66337234
v 6.66711807 -11.85265541 1.19252038
v -2.22237206 5.92632675 0.74241096
v -15.55661011 -12.59344673 0.64938956
v -16.29740143 -11.11186409 0.64333755
v 7.40790939 -11.85265541 1.11463952
v -14.81581879 -12.59344673 0.71274978
v -5.92632675 2.96316338 0.74686462
v 16.29740143 -11.11186409 1.05532479
v 7.40790939 -11.11186409 1.21863770
v -2.22237206 6.66711807 0.71242172
v -15.55661011 -11.85265541 0.66475135
v 16.29740143 -10.37107372 1.12956071
v 16.29740143 -9.63028240 1.12920785
v 16.29740143 -8.88949203 1.12889123
v 13.33423615 -8.14870071 1.25443673
v 12.59344482 -7.40790939 0.87458640
v 8.14870071 -11.85265541 1.16377091
v 12.59344482 -6.66711807 0.97298652
v 12.59344482 -5.92632675 0.86444885
v 16.29740143 -8.14870071 1.10079598
v 8.14870071 -11.11186409 1.17875886
v 16.29740143 -7.40790939 1.07448983
v 8.88949203 -11.11186409 1.25111794
v -17.03819275 -10.37107372 0.59179527
v 6.66711807 -8.88949203 1.15906739
v 10.37107468 -11.11186409 1.26961160
v -14.81581879 -11.85265541 0.68013221
v -16.29740143 -10.37107372 0.61745101
v 6.66711807 -8.14870071 1.01864076
v -15.55661011 -11.11186409 0.65907508
v -14.81581879 -11.11186409 0.66684943
v 6.66711807 -7.40790939 0.96519309
v -15.55661011 -10.37107372 0.64361984
v -14.07502842 -14.81581879 0.88677436
v 6.66711807 -6.66711807 0.97877723
v -14.07502842 -14.07502842 0.88893348
v 6.66711807 -5.92632675 1.04317880
v -13.33423710 -14.81581879 0.90530044
v -14.81581879 -10.37107372 0.63939506
v -17.03819275 -9.63028240 0.59873611
v -16.29740143 -9.63028240 0.62513000
v -17.03819275 -8.88949203 0.64499503
v -13.33423710 -14.07502842 0.90825874
v -16.29740143 -8.88949203 0.64350730
v -5.92632675 3.70395470 0.72280341
v -17.77898407 14.07502747 0.60624152
v -14.07502842 -13.33423710 0.84008437
v -15.55661011 -9.63028240 0.62719756
v -17.03819275 14.07502747 0.56455451
v -14.81581879 -9.63028240 0.57529479
v -16.29740143 14.07502747 0.57030135
v -15.55661011 -8.88949203 0.63502532
v -19.26056480 3.70395470 0.63445884
v -6.66711807 4.44474602 0.70038825
v -20.00135612 4.44474602 0.67913467
v -13.33423710 -13.33423710 0.87256843
v -14.07502842 -11.85265541 0.71682388
v -12.59344673 -14.81581879 0.92348510
v -12.59344673 -14.07502842 0.93002921
v -5.92632675 4.44474602 0.70832473
v -19.26056480 4.44474602 0.64423591
v -11.85265541 -14.81581879 0.93959838
v -17.77898407 14.81581879 0.71524459
v -8.14870071 5.18553734 0.67647582
v -11.85265541 -14.07502842 0.94090682
v -7.40790939 5.18553734 0.69874793
v -17.03819275 -5.92632675 0.62883216
v -11.85265541 -3.70395470 0.62607032
v -17.03819275 14.81581879 0.71307975
v -18.51977348 3.70395470 0.62820083
v -11.11186409 -3.70395470 0.63883048
v 15.55661011 -6.66711807 1.26810861
v -5.92632675 -3.70395470 0.71618873
v -10.37107372 -3.70395470 0.58937293
v -16.29740143 14.81581879 0.71889526
v -5.18553734 -3.70395470 0.75363952
v 16.29740143 -6.66711807 1.01786447
v -4.44474602 -3.70395470 0.78618652
v -11.85265541 -2.96316338 0.63245994
v -17.77898407 -5.18553734 0.64313346
v -11.11186409 -2.96316338 0.64920455
v -15.55661011 14.07502747 0.55970985
v 2.22237206 -2.22237206 0.99499732
v -5.18553734 -2.96316338 0.77936393
v -10.37107372 -2.96316338 0.64432365
v -15.55661011 14.81581879 0.72696716
v -4.44474602 -2.96316338 0.82049781
v 15.55661011 -5.92632675 1.21058679
v -17.77898407 3.70395470 0.63117248
v 2.96316338 -2.22237206 1.02330995
v -9.63028240 -3.70395470 0.54410774
v -17.03819275 -5.18553734 0.62704307
v 16.29740143 -5.92632675 0.95892173
v -9.63028240 -2.96316338 0.62988883
v -3.70395470 -3.70395470 0.83180457
v -14.81581879 14.81581879 0.73641616
v 2.22237206 -1.48158264 0.98282081
v -16.29740143 -5.92632675 0.55934554
v -7.40790939 -5.18553734 0.60719711
v 11.85265732 -5.18553734 0.59165412
v -8.14870071 -4.44474602 0.54492599
v 2.96316338 -1.48158264 1.01585412
v -17.77898407 -4.44474602 0.61463386
v -7.40790939 -4.44474602 0.62533599
v 12.59344482 -5.18553734 0.72322875
v -14.07502842 14.81581879 0.73182136
v -17.03819275 -4.44474602 0.61005050
v 13.33423615 -5.18553734 1.21540284
v 1.48158264 -0.74079132 0.77827674
v -6.66711807 -5.18553734 0.64505607
v -13.33423710 14.81581879 0.75457793
v -2.96316338 -3.70395470 0.85982352
v -16.29740143 -4.44474602 0.56168777
v 11.85265732 -4.44474602 0.57388717
v -3.70395470 -2.96316338 0.86233550
v -6.66711807 -4.44474602 0.69531852
v -15.55661011 -4.44474602 0.56283218
v -2.96316338 -2.96316338 0.89748412
v 1.48158264 0.00000000 0.67674857
v -12.59344673 14.81581879 0.83803588
v -7.40790939 -3.70395470 0.59284049
v -14.81581879 -4.44474602 0.58092529
v -2.22237206 -5.18553734 0.66815215
v 12.59344482 -4.44474602 0.75661498
v 2.22237206 -0.74079132 0.96552497
v -1.48158264 -5.18553734 0.66162711
v -11.85265541 14.81581879 0.87516814
v -2.22237206 -4.44474602 0.78765899
v 2.96316338 -0.74079132 1.02100968
v 13.33423615 -4.44474602 1.20079255
v -6.66711807 -3.70395470 0.65319663
v -1.48158264 -4.44474602 0.83158332
v -18.51977348 4.44474602 0.63662368
v -17.77898407 -3.70395470 0.58790237
v -17.77898407 15.55661011 0.84364730
v 14.81581879 -4.44474602 1.25803018
v -17.03819275 15.55661011 0.85096771
v -0.74079132 -5.18553734 0.65374213
v -17.77898407 4.44474602 0.63728172
v 2.22237206 0.00000000 0.93324310
v -11.85265541 -2.22237206 0.63154441
v 12.59344482 -3.70395470 0.87049896
v -17.03819275 -3.70395470 0.59079772
v 2.96316338 0.00000000 1.00433564
v -16.29740143 15.55661011 0.86969405
v -20.00135612 5.18553734 0.69724303
v 13.33423615 -3.70395470 1.25003457
v -11.11186409 -2.22237206 0.66389304
v -16.29740143 -3.70395470 0.59328490
v 12.59344482 -2.96316338 0.93368369
v -10.37107372 -2.22237206 0.68434364
v -17.77898407 16.29740143 1.05338883
v 13.33423615 -2.96316338 1.27106309
v -12.59344673 -13.33423710 0.89694434
v -19.26056480 5.18553734 0.65974075
v -11.85265541 -1.48158264 0.59871703
v -17.03819275 16.29740143 1.09220719
v -11.85265541 -13.33423710 0.88739043
v -20.00135612 5.92632675 0.71867782
v -16.29740143 16.29740143 1.12671494
v 3.70395470 -2.22237206 1.05306649
v 4.44474602 -2.22237206 1.07680345
v 14.81581879 -3.70395470 1.24286103
v 3.70395470 -1.48158264 1.03545213
v -15.55661011 15.55661011 0.89819366
v -14.07502842 -12.59344673 0.75200874
v 4.44474602 -1.48158264 1.04129624
v -13.33423710 -12.59344673 0.79007179
v -14.81581879 15.55661011 0.94102889
v 5.18553734 -2.22237206 1.08757615
v -19.26056480 5.92632675 0.67209083
v 15.55661011 -5.18553734 1.16385293
v -18.51977348 5.18553734 0.64483482
v -15.55661011 16.29740143 1.17710328
v 5.92632675 -2.22237206 1.08724046
v 16.29740143 -5.18553734 0.93052131
v -14.81581879 16.29740143 1.22397828
v -17.77898407 5.18553734 0.64333373
v -17.03819275 -2.96316338 0.58622581
v 15.55661011 -4.44474602 1.16833711
v -18.51977348 5.92632675 0.64103919
v 16.29740143 -4.44474602 0.90298492
v -14.07502842 15.55661011 0.98082000
v 5.18553734 -1.48158264 1.02950883
v -16.29740143 -2.96316338 0.59043342
v -17.77898407 5.92632675 0.64065772
v 5.92632675 -1.48158264 1.01601243
v 12.59344482 -2.22237206 0.99648696
v -13.33423710 15.55661011 1.02280068
v -15.55661011 -3.70395470 0.59958678
v 3.70395470 -0.74079132 1.02872109
v 4.44474602 -0.74079132 1.00597024
v -17.03819275 0.00000000 0.59149390
v -17.03819275 0.74079132 0.60464698
v -14.07502842 16.29740143 1.26455903
v -16.29740143 0.00000000 0.59214813
v -14.81581879 -3.70395470 0.59595519
v 13.33423615 -2.22237206 1.26849580
v -16.29740143 0.74079132 0.61415130
v 3.70395470 0.00000000 1.00199914
v -17.03819275 1.48158264 0.61889106
v -15.55661011 -2.96316338 0.59886962
v 12.59344482 -1.48158264 0.97176200
v -13.33423710 -11.85265541 0.73301345
v -16.29740143 1.48158264 0.64184791
v -12.59344673 15.55661011 1.07446313
v -12.59344673 -12.59344673 0.76137382
v 4.44474602 0.00000000 0.95368606
v -11.85265541 -12.59344673 0.68997794
v -15.55661011 0.00000000 0.58124381
v -11.85265541 15.55661011 1.10771585
v 5.18553734 -0.74079132 0.95609504
v 13.33423615 -1.48158264 1.18491387
v -12.59344673 -11.85265541 0.58848602
v -15.55661011 0.74079132 0.55538589
v 5.92632675 -0.74079132 0.92625648
v -14.81581879 -2.96316338 0.59781677
v -15.55661011 1.48158264 0.54315597
v 12.59344482 -0.74079132 0.84257156
v 5.18553734 0.00000000 0.85386115
v -11.11186409 14.07502747 0.54295760
v 13.33423615 -0.74079132 1.02005982
v -14.07502842 -4.44474602 0.57026511
v -17.03819275 2.22237206 0.63030463
v 12.59344482 0.00000000 0.75177985
v -11.11186409 -14.81581879 0.95681030
v -10.37107372 14.07502747 0.61627609
v -14.07502842 -3.70395470 0.59361869
v -11.11186409 14.81581879 0.88611823
v -13.33423710 -3.70395470 0.57988960
v -10.37107372 14.81581879 0.90003043
v -11.11186409 -14.07502842 0.95410949
v 13.33423615 0.00000000 0.95857650
v -9.63028240 14.07502747 0.66473228
v -8.14870071 5.92632675 0.68097144
v -10.37107372 -14.81581879 0.97669631
v -10.37107372 -14.07502842 0.98202354
v 14.07502747 -0.74079132 1.23602319
v -7.40790939 5.92632675 0.69111091
v -1.48158264 5.92632675 0.75005180
v 14.07502747 0.00000000 1.17121720
v -6.66711807 5.18553734 0.70368987
v -11.11186409 -13.33423710 0.90249091
v 15.55661011 -2.96316338 1.13229585
v 15.55661011 -2.22237206 1.15819764
v -5.92632675 5.18553734 0.70146018
v -10.37107372 -13.33423710 0.94051963
v 16.29740143 -2.96316338 0.91075355
v -9.63028240 -14.81581879 0.99594718
v -6.66711807 5.92632675 0.69561034
v -9.63028240 -14.07502842 1.01380372
v 16.29740143 -2.22237206 0.95039779
v -8.88949203 -14.81581879 1.00583482
v -8.88949203 -14.07502842 1.03847909
v 15.55661011 -1.48158264 1.19269395
v -8.88949203 14.07502747 0.71469146
v -1.48158264 6.66711807 0.73483878
v -14.07502842 -2.96316338 0.58951789
v 16.29740143 -1.48158264 0.98406440
v -0.74079132 -4.44474602 0.87001830
v -13.33423710 -2.96316338 0.58600265
v 5.92632675 0.00000000 0.78706199
v 15.55661011 -0.74079132 1.23575807
v -12.59344673 -3.70395470 0.58908492
v 16.29740143 -0.74079132 1.07330728
v -12.59344673 -2.96316338 0.60376388
v -2.22237206 7.40790939 0.62040740
v 6.66711807 -5.18553734 1.12978578
v -2.22237206 -3.70395470 0.87701064
v -1.48158264 7.40790939 0.70514137
v 15.55661011 0.00000000 1.27705216
v -17.03819275 -2.22237206 0.59025604
v -9.63028240 14.81581879 0.90292960
v 16.29740143 0.00000000 1.18790269
v -8.88949203 14.81581879 0.88341171
v -16.29740143 2.22237206 0.66006690
v -8.14870071 13.33423615 0.62988502
v -16.29740143 -2.22237206 0.59551078
v -5.18553734 0.00000000 0.78660232
v -0.74079132 5.92632675 0.76914817
v -23.70531082 0.00000000 0.72640067
v -17.03819275 -1.48158264 0.58749229
v -7.40790939 13.33423615 0.63605720
v -16.29740143 -1.48158264 0.59356529
v -0.74079132 6.66711807 0.74795181
v -9.63028240 -13.33423710 0.97558051
v -5.92632675 0.74079132 0.77034408
v -6.66711807 13.33423615 0.63806945
v -5.18553734 0.74079132 0.77302390
v -22.96451950 0.00000000 0.72720367
v -15.55661011 -2.22237206 0.59980994
v -8.88949203 -13.33423710 1.00667596
v 0.00000000 5.92632675 0.78791267
v -23.70531082 0.74079132 0.73164016
v -14.81581879 -2.22237206 0.59691077
v -4.44474602 0.00000000 0.75064689
v -11.11186409 -12.59344673 0.74736053
v -1.48158264 -3.70395470 0.90539008
v -4.44474602 0.74079132 0.67021400
v -10.37107372 -12.59344673 0.81045753
v -22.96451950 0.74079132 0.73892242
v -2.22237206 -2.96316338 0.92162734
v -15.55661011 -1.48158264 0.60418731
v -1.48158264 -2.96316338 0.92581016
v -14.81581879 -1.48158264 0.59162360
v -11.11186409 -11.85265541 0.55299598
v -14.07502842 -11.11186409 0.69201308
v -17.03819275 -0.74079132 0.58468658
v -10.37107372 -11.85265541 0.65349036
v -16.29740143 -0.74079132 0.58957130
v -13.33423710 -11.11186409 0.69542915
v -0.74079132 -3.70395470 0.93965179
v -9.63028240 -12.59344673 0.81700546
v -15.55661011 -0.74079132 0.59688979
v -5.92632675 1.48158264 0.77164871
v -22.22372818 0.00000000 0.69020683
v -0.74079132 -2.96316338 0.92793494
v -14.07502842 -10.37107372 0.61672622
v -14.81581879 -0.74079132 0.58406478
v -5.18553734 1.48158264 0.73273498
v -5.18553734 -2.22237206 0.78006774
v -3.70395470 0.00000000 0.62049896
v 0.00000000 6.66711807 0.76125938
v -22.22372818 0.74079132 0.70035201
v -8.88949203 -12.59344673 0.86360961
v -14.07502842 -2.22237206 0.58370811
v -5.92632675 2.22237206 0.76412421
v -0.74079132 7.40790939 0.74485999
v -4.44474602 -2.22237206 0.81731826
v -9.63028240 -11.85265541 0.63528281
v -13.33423710 -10.37107372 0.54872543
v -5.18553734 2.22237206 0.70850784
v -5.18553734 -1.48158264 0.78053695
v 0.00000000 7.40790939 0.74902755
v -8.88949203 -11.85265541 0.66279823
v -4.44474602 -1.48158264 0.79872924
v -5.92632675 13.33423615 0.68468505
v -8.14870071 -14.81581879 1.00716424
v -12.59344673 -11.11186409 0.54178268
v -8.14870071 -14.07502842 1.05222726
v -1.48158264 8.14870071 0.55702049
v -8.14870071 14.07502747 0.77089721
v 7.40790939 -5.18553734 1.14923882
v -7.40790939 14.07502747 0.77256614
v -8.14870071 14.81581879 0.86629134
v -0.74079132 8.14870071 0.69510490
v -17.03819275 -8.14870071 0.62703162
v 6.66711807 -4.44474602 1.16928124
v -16.29740143 -8.14870071 0.62694770
v -7.40790939 -14.81581879 0.99289733
v -3.70395470 -2.22237206 0.84847099
v -7.40790939 14.81581879 0.82726890
v -17.03819275 -7.40790939 0.57094032
v 0.00000000 8.14870071 0.75111610
v -5.18553734 2.96316338 0.72048599
v -6.66711807 14.07502747 0.75275260
v -2.96316338 -2.22237206 0.86590415
v -5.92632675 14.07502747 0.75332290
v -15.55661011 -8.14870071 0.61022025
v -0.74079132 8.88949203 0.62538940
v -7.40790939 -14.07502842 1.05316758
v -13.33423710 -2.22237206 0.57742912
v -4.44474602 2.96316338 0.56569511
v 0.00000000 8.88949203 0.76590186
v -17.03819275 -6.66711807 0.55373985
v -3.70395470 -1.48158264 0.78641540
v -14.07502842 -1.48158264 0.57447845
v -13.33423710 -1.48158264 0.58169585
v 0.00000000 2.96316338 0.59796745
v -8.14870071 -13.33423710 1.02576280
v -22.22372818 -5.18553734 0.64074355
v -12.59344673 -2.22237206 0.59704810
v -5.18553734 3.70395470 0.72332031
v -12.59344673 -1.48158264 0.58939010
v -6.66711807 14.81581879 0.77834159
v -2.96316338 11.11186600 0.58424217
v -17.03819275 2.96316338 0.64107925
v -14.07502842 -0.74079132 0.57687980
v -21.48293686 -5.18553734 0.64288169
v -5.92632675 14.81581879 0.76408798
v -7.40790939 -13.33423710 1.04395509
v -20.74214745 -5.18553734 0.63654166
v -13.33423710 -0.74079132 0.57240516
v -22.22372818 -4.44474602 0.63732558
v 7.40790939 -4.44474602 1.16423631
v -6.66711807 -14.81581879 0.96673423
v -21.48293686 -4.44474602 0.64165908
v -6.66711807 -14.07502842 1.03975701
v 8.14870071 -5.18553734 1.15984178
v -5.92632675 -14.81581879 0.92395049
v -12.59344673 -0.74079132 0.54362518
v -20.74214745 -4.44474602 0.64699584
v 8.88949203 -5.18553734 1.20956635
v -5.92632675 -14.07502842 1.00019670
v -4.44474602 3.70395470 0.66643363
v -11.11186409 15.55661011 1.11692834
v -16.29740143 2.96316338 0.66274291
v -9.63028240 -11.11186409 0.56298858
v 8.14870071 -4.44474602 1.17550683
v -5.18553734 4.44474602 0.71406394
v -10.37107372 15.55661011 1.10566735
v -22.22372818 -3.70395470 0.63440353
v -15.55661011 2.22237206 0.56628066
v 8.88949203 -4.44474602 1.19783616
v -21.48293686 -3.70395470 0.63298637
v -4.44474602 4.44474602 0.70214301
v -6.66711807 -13.33423710 1.04942918
v -15.55661011 2.96316338 0.57828170
v -9.63028240 15.55661011 1.08219171
v -20.74214745 -3.70395470 0.63721877
v -8.88949203 -11.11186409 0.56957275
v -3.70395470 3.70395470 0.55449706
v -5.92632675 -13.33423710 1.02576470
v -8.88949203 15.55661011 1.03485322
v -8.14870071 -12.59344673 0.90754730
v -3.70395470 4.44474602 0.68774062
v -17.03819275 3.70395470 0.64076835
v -7.40790939 -12.59344673 0.96004707
v -9.63028240 16.29740143 1.27212739
v -16.29740143 3.70395470 0.65348846
v -2.96316338 4.44474602 0.67386466
v -23.70531082 1.48158264 0.73812133
v -8.88949203 16.29740143 1.22452760
v -5.18553734 5.18553734 0.70364410
v -22.22372818 -2.96316338 0.63632232
v -20.00135612 11.85265732 0.73277313
v -8.14870071 15.55661011 0.97875053
v -19.26056480 11.85265732 0.73972350
v -4.44474602 5.18553734 0.71316177
v -8.14870071 -11.85265541 0.72449714
v -22.96451950 1.48158264 0.74809867
v -7.40790939 15.55661011 0.91084510
v -21.48293686 -2.96316338 0.63005477
v -3.70395470 5.18553734 0.72807151
v -7.40790939 -11.85265541 0.84225494
v -2.96316338 5.18553734 0.74612075
v -22.22372818 1.48158264 0.71125251
v -18.51977348 11.11186600 0.68000823
v -20.00135612 -5.18553734 0.57004768
v -6.66711807 -12.59344673 0.99546844
v -1.48158264 3.70395470 0.58471900
v -21.48293686 0.00000000 0.61341888
v -2.96316338 -1.48158264 0.75173026
v -20.00135612 -4.44474602 0.62713844
v -17.77898407 11.11186600 0.62667304
v -2.22237206 4.44474602 0.69745094
v -21.48293686 0.74079132 0.61328346
v -8.14870071 -11.11186409 0.58870155
v -5.92632675 -12.59344673 1.00460267
v -1.48158264 4.44474602 0.77479392
v -5.18553734 -0.74079132 0.78258353
v -19.26056480 -4.44474602 0.59705764
v -7.40790939 -11.11186409 0.66987258
v -6.66711807 -11.85265541 0.91753989
v -8.14870071 -10.37107372 0.56110030
v -0.74079132 3.70395470 0.69838172
v -3.70395470 11.85265732 0.67638046
v -5.18553734 -14.81581879 0.87567550
v -18.51977348 -5.18553734 0.57209045
v -7.40790939 -10.37107372 0.56408149
v -21.48293686 1.48158264 0.63553458
v 0.00000000 3.70395470 0.79652816
v -18.51977348 -4.44474602 0.60451537
v -23.70531082 2.22237206 0.74303466
v -4.44474602 -0.74079132 0.77584869
v -0.74079132 4.44474602 0.83915740
v -2.96316338 11.85265732 0.75368339
v -6.66711807 -11.11186409 0.71778899
v -20.00135612 -3.70395470 0.63370925
v -3.70395470 -0.74079132 0.70320350
v -22.96451950 2.22237206 0.75300437
v -6.66711807 -10.37107372 0.55777770
v -1.48158264 10.37107468 0.61245376
v -19.26056480 -3.70395470 0.60497886
v -18.51977348 11.85265732 0.65463287
v -22.22372818 2.22237206 0.72194129
v -7.40790939 -9.63028240 0.54358894
v -18.51977348 -3.70395470 0.58478767
v -17.77898407 11.85265732 0.55014831
v -2.96316338 -0.74079132 0.59995872
v 0.00000000 4.44474602 0.87379104
v -22.22372818 -2.22237206 0.64177352
v -21.48293686 2.22237206 0.65546829
v -21.48293686 -2.22237206 0.63175422
v -17.03819275 5.92632675 0.63403159
v -22.22372818 -1.48158264 0.65279609
v -21.48293686 -1.48158264 0.61086684
v -8.14870071 16.29740143 1.15576386
v -4.44474602 14.81581879 0.74386817
v -17.77898407 6.66711807 0.61117584
v -3.70395470 14.81581879 0.72041923
v -5.18553734 -14.07502842 0.94730788
v -17.03819275 6.66711807 0.60896331
v -4.44474602 15.55661011 0.75775176
v -16.29740143 5.92632675 0.62464744
v 10.37107468 2.96316338 0.82108909
v -4.44474602 -14.81581879 0.84049064
v -3.70395470 15.55661011 0.72563773
v 11.11186600 2.96316338 0.77439910
v -22.22372818 -0.74079132 0.66932708
v -0.74079132 9.63028336 0.67733032
v -2.22237206 -2.22237206 0.87260276
v -2.96316338 14.81581879 0.70950729
v -2.96316338 15.55661011 0.69766456
v -21.48293686 -0.74079132 0.59103805
v -1.48158264 -2.22237206 0.84281951
v -4.44474602 -14.07502842 0.90830451
v -4.44474602 16.29740143 0.83110839
v -5.18553734 -13.33423710 0.98698455
v -2.22237206 -1.48158264 0.70053893
v 6.66711807 -3.70395470 1.15916085
v -4.44474602 -13.33423710 0.95546180
v -1.48158264 -1.48158264 0.60017234
v -2.22237206 5.18553734 0.76219207
v 0.00000000 9.63028336 0.79435760
v 7.40790939 -3.70395470 1.17045999
v -3.70395470 16.29740143 0.77424079
v 11.11186600 8.88949203 0.59219390
v -16.29740143 6.66711807 0.59684211
v -1.48158264 5.18553734 0.79246551
v -0.74079132 10.37107468 0.74583846
v -17.03819275 4.44474602 0.63505775
v -17.03819275 7.40790939 0.54771453
v -0.74079132 5.18553734 0.82646590
v 0.00000000 10.37107468 0.80480033
v -16.29740143 4.44474602 0.64358360
v 11.85265732 8.88949203 0.76861793
v -2.96316338 16.29740143 0.71486312
v 6.66711807 -2.96316338 1.12840104
v -2.22237206 11.11186600 0.67620498
v -16.29740143 7.40790939 0.56783515
v 10.37107468 10.37107468 0.86150962
v -1.48158264 11.11186600 0.73393470
v -3.70395470 -14.81581879 0.82707435
v -15.55661011 5.92632675 0.62936050
v 7.40790939 -2.96316338 1.15405869
v -15.55661011 3.70395470 0.60138351
v -2.22237206 11.85265732 0.77591926
v -2.22237206 14.81581879 0.70352012
v -1.48158264 11.85265732 0.78061324
v -3.70395470 -14.07502842 0.90713722
v -2.22237206 15.55661011 0.67605621
v 8.14870071 -3.70395470 1.19779229
v -1.48158264 14.81581879 0.70061141
v -0.74079132 11.11186600 0.77718002
v -1.48158264 15.55661011 0.66176254
v 0.00000000 11.11186600 0.80419189
v -11.11186409 -1.48158264 0.63788062
v -15.55661011 6.66711807 0.60530311
v -14.81581879 5.92632675 0.62575752
v -0.74079132 11.85265732 0.78692275
v 0.00000000 11.85265732 0.80778915
v -14.81581879 6.66711807 0.61838180
v 10.37107468 3.70395470 0.76587898
v -0.74079132 -2.22237206 0.80398971
v -10.37107372 -1.48158264 0.66851836
v -15.55661011 7.40790939 0.59042007
v -2.22237206 16.29740143 0.68018752
v -22.22372818 12.59344482 0.73994857
v -9.63028240 -2.22237206 0.68148452
v -1.48158264 16.29740143 0.64549857
v -21.48293686 12.59344482 0.71699935
v -9.63028240 -1.48158264 0.59914619
v -15.55661011 4.44474602 0.63439590
v -14.81581879 7.40790939 0.59732276
v -0.74079132 14.81581879 0.72400314
v 0.00000000 5.18553734 0.84117538
v 0.00000000 -14.81581879 0.90856391
v -0.74079132 15.55661011 0.66509658
v -15.55661011 8.14870071 0.57497245
v 0.74079132 -14.81581879 0.92199928
v 8.88949203 -3.70395470 1.20117974
v -7.40790939 16.29740143 1.08672166
v 0.00000000 -14.07502842 1.04000115
v 0.00000000 14.81581879 0.76550895
v 11.85265732 7.40790939 1.11821961
v 8.14870071 -2.96316338 1.19489694
v -14.81581879 8.14870071 0.56332999
v -17.03819275 5.18553734 0.63860923
v -11.85265541 6.66711807 0.65979415
v 0.74079132 -14.07502842 1.04779649
v -6.66711807 15.55661011 0.84961540
v -16.29740143 5.18553734 0.63965255
v -15.55661011 8.88949203 0.56462127
v 9.63028336 -5.18553734 1.27719903
v -15.55661011 5.18553734 0.64256316
v 12.59344482 7.40790939 1.20133996
v -5.92632675 15.55661011 0.81271011
v -14.81581879 5.18553734 0.55770713
v -6.66711807 16.29740143 1.01848054
v 10.37107468 -5.18553734 1.24112916
v 1.48158264 -14.81581879 0.94168121
v -5.92632675 16.29740143 0.95054847
v -11.11186409 6.66711807 0.65848953
v 9.63028336 -4.44474602 1.25361657
v -14.07502842 5.92632675 0.62087089
v -5.18553734 12.59344482 0.57023650
v 10.37107468 -4.44474602 1.23421693
v -13.33423710 5.92632675 0.61281806
v -4.44474602 12.59344482 0.69064170
v 11.11186600 -5.18553734 0.99355346
v 1.48158264 -14.07502842 1.06298852
v -12.59344673 5.92632675 0.60721618
v -5.18553734 13.33423615 0.72645599
v 0.00000000 -13.33423710 1.11553216
v 11.11186600 10.37107468 0.78771430
v 0.00000000 15.55661011 0.68623763
v 0.74079132 -13.33423710 1.11206460
v -22.22372818 6.66711807 0.72060806
v -4.44474602 13.33423615 0.74494201
v 11.85265732 10.37107468 0.66111404
v -21.48293686 6.66711807 0.74001342
v -10.37107372 6.66711807 0.65604430
v -20.74214745 6.66711807 0.74792701
v 8.88949203 10.37107468 0.81339103
v -0.74079132 16.29740143 0.61806709
v -22.22372818 7.40790939 0.71737319
v -21.48293686 7.40790939 0.73449546
v -11.85265541 7.40790939 0.63831359
v -3.70395470 12.59344482 0.74214393
v 0.00000000 16.29740143 0.58961707
v 11.11186600 3.70395470 0.78013831
v 1.48158264 -13.33423710 1.11647439
v -11.11186409 7.40790939 0.64473945
v 9.63028336 10.37107468 0.89225799
v 2.22237206 -14.81581879 0.96970588
v 1.48158264 0.74079132 0.65925246
v 8.88949203 11.11186600 0.96465904
v 2.22237206 -14.07502842 1.09819627
v -2.96316338 -14.81581879 0.83709937
v 11.85265732 3.70395470 0.55744964
v 11.85265732 8.14870071 0.96552879
v 10.37107468 4.44474602 0.70489341
v 2.96316338 -14.81581879 1.02280450
v -2.96316338 12.59344482 0.76554900
v 11.11186600 4.44474602 0.72958022
v -2.96316338 -14.07502842 0.93922263
v 2.96316338 -14.07502842 1.13161683
v -3.70395470 -13.33423710 0.96511680
v 12.59344482 8.14870071 1.15918756
v -2.96316338 -13.33423710 1.00522637
v 1.48158264 1.48158264 0.74178344
v -5.18553734 -12.59344673 1.00561738
v -10.37107372 7.40790939 0.64804298
v 11.85265732 4.44474602 0.60679275
v 13.33423615 7.40790939 1.23717523
v -4.44474602 -12.59344673 1.00775933
v 2.22237206 0.74079132 0.92030364
v -9.63028240 6.66711807 0.66591102
v -8.88949203 6.66711807 0.67131835
v -3.70395470 -12.59344673 1.02371621
v -14.07502842 6.66711807 0.63270599
v -2.96316338 -12.59344673 1.04013276
v 13.33423615 8.14870071 1.23072076
v -9.63028240 7.40790939 0.66224319
v -2.22237206 -14.81581879 0.85633308
v 9.63028336 11.11186600 1.00629449
v -8.88949203 7.40790939 0.66676170
v -2.22237206 -14.07502842 0.97534591
v 8.88949203 5.18553734 0.56532890
v -11.85265541 8.14870071 0.60772735
v -13.33423710 6.66711807 0.63271171
v 10.37107468 11.11186600 1.03648400
v -1.48158264 -14.81581879 0.87618858
v 8.88949203 11.85265732 0.99281532
v 10.37107468 5.18553734 0.67987090
v -3.70395470 13.33423615 0.74387199
v -11.11186409 8.14870071 0.61414939
v 9.63028336 11.85265732 1.02911401
v -10.37107372 8.14870071 0.62633926
v 10.37107468 5.92632675 0.78500777
v 2.22237206 -13.33423710 1.14407182
v 10.37107468 11.85265732 1.07307076
v -11.85265541 8.88949203 0.54943305
v 2.96316338 0.74079132 0.98634368
v 11.11186600 11.11186600 1.03651261
v 11.11186600 5.18553734 0.74693710
v -14.07502842 7.40790939 0.60476714
v 2.22237206 1.48158264 0.92962295
v 11.85265732 11.11186600 0.99005157
v -1.48158264 -14.07502842 1.00111413
v -13.33423710 7.40790939 0.60923225
v 2.96316338 1.48158264 0.96680099
v -20.74214745 12.59344482 0.70253402
v -2.22237206 -13.33423710 1.03981805
v 11.11186600 11.85265732 1.09466386
v -12.59344673 6.66711807 0.63990051
v -1.48158264 -13.33423710 1.06460214
v 11.85265732 11.85265732 1.10455918
v -22.22372818 13.33423615 0.75831062
v 0.74079132 2.22237206 0.62618095
v 2.96316338 -13.33423710 1.18948960
v -12.59344673 7.40790939 0.62025481
v -0.74079132 -14.81581879 0.89337569
v -21.48293686 13.33423615 0.72719032
v 0.00000000 -12.59344673 1.13496614
v -20.74214745 13.33423615 0.69983321
v -0.74079132 -14.07502842 1.02397943
v 1.48158264 2.22237206 0.84415084
v 0.74079132 -12.59344673 1.13542771
v -0.74079132 -13.33423710 1.09189630
v 0.74079132 2.96316338 0.78891593
v 12.59344482 0.74079132 0.65303642
v -22.22372818 14.07502747 0.79635650
v 12.59344482 8.88949203 0.97031814
v 1.48158264 2.96316338 0.89809448
v 13.33423615 0.74079132 0.91430694
v 11.85265732 5.18553734 0.67324668
v -2.22237206 -12.59344673 1.05576158
v 2.22237206 2.22237206 0.93860275
v -1.48158264 -12.59344673 1.07814813
v 13.33423615 8.88949203 1.09946465
v 2.96316338 2.22237206 0.95480186
v 2.22237206 2.96316338 0.93602401
v 2.96316338 2.96316338 0.96218520
v 11.11186600 -4.44474602 0.99429351
v 3.70395470 0.74079132 0.96574813
v -0.74079132 -12.59344673 1.10768723
v -14.07502842 8.14870071 0.55663520
v -11.11186409 8.88949203 0.57090026
v 14.07502747 7.40790939 1.25707841
v 4.44474602 0.74079132 0.84937316
v -20.74214745 -11.11186409 0.63775092
v -13.33423710 8.14870071 0.58011848
v 3.70395470 1.48158264 0.91892654
v 11.11186600 5.92632675 0.91135818
v -20.00135612 -11.11186409 0.64524680
v 12.59344482 1.48158264 0.59885246
v 4.44474602 1.48158264 0.73207885
v -2.96316338 13.33423615 0.74865180
v -12.59344673 8.14870071 0.60066062
v 11.85265732 5.92632675 0.91107589
v 1.48158264 -12.59344673 1.13439012
v -17.03819275 9.63028336 0.57179672
v -5.18553734 14.07502747 0.75075179
v 5.18553734 0.74079132 0.66121703
v 14.07502747 8.14870071 1.25276399
v -17.03819275 10.37107468 0.57851630
v -4.44474602 14.07502747 0.74072295
v 5.92632675 0.74079132 0.54171020
v 9.63028336 -3.70395470 1.21925759
v -5.18553734 14.81581879 0.76022369
v 3.70395470 2.22237206 0.91968757
v -20.74214745 7.40790939 0.74491149
v -3.70395470 14.07502747 0.72582847
v 0.74079132 5.92632675 0.80233794
v -2.96316338 14.07502747 0.72855216
v 10.37107468 -3.70395470 1.14974809
v 14.81581879 7.40790939 1.24976754
v -22.22372818 8.14870071 0.71466285
v 4.44474602 2.22237206 0.79591018
v -21.48293686 8.14870071 0.72519523
v 0.74079132 6.66711807 0.77308494
v 14.81581879 8.14870071 1.24099565
v 3.70395470 2.96316338 1.00466943
v 11.11186600 -3.70395470 0.85135299
v 14.07502747 8.88949203 1.15128541
v 4.44474602 2.96316338 1.06620049
v -2.22237206 12.59344482 0.78516608
v 1.48158264 5.92632675 0.73974258
v 5.18553734 2.22237206 0.58313972
v 1.48158264 6.66711807 0.68373519
v 14.81581879 8.88949203 1.13223672
v -6.66711807 0.74079132 0.71141082
v -1.48158264 12.59344482 0.79234153
v 0.74079132 7.40790939 0.76787215
v 5.18553734 2.96316338 1.07302499
v -9.63028240 8.14870071 0.64951736
v 1.48158264 7.40790939 0.71633369
v -2.22237206 13.33423615 0.77313071
v 14.81581879 5.92632675 0.97405654
v 2.96316338 11.85265732 0.90726691
v 2.22237206 5.92632675 0.55188590
v -1.48158264 13.33423615 0.78994399
v -8.88949203 8.14870071 0.63283950
v 2.22237206 -12.59344673 1.14806771
v -6.66711807 1.48158264 0.67004234
v 3.70395470 11.85265732 0.93077308
v -0.74079132 12.59344482 0.79819518
v 2.96316338 12.59344482 0.89529639
v -8.14870071 6.66711807 0.68152267
v 0.74079132 8.14870071 0.77498657
v -7.40790939 6.66711807 0.69318801
v 0.00000000 12.59344482 0.81742126
v 15.55661011 5.92632675 0.92694312
v 3.70395470 12.59344482 0.91710311
v -8.14870071 7.40790939 0.67031890
v 14.81581879 6.66711807 1.20022798
v 15.55661011 6.66711807 1.18057084
v 1.48158264 8.14870071 0.78180343
v 4.44474602 11.85265732 0.93292075
v -0.74079132 13.33423615 0.80724937
v -20.74214745 8.14870071 0.73720008
v -6.66711807 2.22237206 0.62485915
v 16.29740143 5.92632675 0.89557868
v 0.00000000 13.33423615 0.83412391
v -7.40790939 7.40790939 0.68567687
v 4.44474602 12.59344482 0.92938453
v 13.33423615 1.48158264 0.86292106
v -6.66711807 6.66711807 0.69336730
v 14.07502747 0.74079132 1.12483811
v 2.96316338 13.33423615 0.86491233
v -20.00135612 6.66711807 0.71605903
v 14.07502747 1.48158264 1.01607728
v 3.70395470 13.33423615 0.86987525
v -2.22237206 14.07502747 0.74142104
v -19.26056480 6.66711807 0.63843757
v -6.66711807 7.40790939 0.69396049
v 14.81581879 1.48158264 1.20267510
v -20.00135612 7.40790939 0.71225578
v -1.48158264 14.07502747 0.75156623
v 5.92632675 2.96316338 1.00533128
v 12.59344482 2.22237206 0.61361724
v -8.14870071 8.14870071 0.59368354
v -18.51977348 6.66711807 0.59025794
v -7.40790939 8.14870071 0.62364608
v 13.33423615 2.22237206 0.81119758
v -20.00135612 8.14870071 0.74566489
v -0.74079132 14.07502747 0.77800781
v -6.66711807 8.14870071 0.66523772
v 0.74079132 3.70395470 0.87267905
v 0.00000000 14.07502747 0.81793815
v 0.74079132 8.88949203 0.79960662
v -5.18553734 15.55661011 0.78527671
v 4.44474602 13.33423615 0.87890655
v -5.18553734 16.29740143 0.89123565
v 1.48158264 8.88949203 0.83768302
v 5.18553734 11.85265732 0.92808753
v 2.96316338 -12.59344673 1.18126512
v 5.18553734 12.59344482 0.94066268
v 2.22237206 8.14870071 0.68776542
v 5.92632675 11.85265732 0.92750007
v 2.22237206 8.88949203 0.81589729
v 16.29740143 6.66711807 1.16495156
v 5.92632675 12.59344482 0.94459182
v 5.18553734 13.33423615 0.89706260
v 5.92632675 13.33423615 0.90133506
v 12.59344482 2.96316338 0.54452735
v 2.96316338 14.07502747 0.82275039
v 3.70395470 14.07502747 0.80954963
v 15.55661011 7.40790939 1.23089623
v 13.33423615 2.96316338 0.78088409
v 4.44474602 14.07502747 0.80575019
v 16.29740143 7.40790939 1.23611665
v 2.96316338 8.88949203 0.60034019
v 14.07502747 2.22237206 0.89929801
v 2.96316338 14.81581879 0.78731948
v 1.48158264 3.70395470 0.89799529
v 17.03819275 5.92632675 0.84086639
v 3.70395470 14.81581879 0.75512916
v 14.81581879 2.22237206 1.02503419
v 0.74079132 4.44474602 0.88266975
v 17.03819275 6.66711807 1.12654710
v 1.48158264 4.44474602 0.87013274
v 14.07502747 2.96316338 0.87741500
v 17.77898407 5.92632675 0.68484145
v 14.81581879 2.96316338 0.92494804
v 4.44474602 14.81581879 0.70821983
v 4.44474602 5.92632675 0.67637092
v 2.22237206 3.70395470 0.90907317
v 16.29740143 0.74079132 1.24636865
v 17.77898407 6.66711807 1.02827477
v 5.18553734 14.07502747 0.81978065
v 5.92632675 14.07502747 0.82420760
v 5.18553734 5.92632675 1.25065827
v 17.03819275 7.40790939 1.23517442
v 16.29740143 1.48158264 1.27667832
v 5.18553734 14.81581879 0.70823127
v 17.77898407 7.40790939 1.21138597
v 2.96316338 3.70395470 0.94850188
v 5.18553734 6.66711807 0.96268493
v 17.03819275 0.00000000 1.09002519
v 15.55661011 8.14870071 1.22784257
v 17.03819275 0.74079132 1.18732667
v 2.22237206 4.44474602 0.83133155
v 5.92632675 6.66711807 1.27574563
v 5.92632675 14.81581879 0.70824844
v 2.96316338 4.44474602 0.77442962
v 16.29740143 8.14870071 1.23038507
v 17.77898407 0.00000000 1.00976777
v 0.74079132 14.81581879 0.79373962
v 5.92632675 7.40790939 0.75964767
v 17.77898407 0.74079132 1.15321946
v 17.03819275 1.48158264 1.25733209
v 15.55661011 2.22237206 1.12934899
v 0.74079132 9.63028336 0.83390647
v 16.29740143 2.22237206 1.20177674
v 0.74079132 5.18553734 0.84848243
v 0.74079132 15.55661011 0.70415527
v 1.48158264 9.63028336 0.87519675
v 1.48158264 5.18553734 0.82265502
v 1.48158264 14.81581879 0.80576164
v 15.55661011 2.96316338 0.96918708
v 2.22237206 5.18553734 0.70541030
v 16.29740143 2.96316338 1.02158380
v 3.70395470 3.70395470 1.07880235
v 17.03819275 2.96316338 1.14919686
v 3.70395470 4.44474602 0.87050849
v 15.55661011 8.88949203 1.10944581
v 1.48158264 15.55661011 0.71227485
v 4.44474602 4.44474602 1.23650575
v 13.33423615 3.70395470 0.62118560
v 0.74079132 16.29740143 0.58208495
v 16.29740143 8.88949203 1.10962319
v 1.48158264 16.29740143 0.57392532
v 17.03819275 8.14870071 1.23019624
v 0.74079132 10.37107468 0.84436256
v 17.77898407 8.14870071 1.23438668
v 4.44474602 5.18553734 0.93561965
v 17.03819275 8.88949203 1.08785653
v 2.22237206 14.81581879 0.78643256
v 12.59344482 4.44474602 0.56483680
v 2.22237206 15.55661011 0.69634467
v 17.77898407 8.88949203 1.08181596
v 2.96316338 15.55661011 0.72038490
v 6.66711807 0.00000000 0.78400451
v 2.22237206 16.29740143 0.58390647
v 14.07502747 3.70395470 0.79617912
v 6.66711807 0.74079132 0.54780227
v 14.81581879 3.70395470 0.86697036
v 2.96316338 16.29740143 0.59496719
v 7.40790939 0.74079132 0.62475425
v 14.81581879 4.44474602 0.62233001
v 12.59344482 5.18553734 0.74025184
v 8.14870071 0.74079132 0.73325759
v 8.88949203 0.74079132 0.81747466
v 6.66711807 11.85265732 0.92862731
v 13.33423615 5.18553734 0.78083068
v 13.33423615 9.63028336 0.65000945
v 8.88949203 1.48158264 0.68467170
v 6.66711807 12.59344482 0.94324905
v 1.48158264 10.37107468 0.88305503
v 12.59344482 5.92632675 0.99195892
v 14.07502747 9.63028336 0.75054008
v 6.66711807 2.96316338 0.91813499
v 7.40790939 11.85265732 0.94203407
v 13.33423615 5.92632675 1.04611993
v 7.40790939 12.59344482 0.94210654
v 7.40790939 2.96316338 0.69259292
v 14.81581879 9.63028336 0.70226890
v 2.22237206 9.63028336 0.88159019
v 6.66711807 13.33423615 0.89853126
v 14.07502747 5.18553734 0.72357780
v 7.40790939 13.33423615 0.97798187
v 2.96316338 9.63028336 0.75801498
v 12.59344482 11.11186600 0.91682082
v 8.14870071 11.85265732 0.96358520
v 14.81581879 5.18553734 0.62660819
v 9.63028336 0.74079132 0.87502319
v 8.14870071 12.59344482 0.95264465
v 14.07502747 5.92632675 1.02947068
v 8.88949203 12.59344482 0.97802764
v 8.14870071 13.33423615 0.99293166
v 8.88949203 13.33423615 1.00741029
v 10.37107468 0.74079132 0.92147857
v 15.55661011 3.70395470 0.91166717
v 9.63028336 1.48158264 0.80880958
v 6.66711807 14.07502747 0.83038551
v 16.29740143 3.70395470 0.93728286
v 2.22237206 10.37107468 0.90109473
v 15.55661011 4.44474602 0.72470313
v 16.29740143 4.44474602 0.76426536
v 2.96316338 10.37107468 0.86119682
v 13.33423615 11.11186600 0.83517295
v 7.40790939 14.07502747 0.90113288
v 0.74079132 11.11186600 0.84123451
v 6.66711807 14.81581879 0.71322662
v 17.03819275 3.70395470 1.01501870
v 12.59344482 11.85265732 1.11904168
v 7.40790939 14.81581879 0.71843559
v 1.48158264 11.11186600 0.87627250
v 17.77898407 3.70395470 1.21989083
v 10.37107468 1.48158264 0.89961463
v 17.03819275 4.44474602 0.85137588
v 9.63028336 12.59344482 1.02327561
v 0.74079132 11.85265732 0.84163505
v 10.37107468 12.59344482 1.05974603
v 17.77898407 4.44474602 1.02003694
v 1.48158264 11.85265732 0.87170821
v 15.55661011 5.18553734 0.57002288
v 9.63028336 13.33423615 1.03323960
v 16.29740143 5.18553734 0.56432182
v 11.11186600 0.74079132 0.80513602
v 2.22237206 11.11186600 0.89300185
v 17.03819275 5.18553734 0.55015594
v 10.37107468 13.33423615 1.05895448
v 17.77898407 5.18553734 0.59098083
v 11.11186600 1.48158264 0.81285697
v 2.96316338 11.11186600 0.89276153
v 11.11186600 12.59344482 1.07935548
v 9.63028336 2.22237206 0.70786697
v 2.22237206 11.85265732 0.89139205
v 18.51977539 0.00000000 0.91906768
v 10.37107468 2.22237206 0.85746986
v 13.33423615 11.85265732 1.10545182
v 11.85265732 12.59344482 1.11584687
v 3.70395470 10.37107468 0.76472884
v 18.51977539 0.74079132 1.10738206
v 14.07502747 11.11186600 0.81382591
v 11.11186600 13.33423615 1.08279252
v 14.81581879 11.11186600 0.84777290
v 19.26056671 0.00000000 0.79938346
v 19.26056671 0.74079132 1.02045274
v 14.07502747 11.85265732 1.11004090
v 11.85265732 13.33423615 1.06946397
v 4.44474602 10.37107468 0.61987334
v 19.26056671 1.48158264 1.24481416
v 14.81581879 11.85265732 1.14574456
v 3.70395470 11.11186600 0.88636619
v 4.44474602 11.11186600 0.85295135
v 20.00135422 1.48158264 1.18535256
v 12.59344482 12.59344482 1.16815591
v 15.55661011 9.63028336 0.63137466
v 20.74214554 1.48158264 1.08562112
v 5.18553734 11.11186600 0.79203826
v 16.29740143 9.63028336 0.65755111
v 5.92632675 11.11186600 0.76629668
v 13.33423615 12.59344482 1.20809960
v 21.48293686 1.48158264 0.92888290
v 16.29740143 10.37107468 0.63302451
v 7.40790939 6.66711807 1.12069345
v 12.59344482 13.33423615 1.12640405
v 6.66711807 7.40790939 0.83177406
v 13.33423615 13.33423615 1.17897439
v 7.40790939 7.40790939 0.67188102
v 17.03819275 9.63028336 0.68545371
v 8.14870071 5.92632675 1.01730371
v 21.48293686 2.22237206 1.15690637
v 8.14870071 6.66711807 0.72560531
v 22.22372818 1.48158264 0.77086097
v 22.22372818 2.22237206 0.88239700
v 14.07502747 12.59344482 1.24068093
v 17.77898407 9.63028336 0.66282684
v 17.03819275 10.37107468 0.65787345
v 14.81581879 12.59344482 1.26571107
v 9.63028336 6.66711807 0.63812667
v 9.63028336 2.96316338 0.58997375
v 14.07502747 13.33423615 1.21393800
v 22.22372818 2.96316338 0.96225959
v 17.77898407 10.37107468 0.62757331
v 14.81581879 13.33423615 1.22209191
v 10.37107468 6.66711807 0.93666679
v 11.85265732 14.07502747 0.96506721
v 12.59344482 14.07502747 1.00033975
v 19.26056671 3.70395470 1.21528649
v 9.63028336 7.40790939 0.70106727
v 13.33423615 14.07502747 1.03489900
v 11.11186600 2.22237206 0.76671249
v 10.37107468 7.40790939 0.87928802
v 15.55661011 11.11186600 0.93330795
v 11.85265732 14.81581879 0.78233176
v 7.40790939 3.70395470 1.17317414
v 12.59344482 14.81581879 0.78599006
v 16.29740143 11.11186600 1.03310418
v 13.33423615 14.81581879 0.78985053
v 3.70395470 -14.81581879 1.05564141
v 8.14870071 3.70395470 0.73059493
v 15.55661011 11.85265732 1.21020341
v 14.07502747 14.07502747 1.05515504
v 11.11186600 6.66711807 1.08052278
v 3.70395470 -14.07502842 1.17864060
v 14.81581879 14.07502747 1.10671067
v 8.14870071 4.44474602 1.02756715
v 4.44474602 -14.81581879 1.08895707
v 14.07502747 14.81581879 0.77997428
v 11.85265732 6.66711807 1.12554955
v 4.44474602 -14.07502842 1.21011186
v 8.14870071 5.18553734 1.13265824
v 14.81581879 14.81581879 0.76976806
v 11.11186600 7.40790939 0.98964149
v 16.29740143 11.85265732 1.26377320
v 3.70395470 -13.33423710 1.23984551
v 9.63028336 8.14870071 0.62840301
v 4.44474602 -13.33423710 1.28042245
v 17.03819275 11.11186600 1.09529710
v 17.77898407 11.11186600 1.11244607
v 10.37107468 8.14870071 0.69611007
v 5.18553734 -14.81581879 1.12527871
v 15.55661011 13.33423615 1.18852258
v 5.18553734 -14.07502842 1.24588227
v 18.51977539 6.66711807 0.93113166
v 11.11186600 8.14870071 0.76391822
v 19.26056671 6.66711807 0.98399574
v 5.92632675 -14.81581879 1.18094087
v 16.29740143 13.33423615 1.14846063
v 18.51977539 7.40790939 1.20820451
v 17.03819275 12.59344482 1.25304246
v 8.14870071 10.37107468 0.65038520
v 3.70395470 -12.59344673 1.24592423
v 17.77898407 12.59344482 1.23480821
v 17.03819275 13.33423615 1.07410836
v 17.77898407 13.33423615 0.97156173
v 6.66711807 -14.81581879 1.24092889
v 6.66711807 11.11186600 0.78789932
v 18.51977539 12.59344482 1.22748590
v 7.40790939 11.11186600 0.83324844
v 8.14870071 11.11186600 0.89506561
v 19.26056671 7.40790939 1.25279832
v 19.26056671 11.85265732 1.24462533
v 9.63028336 9.63028336 0.55950958
v 20.00135422 5.92632675 0.84169227
v 20.00135422 6.66711807 1.19941545
v 19.26056671 12.59344482 1.24261880
v 18.51977539 13.33423615 0.97625762
v 20.74214554 5.92632675 1.27320886
v 19.26056671 13.33423615 0.98142081
v 20.00135422 11.85265732 1.21938157
v 18.51977539 8.14870071 1.26747727
v 18.51977539 8.88949203 1.14249444
v 20.00135422 13.33423615 0.99822646
v 19.26056671 8.88949203 1.25414872
v 20.74214554 13.33423615 1.01685548
v 22.22372818 11.85265732 1.27467752
v 22.96451950 5.92632675 1.16242623
v 22.22372818 12.59344482 1.13997293
v 22.96451950 6.66711807 1.19760156
v 21.48293686 13.33423615 0.93113738
v 23.70531082 5.92632675 1.05928826
v 22.22372818 13.33423615 0.81924087
v 23.70531082 6.66711807 1.11569047
v 22.96451950 7.40790939 1.23761392
v 23.70531082 7.40790939 1.16480851
v 22.96451950 8.14870071 1.28085542
v 23.70531082 8.14870071 1.21059823
v 23.70531082 8.88949203 1.25530457
v 18.51977539 9.63028336 0.68478996
v 19.26056671 9.63028336 0.81881171
v 18.51977539 10.37107468 0.55388671
v 20.00135422 9.63028336 1.06157517
v 20.74214554 9.63028336 1.21682572
v 20.00135422 10.37107468 0.57427818
v 20.74214554 10.37107468 0.97195655
v 18.51977539 11.11186600 1.05278993
v 19.26056671 11.11186600 0.82527381
v 20.00135422 11.11186600 0.66074210
v 20.74214554 11.11186600 0.98951560
v 0.74079132 12.59344482 0.84307891
v -21.48293686 14.07502747 0.75634795
v 1.48158264 12.59344482 0.86689597
v 0.74079132 13.33423615 0.85105354
v 1.48158264 13.33423615 0.86434966
v -20.74214745 14.07502747 0.71795112
v 2.22237206 12.59344482 0.88376647
v -22.22372818 14.81581879 0.88038665
v 2.22237206 13.33423615 0.87093383
v -21.48293686 14.81581879 0.86318046
v -20.74214745 14.81581879 0.76887161
v 0.74079132 14.07502747 0.83957511
v 1.48158264 14.07502747 0.85058051
v -20.00135612 12.59344482 0.70862991
v -19.26056480 12.59344482 0.72473365
v 2.22237206 14.07502747 0.84710914
v -20.00135612 13.33423615 0.70224601
v -19.26056480 13.33423615 0.70910674
v -18.51977348 12.59344482 0.63354331
v -18.51977348 13.33423615 0.62388068
v -20.00135612 14.07502747 0.71282798
v -19.26056480 14.07502747 0.70669395
v -20.00135612 14.81581879 0.74814636
v -19.26056480 14.81581879 0.73473769
v -18.51977348 14.07502747 0.65982658
v -18.51977348 14.81581879 0.72341758
v -20.74214745 15.55661011 0.86531478
v -20.00135612 15.55661011 0.84653312
v -19.26056480 15.55661011 0.83631736
v -20.74214745 16.29740143 0.97250587
v -20.00135612 16.29740143 0.98180228
v -19.26056480 16.29740143 0.98946410
v -18.51977348 15.55661011 0.83417541
v -18.51977348 16.29740143 1.02406144
v 6.66711807 -2.22237206 1.08704782
v 7.40790939 -2.22237206 1.12131715
v 6.66711807 -1.48158264 1.01138139
v 8.14870071 -2.22237206 1.18087029
v 6.66711807 -0.74079132 0.91533691
v 18.51977539 4.44474602 1.10483575
v 19.26056671 4.44474602 0.93826514
v 20.00135422 3.70395470 1.13544106
v 20.00135422 4.44474602 0.72852355
v 20.74214554 4.44474602 1.10804391
v 18.51977539 5.18553734 0.77216941
v 19.26056671 5.18553734 0.56363517
v 20.74214554 5.18553734 1.11137033
v 22.22372818 3.70395470 1.12731957
v 22.22372818 4.44474602 1.27274346
v 22.96451950 4.44474602 1.06619859
v 22.96451950 5.18553734 1.12635064
v 23.70531082 4.44474602 0.95220405
v 23.70531082 5.18553734 1.00831437
v 12.59344482 6.66711807 1.17246079
v 13.33423615 6.66711807 1.20459390
v 14.07502747 6.66711807 1.21188951
v 8.88949203 -13.33423710 1.63845277
v 17.03819275 11.85265732 1.29099298
v 5.92632675 5.92632675 1.51435876
v 4.44474602 3.70395470 1.28308511
v 15.55661011 12.59344482 1.28805947
v 16.29740143 12.59344482 1.28279138
v 17.77898407 11.85265732 1.30105042
v 6.66711807 5.92632675 1.54532838
v 18.51977539 11.85265732 1.29077172
v 6.66711807 6.66711807 1.32205224
v 5.18553734 3.70395470 1.43030381
v 20.00135422 12.59344482 1.31122613
v 7.40790939 5.92632675 1.40736604
v 20.74214554 6.66711807 1.34906793
v 5.92632675 3.70395470 1.44647813
v 20.74214554 11.85265732 1.32900071
v 5.18553734 4.44474602 1.49653077
v 20.74214554 12.59344482 1.36813951
v 5.92632675 4.44474602 1.55240655
v 20.00135422 7.40790939 1.32744050
v 9.63028336 -13.33423710 1.64821267
v 5.18553734 5.18553734 1.40126634
v 21.48293686 11.85265732 1.40048432
v 20.74214554 7.40790939 1.38345551
v 8.88949203 -12.59344673 1.56627870
v 19.26056671 8.14870071 1.32625604
v 5.92632675 -14.07502842 1.29906869
v 21.48293686 12.59344482 1.33866143
v 8.14870071 -7.40790939 1.30567765
v 5.18553734 -13.33423710 1.32053971
v 20.00135422 8.14870071 1.36522317
v 5.92632675 -13.33423710 1.35755563
v 20.74214554 8.14870071 1.39767861
v 8.88949203 -7.40790939 1.32839608
v 20.00135422 8.88949203 1.33585954
v 8.88949203 -6.66711807 1.29941964
v 4.44474602 -12.59344673 1.30487084
v 20.74214554 8.88949203 1.37153840
v 9.63028336 -12.59344673 1.56831956
v 4.44474602 -11.85265541 1.29730248
v 8.88949203 -8.88949203 1.35446191
v -13.33423710 16.29740143 1.30403352
v 21.48293686 5.92632675 1.36475015
v 9.63028336 -8.88949203 1.38650537
v 21.48293686 6.66711807 1.38372445
v 10.37107468 -13.33423710 1.65022874
v 22.22372818 5.92632675 1.30253816
v 22.22372818 6.66711807 1.31847596
v 8.88949203 -8.14870071 1.34145761
v 10.37107468 -12.59344673 1.56593728
v 9.63028336 -8.14870071 1.36683679
v 21.48293686 7.40790939 1.40430284
v 10.37107468 -8.88949203 1.37099099
v 5.92632675 5.18553734 1.55298448
v 22.22372818 7.40790939 1.34183526
v 8.88949203 -11.85265541 1.32295632
v 10.37107468 -8.14870071 1.30663133
v -12.59344673 16.29740143 1.32229829
v -11.85265541 16.29740143 1.34211755
v 21.48293686 8.14870071 1.41983247
v 9.63028336 -7.40790939 1.34276032
v 9.63028336 -11.85265541 1.39309716
v 6.66711807 3.70395470 1.37834001
v -11.11186409 16.29740143 1.32978845
v 22.22372818 8.14870071 1.37582231
v 6.66711807 4.44474602 1.52792954
v -10.37107372 16.29740143 1.31695580
v 5.18553734 -12.59344673 1.34435868
v 7.40790939 4.44474602 1.41255021
v 9.63028336 -6.66711807 1.31374383
v 21.48293686 8.88949203 1.43119073
v 10.37107468 -11.85265541 1.36232400
v 5.92632675 -12.59344673 1.36099458
v 6.66711807 5.18553734 1.57037950
v 11.11186600 -13.33423710 1.65337014
v 22.22372818 8.88949203 1.34566712
v 7.40790939 5.18553734 1.48706460
v 5.18553734 -11.85265541 1.33319116
v 11.11186600 -12.59344673 1.59231973
v 9.63028336 -5.92632675 1.29289460
v 11.85265732 -13.33423710 1.62979341
v 5.92632675 -11.85265541 1.33890557
v 11.85265732 -12.59344673 1.59990144
v 22.96451950 8.88949203 1.31480622
v 11.11186600 -11.85265541 1.41989541
v 6.66711807 -14.07502842 1.37302995
v 11.85265732 -11.85265541 1.46256280
v 7.40790939 -14.81581879 1.30397630
v 7.40790939 -14.07502842 1.45231080
v 12.59344482 -13.33423710 1.58068490
v 6.66711807 -13.33423710 1.40553498
v 12.59344482 -12.59344673 1.57555032
v 7.40790939 -13.33423710 1.48639131
v 13.33423615 -13.33423710 1.50456262
v 8.14870071 -14.81581879 1.36167359
v 21.48293686 9.63028336 1.39356446
v 13.33423615 -12.59344673 1.55552888
v 8.14870071 -14.07502842 1.51931596
v 12.59344482 -11.85265541 1.42146707
v 22.22372818 9.63028336 1.38711572
v 13.33423615 -11.85265541 1.44472909
v 8.88949203 -14.81581879 1.34361100
v 21.48293686 10.37107468 1.29608750
v 22.22372818 10.37107468 1.42425370
v 14.07502747 -13.33423710 1.38744569
v 8.88949203 -14.07502842 1.52844834
v 21.48293686 11.11186600 1.31119752
v 14.07502747 -12.59344673 1.52725053
v 22.22372818 11.11186600 1.36264825
v 14.81581879 -12.59344673 1.39094377
v 8.14870071 -13.33423710 1.57857537
v 14.07502747 -11.85265541 1.54617906
v 14.81581879 -11.85265541 1.50923944
v 6.66711807 -12.59344673 1.29987931
v 7.40790939 -12.59344673 1.34434533
v 15.55661011 -11.85265541 1.30459237
v 8.14870071 -12.59344673 1.47282624
v 5.18553734 -11.11186409 1.28651643
v 5.92632675 -11.11186409 1.32360101
v 5.92632675 -10.37107372 1.33406472
v 6.66711807 -11.11186409 1.28779054
v 6.66711807 -10.37107372 1.34981942
v 7.40790939 -10.37107372 1.36458039
v 8.14870071 -10.37107372 1.38792825
v 8.88949203 -10.37107372 1.39526963
v 6.66711807 -9.63028240 1.29487443
v 7.40790939 -9.63028240 1.36008859
v 7.40790939 -8.88949203 1.32655549
v 8.14870071 -9.63028240 1.37180352
v 8.88949203 -9.63028240 1.38364434
v 8.14870071 -8.88949203 1.35066056
v 9.63028336 -11.11186409 1.30791306
v 9.63028336 -10.37107372 1.40401864
v 10.37107468 -10.37107372 1.41375184
v 11.11186600 -11.11186409 1.30117440
v 11.85265732 -11.11186409 1.29574800
v 11.11186600 -10.37107372 1.33745217
v 9.63028336 -9.63028240 1.41909814
v 10.37107468 -9.63028240 1.41619897
v 11.11186600 -9.63028240 1.29145074
v 7.40790939 -8.14870071 1.28872895
v 8.14870071 -8.14870071 1.33850312
v 14.81581879 0.00000000 1.29953218
v 14.81581879 0.74079132 1.30618119
v 15.55661011 0.74079132 1.30315232
v 15.55661011 1.48158264 1.28428102
v 17.77898407 1.48158264 1.28889298
v 17.03819275 2.22237206 1.30744767
v 17.77898407 2.22237206 1.38066125
v 17.77898407 2.96316338 1.33071542
v 18.51977539 1.48158264 1.28448510
v 18.51977539 2.22237206 1.39612985
v 19.26056671 2.22237206 1.39174104
v 18.51977539 2.96316338 1.41432786
v 19.26056671 2.96316338 1.39441895
v 20.00135422 2.22237206 1.38006997
v 20.74214554 2.22237206 1.32784486
v 20.00135422 2.96316338 1.38488603
v 20.74214554 2.96316338 1.42061639
v 21.48293686 2.96316338 1.32332063
v 18.51977539 3.70395470 1.33337235
v 20.74214554 3.70395470 1.30179811
v 21.48293686 3.70395470 1.34890008
v 21.48293686 4.44474602 1.33564210
v 21.48293686 5.18553734 1.35833383
v 22.22372818 5.18553734 1.29178834
v 14.07502747 -11.11186409 1.46822381
v 14.81581879 -11.11186409 1.55073953
v 14.07502747 -10.37107372 1.42401910
v 14.81581879 -10.37107372 1.56366754
v 14.07502747 -9.63028240 1.44534516
v 14.81581879 -9.63028240 1.55300927
v 14.07502747 -8.88949203 1.47346330
v 14.81581879 -8.88949203 1.52131867
v 15.55661011 -11.11186409 1.41552567
v 15.55661011 -10.37107372 1.46533608
v 15.55661011 -9.63028240 1.46097016
v 15.55661011 -8.88949203 1.42389131
v 13.33423615 -7.40790939 1.31251168
v 14.07502747 -8.14870071 1.48224664
v 14.81581879 -8.14870071 1.49925447
v 14.07502747 -7.40790939 1.46129251
v 14.81581879 -7.40790939 1.46371102
v 13.33423615 -6.66711807 1.32266259
v 13.33423615 -5.92632675 1.30225587
v 14.07502747 -6.66711807 1.41840577
v 14.81581879 -6.66711807 1.41155839
v 14.07502747 -5.92632675 1.40003419
v 14.81581879 -5.92632675 1.36283135
v 15.55661011 -8.14870071 1.37829804
v 15.55661011 -7.40790939 1.32775331
v 14.07502747 -5.18553734 1.36562943
v 14.81581879 -5.18553734 1.32490945
v 14.07502747 -4.44474602 1.34161782
v 14.07502747 -3.70395470 1.34387803
v 14.07502747 -2.96316338 1.35104775
v 14.81581879 -2.96316338 1.29105973
v 14.07502747 -2.22237206 1.33089852
v 14.81581879 -2.22237206 1.29578424
v 14.07502747 -1.48158264 1.30790544
v 14.81581879 -1.48158264 1.30702996
v 14.81581879 -0.74079132 1.30122781
v -23.70531082 11.85265732 0.78349334
v 17.77898407 -8.88949203 0.56772262
v -19.26056480 -20.74214745 0.54732925
v -2.96316338 -16.29740143 0.66893607
v 0.00000000 -16.29740143 0.65828925
v -1.48158264 -16.29740143 0.65319473
v 1.48158264 -16.29740143 0.67282325
v -17.77898407 -20.74214745 0.56804115
v 2.96316338 -16.29740143 0.70309669
v 4.44474602 -16.29740143 0.75009948
v -22.22372818 -19.26056480 0.54805976
v -23.70531082 -11.85265541 0.63125640
v 5.92632675 -16.29740143 0.81119567
v -20.74214745 -19.26056480 0.56938392
v 17.77898407 -7.40790939 0.55338317
v -23.70531082 -17.77898407 0.57370216
v -23.70531082 13.33423615 0.82425910
v -22.22372818 -17.77898407 0.58432037
v -2.96316338 17.77898407 0.73256522
v 7.40790939 -16.29740143 0.87684852
v -20.74214745 -17.77898407 0.61576492
v 17.77898407 -2.96316338 0.57473022
v -23.70531082 14.81581879 0.89167434
v 8.88949203 -16.29740143 0.90639907
v 17.77898407 -1.48158264 0.72490722
v -22.22372818 -11.85265541 0.63907081
v -19.26056480 -19.26056480 0.59925681
v -23.70531082 16.29740143 0.97921211
v -17.77898407 -19.26056480 0.62864333
v 20.74214554 0.00000000 0.57959396
v -23.70531082 -10.37107372 0.63285667
v -22.22372818 16.29740143 0.96950370
v -19.26056480 -17.77898407 0.65658981
v 23.70531082 10.37107468 1.26847291
v 10.37107468 -16.29740143 0.87476379
v -23.70531082 17.77898407 1.07593942
v 11.85265732 -16.29740143 0.75103980
v -17.77898407 -17.77898407 0.70140296
v -22.22372818 -10.37107372 0.63075286
v 10.37107468 -14.81581879 1.39090943
v -1.48158264 17.77898407 0.62956458
v -16.29740143 -20.74214745 0.58487731
v -14.81581879 -20.74214745 0.59449798
v 23.70531082 11.85265732 1.11544824
v -2.96316338 19.26056671 0.74007827
v -22.22372818 17.77898407 1.07722688
v -13.33423710 -20.74214745 0.59409934
v -1.48158264 19.26056671 0.62030250
v -20.74214745 17.77898407 1.08786988
v -11.85265541 -20.74214745 0.58106261
v -23.70531082 5.92632675 0.73504859
v -16.29740143 -19.26056480 0.65399390
v 11.85265732 -14.81581879 1.28855348
v 0.00000000 17.77898407 0.55916816
v 4.44474602 16.29740143 0.55446082
v 13.33423615 -14.81581879 1.06846070
v 8.88949203 14.81581879 0.70890266
v 14.81581879 -14.81581879 0.69717246
v -23.70531082 7.40790939 0.73772842
v 10.37107468 14.81581879 0.72739631
v -14.81581879 -19.26056480 0.67105323
v -16.29740143 -17.77898407 0.73248321
v -23.70531082 8.88949203 0.74450904
v -2.96316338 20.74214554 0.73727638
v -14.81581879 -17.77898407 0.75601608
v -1.48158264 20.74214554 0.60659248
v -13.33423710 -19.26056480 0.67856246
v -23.70531082 10.37107468 0.75491554
v -11.85265541 -19.26056480 0.67445213
v -23.70531082 -8.88949203 0.63644248
v -13.33423710 -17.77898407 0.77125770
v -5.92632675 20.74214554 1.00990891
v -4.44474602 20.74214554 0.87389022
v -11.85265541 -17.77898407 0.78138572
v 16.29740143 14.81581879 0.65944129
v -5.92632675 22.22372818 0.99581367
v -22.22372818 -8.88949203 0.63182098
v -23.70531082 -16.29740143 0.60362464
v -4.44474602 22.22372818 0.86363441
v 17.77898407 14.81581879 0.54896384
v -2.96316338 22.22372818 0.72698432
v -22.22372818 -16.29740143 0.62011367
v -23.70531082 -7.40790939 0.64718848
v -20.74214745 -16.29740143 0.65446883
v -5.92632675 23.70531082 0.98996955
v -23.70531082 -14.81581879 0.62310058
v 23.70531082 13.33423615 0.76063377
v -4.44474602 23.70531082 0.85945541
v -23.70531082 -5.92632675 0.65237647
v -22.22372818 -14.81581879 0.63809806
v -2.96316338 23.70531082 0.72310096
v -1.48158264 22.22372818 0.59166557
v -1.48158264 23.70531082 0.58638412
v -23.70531082 -13.33423710 0.63053352
v -23.70531082 -4.44474602 0.65884620
v -22.22372818 -13.33423710 0.64982444
v -23.70531082 -2.96316338 0.67002517
v -13.33423710 -16.29740143 0.84643775
v -23.70531082 -1.48158264 0.70657760
v -11.85265541 -16.29740143 0.87368041
v -10.37107372 -20.74214745 0.55314285
v 23.70531082 1.48158264 0.57332259
v -10.37107372 -19.26056480 0.65542060
v -8.88949203 -19.26056480 0.61823684
v -10.37107372 -17.77898407 0.77688819
v -8.88949203 -17.77898407 0.75068504
v 23.70531082 2.96316338 0.82657844
v -7.40790939 -19.26056480 0.56284744
v -7.40790939 -17.77898407 0.70060378
v -5.92632675 -17.77898407 0.63347274
v -4.44474602 -17.77898407 0.56238967
v -10.37107372 -16.29740143 0.89318305
v -8.88949203 -16.29740143 0.88877708
v -7.40790939 -16.29740143 0.84875327
v -5.92632675 -16.29740143 0.77973777
v -4.44474602 -16.29740143 0.71287376
v -19.26056480 17.77898407 1.11939454
v -17.77898407 17.77898407 1.17202401
v -16.29740143 17.77898407 1.24480653
v -14.81581879 17.77898407 1.31793427
v -13.33423710 17.77898407 1.37434220
v -11.85265541 17.77898407 1.39105630
v -23.70531082 19.26056671 1.15548539
v -22.22372818 19.26056671 1.16143060
v -20.74214745 19.26056671 1.18066049
v -23.70531082 20.74214554 1.21015000
v -22.22372818 20.74214554 1.21656632
v -20.74214745 20.74214554 1.23556161
v -19.26056480 19.26056671 1.21487451
v -17.77898407 19.26056671 1.26314950
v -19.26056480 20.74214554 1.26584268
v -17.77898407 20.74214554 1.30370355
v -23.70531082 22.22372818 1.24115205
v -22.22372818 22.22372818 1.24699044
v -20.74214745 22.22372818 1.26376557
v -23.70531082 23.70531082 1.25004411
v -22.22372818 23.70531082 1.25551629
v -20.74214745 23.70531082 1.27109170
v -19.26056480 22.22372818 1.28908753
v -17.77898407 22.22372818 1.31871438
v -19.26056480 23.70531082 1.29421449
v -17.77898407 23.70531082 1.32058167
v -16.29740143 19.26056671 1.31780648
v -14.81581879 19.26056671 1.36789536
v -16.29740143 20.74214554 1.34267259
v -14.81581879 20.74214554 1.37347436
v -13.33423710 19.26056671 1.39833856
v -11.85265541 19.26056671 1.39556146
v -13.33423710 20.74214554 1.38595986
v -11.85265541 20.74214554 1.37112832
v -16.29740143 22.22372818 1.34651017
v -14.81581879 22.22372818 1.36503625
v -16.29740143 23.70531082 1.34436822
v -14.81581879 23.70531082 1.35874009
v -13.33423710 22.22372818 1.36657548
v -11.85265541 22.22372818 1.34463143
v -13.33423710 23.70531082 1.35682511
v -11.85265541 23.70531082 1.33285165
v -10.37107372 17.77898407 1.35342813
v -8.88949203 17.77898407 1.26216149
v -7.40790939 17.77898407 1.13578248
v -5.92632675 17.77898407 0.99538642
v -4.44474602 17.77898407 0.85638076
v -10.37107372 19.26056671 1.35115266
v -8.88949203 19.26056671 1.26599908
v -10.37107372 20.74214554 1.32375932
v -8.88949203 20.74214554 1.24381471
v -7.40790939 19.26056671 1.14920640
v -5.92632675 19.26056671 1.01425767
v -7.40790939 20.74214554 1.13639855
v -10.37107372 22.22372818 1.29528832
v -8.88949203 22.22372818 1.21816659
v -10.37107372 23.70531082 1.28328347
v -8.88949203 23.70531082 1.20754647
v -7.40790939 22.22372818 1.11639428
v -7.40790939 23.70531082 1.10812211
v -4.44474602 19.26056671 0.87436515
vn 0.02685094 0.18795654 0.98181027
vn 0.01248927 0.16236053 0.98665249
vn 0.03985963 0.13780044 0.98965764
vn 0.02131348 0.13573325 0.99051619
vn 0.06989151 0.11343049 0.99108458
vn 0.07300242 0.08198734 0.99395609
vn 0.20058906 -0.13926247 0.96972674
vn 0.18327139 -0.11594721 0.97620070
vn 0.14179422 -0.09413230 0.98541027
vn 0.09246750 -0.08561806 0.99202788
vn 0.05368204 -0.07340197 0.99585664
vn 0.06477609 -0.06477609 0.99579525
vn 0.08047055 0.05180980 0.99540961
vn 0.08112993 0.02920678 0.99627554
vn 0.08318789 0.05656776 0.99492711
vn 0.10042101 -0.03641641 0.99427837
vn 0.06412874 0.14341520 0.98758268
vn 0.10909577 -0.07694123 0.99104899
vn 0.10840288 -0.09441540 0.98961335
vn 0.12381999 -0.12381999 0.98454928
vn 0.13077177 -0.14054909 0.98139936
vn 0.14786419 -0.14786419 0.97789174
vn 0.15384005 -0.14883712 0.97682178
vn 0.16770980 -0.14753418 0.97473437
vn 0.16729851 -0.14717238 0.97485977
vn 0.16942540 -0.11995813 0.97821528
vn 0.09781360 -0.03406991 0.99462146
vn 0.02126623 0.13543227 0.99055839
vn 0.04084127 0.09603216 0.99453998
vn 0.10128313 -0.04340705 0.99391019
vn 0.02077960 0.10608534 0.99413991
vn 0.09761383 -0.02961319 0.99478370
vn 0.01415438 0.10779103 0.99407279
vn 0.10213076 -0.05499349 0.99324971
vn 0.09226913 -0.02496694 0.99542105
vn 0.05655719 0.08539026 0.99474108
vn 0.06818362 0.04220891 0.99677950
vn 0.05724667 0.05292617 0.99695623
vn 0.09403282 -0.04535701 0.99453539
vn 0.04152954 0.05217814 0.99777389
vn 0.07403830 0.02897151 0.99683446
vn 0.11279535 -0.08953857 0.98957568
vn 0.06043825 0.02862865 0.99776131
vn 0.10772529 -0.08687524 0.99037766
vn 0.04496523 0.02614258 0.99864638
vn 0.12254100 -0.11064382 0.98627663
vn 0.07782520 -0.01812368 0.99680227
vn 0.02195765 0.04914332 0.99855036
vn 0.01145071 0.05725357 0.99829400
vn 0.07913406 -0.03577293 0.99622190
vn 0.02562418 0.02562418 0.99934322
vn 0.05748928 -0.01567890 0.99822301
vn 0.01114062 0.02531959 0.99961728
vn 0.05597713 -0.02640431 0.99808288
vn 0.09133798 -0.06878539 0.99344146
vn 0.06642426 -0.05335719 0.99636382
vn 0.03158266 -0.01120675 0.99943829
vn 0.02978457 -0.02156814 0.99932361
vn 0.01501241 -0.01100910 0.99982673
vn 0.01522251 -0.02334118 0.99961162
vn 0.03472009 -0.04313708 0.99846566
vn 0.01759798 -0.04244218 0.99894392
vn 0.11119373 -0.09714821 0.98903900
vn 0.08215706 -0.07540442 0.99376273
vn 0.12547222 -0.11113253 0.98585308
vn 0.10331453 -0.09402784 0.99019438
vn 0.04195492 -0.06131872 0.99723607
vn 0.02213256 -0.05796623 0.99807316
vn 0.05390846 -0.07591191 0.99565619
vn 0.02897605 -0.07190352 0.99699062
vn 0.11374178 -0.09967063 0.98849815
vn 0.12413438 -0.10048974 0.98716384
vn 0.06835323 -0.08628195 0.99392319
vn 0.03577293 -0.07913406 0.99622190
vn 0.07780128 -0.08456661 0.99337578
vn 0.04271996 -0.08215377 0.99570364
vn 0.06112338 -0.08335006 0.99464405
vn 0.05180980 -0.08047055 0.99540961
vn 0.08908679 -0.07104390 0.99348694
vn 0.07590272 0.05610201 0.99553573
vn 0.27704728 -0.21300620 0.93694884
vn 0.19396186 0.40396565 0.89397454
vn -0.11189607 0.28566408 0.95177478
vn 0.20781247 0.01761123 0.97801012
vn 0.34390149 0.24731639 0.90585119
vn -0.41224414 0.00129230 0.91107249
vn 0.00348901 0.20817740 0.97808486
vn -0.12732765 -0.30156550 0.94490522
vn -0.25175342 -0.06387773 0.96568102
vn -0.26404303 -0.14197288 0.95400470
vn -0.22005323 -0.44759125 0.86674023
vn -0.07516022 -0.54030269 0.83810735
vn 0.00097752 -0.00097752 0.99999905
vn -0.00940450 0.06374162 0.99792212
vn 0.02169566 -0.03822569 0.99903357
vn -0.06102591 0.00103434 0.99813563
vn 0.17349733 -0.01723483 0.98468351
vn 0.04872156 0.12123737 0.99142706
vn 0.06575067 0.03988155 0.99703878
vn -0.21628235 0.30109894 0.92874187
vn -0.03721045 0.12741758 0.99115092
vn 0.21522576 -0.02497094 0.97624499
vn 0.06438132 0.14866231 0.98679000
vn -0.01413028 -0.10325971 0.99455404
vn 0.07724385 0.15329933 0.98515618
vn 0.33023259 -0.07762439 0.94070238
vn 0.04599968 0.18046029 0.98250598
vn 0.12746871 0.15964527 0.97891021
vn 0.09859726 0.35251898 0.93059605
vn 0.12422266 0.18445183 0.97495967
vn 0.57447720 0.23819788 0.78309494
vn -0.07027879 0.22070007 0.97280645
vn -0.45488662 0.15841100 0.87634706
vn 0.56119788 0.07853914 0.82394695
vn -0.14158607 0.04719536 0.98880023
vn -0.70204151 -0.26585245 0.66065133
vn -0.13607647 0.26290500 0.95517749
vn -0.03360156 -0.08129409 0.99612355
vn -0.10392527 0.20659845 0.97289085
vn -0.00753100 -0.09790296 0.99516743
vn -0.19876975 0.02469920 0.97973490
vn -0.25744709 0.21063852 0.94305485
vn 0.16954821 0.07816052 0.98241764
vn -0.15365253 0.20271805 0.96710718
vn 0.08431133 -0.18695121 0.97874451
vn 0.00106471 -0.09475879 0.99549967
vn -0.31491807 0.09091777 0.94475418
vn 0.28197116 0.02093236 0.95919448
vn 0.01163119 -0.07507404 0.99711013
vn 0.00551195 0.13338916 0.99104840
vn 0.03300947 0.05856518 0.99773771
vn 0.00134636 0.53181255 0.84686100
vn -0.03314108 0.14742067 0.98851848
vn 0.40672439 0.00909607 0.91350561
vn 0.07980306 0.04263451 0.99589849
vn 0.43867138 -0.12350942 0.89011961
vn -0.00106063 0.09015317 0.99592739
vn -0.09202329 0.18772751 0.97790086
vn 0.00337615 0.16092964 0.98696011
vn -0.12173927 0.30100369 0.94582045
vn -0.05060529 0.10683340 0.99298829
vn 0.17600247 -0.42327866 0.88873976
vn 0.11172111 -0.53539073 0.83718282
vn 0.07340197 0.05368204 0.99585664
vn -0.29787719 0.37348053 0.87851089
vn -0.06031739 0.02433860 0.99788249
vn -0.07772209 0.12180327 0.98950654
vn 0.00947801 -0.52399838 0.85166657
vn 0.17508006 0.51925457 0.83649367
vn -0.30698892 0.35840577 0.88164794
vn 0.01215796 -0.50928324 0.86051309
vn 0.03414455 -0.09802791 0.99459773
vn -0.04203946 0.06359816 0.99708974
vn -0.07174912 0.51068491 0.85676891
vn -0.31665334 0.38396129 0.86735481
vn -0.02244109 -0.07373499 0.99702537
vn -0.04891003 -0.54918969 0.83426529
vn 0.00320704 -0.09728026 0.99525189
vn 0.13351789 -0.16596150 0.97705156
vn -0.02442661 0.18261804 0.98288047
vn -0.33607805 -0.39183292 0.85645694
vn -0.09811123 -0.00970331 0.99512815
vn -0.69018674 -0.34754083 0.63471073
vn -0.26741242 0.37198710 0.88888484
vn -0.03373500 0.08596983 0.99572647
vn -0.32604906 -0.42589185 0.84398347
vn -0.02885691 -0.06947034 0.99716657
vn 0.08256691 -0.11745433 0.98963994
vn -0.04220891 -0.06818362 0.99677950
vn 0.00368497 0.29848278 0.95440793
vn 0.07315206 0.08440623 0.99374264
vn -0.20427670 -0.51296145 0.83375156
vn 0.01921088 -0.14803678 0.98879528
vn 0.18895416 0.17852910 0.96562088
vn 0.00129230 -0.41224414 0.91107249
vn -0.08380885 0.03374123 0.99591041
vn 0.12226308 0.01211616 0.99242377
vn -0.10435938 0.02746299 0.99416041
vn 0.02817612 0.04278596 0.99868691
vn -0.34500989 -0.37904674 0.85865688
vn 0.05925510 0.09279572 0.99392045
vn 0.05889750 -0.08556807 0.99458992
vn -0.48200998 0.06528666 0.87372994
vn -0.13469648 0.27872837 0.95087713
vn 0.07057016 0.00947957 0.99746180
vn -0.34406266 -0.00630151 0.93892556
vn 0.00105064 0.07669646 0.99705392
vn 0.17932118 -0.31276950 0.93274820
vn -0.02708848 0.08776668 0.99577266
vn -0.19370475 0.29682815 0.93507838
vn 0.35886294 -0.11325332 0.92649400
vn -0.02491801 0.08992152 0.99563706
vn -0.00981624 -0.11234137 0.99362123
vn -0.02531083 0.10894663 0.99372530
vn 0.11249056 0.17677090 0.97780263
vn -0.25475609 0.32754353 0.90984315
vn 0.04487168 -0.32435817 0.94486946
vn -0.27359983 0.25091797 0.92853826
vn -0.41712105 0.01176831 0.90877473
vn -0.00564778 0.16604468 0.98610204
vn 0.02467518 -0.38311464 0.92337120
vn -0.20993939 0.33561739 0.91830629
vn -0.39043570 0.16732958 0.90529591
vn -0.06927590 -0.41158035 0.90873677
vn 0.24078006 0.44673029 0.86165947
vn -0.40398869 0.08627556 0.91068637
vn 0.04399864 0.28787681 0.95665616
vn -0.02746923 -0.10218553 0.99438602
vn -0.06927590 -0.41158035 0.90873677
vn 0.12468919 0.30166739 0.94522452
vn 0.12981595 0.33478850 0.93330836
vn 0.02920158 -0.08327858 0.99609834
vn 0.39470330 0.17079888 0.90279406
vn -0.56728977 -0.04622361 0.82222003
vn 0.05554399 -0.06207858 0.99652451
vn 0.13348174 -0.26299867 0.95551783
vn -0.06451254 -0.10299371 0.99258775
vn -0.07059680 -0.08404381 0.99395812
vn 0.20857395 0.34954116 0.91341007
vn -0.59349453 -0.05240883 0.80312985
vn 0.01586703 -0.06875712 0.99750721
vn -0.55797535 0.02907564 0.82934803
vn -0.02486914 -0.08758262 0.99584681
vn -0.07571424 -0.08701488 0.99332565
vn 0.07756568 -0.11924276 0.98983067
vn 0.34206423 0.08651430 0.93568546
vn -0.48167154 0.09181423 0.87152886
vn 0.03635237 0.09583806 0.99473292
vn 0.10325629 -0.01630362 0.99452114
vn -0.09361947 -0.10055425 0.99051714
vn 0.17587063 0.04839393 0.98322302
vn 0.29719999 0.03135021 0.95430040
vn 0.03838905 0.16635253 0.98531884
vn 0.00518359 -0.05701950 0.99835962
vn 0.22139624 0.50844795 0.83214450
vn 0.01624051 0.09852576 0.99500197
vn 0.08685255 -0.01393930 0.99612367
vn 0.03912010 0.19322959 0.98037338
vn -0.26790392 -0.21237978 0.93974584
vn -0.32749960 0.40821043 0.85211986
vn 0.07115707 -0.02017887 0.99726099
vn -0.27608576 -0.20394275 0.93924654
vn -0.37279233 0.37903154 0.84697169
vn 0.16068298 0.07260490 0.98433197
vn 0.01443280 0.12989524 0.99142265
vn -0.49281669 0.09515481 0.86491460
vn 0.05375767 -0.02635180 0.99820626
vn 0.14303680 0.10216914 0.98442972
vn 0.00925846 -0.04629230 0.99888504
vn 0.05475569 0.15261692 0.98676735
vn -0.47273391 -0.14982028 0.86837584
vn 0.01833751 -0.09168755 0.99561900
vn 0.04669500 0.20234501 0.97820044
vn 0.31840175 -0.02391159 0.94765419
vn -0.36792389 -0.30130392 0.87968630
vn -0.05081361 -0.01140714 0.99864304
vn -0.34428298 -0.33214968 0.87814915
vn -0.36937359 -0.14078012 0.91855544
vn -0.03053582 -0.42617381 0.90412575
vn -0.54595065 0.02337824 0.83749110
vn -0.05174457 -0.38344055 0.92211485
vn -0.22595975 -0.25091237 0.94126791
vn -0.03049157 -0.41760188 0.90811837
vn 0.28248990 -0.08126422 0.95582199
vn 0.20878930 0.26409775 0.94162595
vn 0.26409853 -0.19020566 0.94555479
vn 0.15825529 0.11899817 0.98020136
vn 0.30850574 -0.03148018 0.95070142
vn 0.33307916 -0.21014008 0.91918415
vn 0.33282635 0.01898249 0.94279706
vn 0.38633102 -0.19533591 0.90143901
vn -0.03700307 0.11773705 0.99235517
vn -0.19584183 0.28751248 0.93754071
vn 0.27197611 -0.06451526 0.96013892
vn 0.06045052 0.30482498 0.95048797
vn -0.51104915 0.21814933 0.83140826
vn -0.22070007 0.07027879 0.97280645
vn -0.49777108 0.22072418 0.83875191
vn 0.29015002 -0.14440024 0.94602406
vn -0.31038237 0.10790116 0.94446820
vn 0.20883948 -0.06472802 0.97580546
vn -0.12265527 0.19852450 0.97239071
vn -0.48540553 0.35404167 0.79939723
vn 0.17601509 -0.10708611 0.97854549
vn 0.06020285 -0.30101427 0.95171744
vn 0.20581253 -0.32220307 0.92402726
vn 0.08589758 -0.17300498 0.98116809
vn -0.08280915 0.16441816 0.98290861
vn 0.10985277 -0.59613436 0.79533404
vn -0.43593532 0.40698022 0.80270010
vn -0.36678639 0.06223451 0.92822117
vn 0.03108382 -0.16002412 0.98662359
vn 0.01450825 0.43392858 0.90083045
vn -0.09015317 -0.00106063 0.99592739
vn -0.25631261 0.46811581 0.84567809
vn -0.06518058 0.11320838 0.99143094
vn 0.03775452 -0.23748809 0.97065645
vn 0.20917983 0.24199237 0.94746161
vn 0.39599320 -0.26951629 0.87781000
vn 0.19478282 0.00576281 0.98082948
vn -0.14104037 0.48128209 0.86514455
vn 0.30427662 0.21936220 0.92698222
vn 0.34845158 -0.29461357 0.88982266
vn 0.21673156 -0.33442685 0.91716200
vn 0.23385347 -0.01068366 0.97221315
vn 0.29900280 -0.44463113 0.84433436
vn 0.22529051 -0.04992925 0.97301143
vn 0.17133763 -0.40746680 0.89700294
vn 0.18488146 -0.07371091 0.97999263
vn -0.06884991 0.51286155 0.85570598
vn 0.08118372 -0.13765934 0.98714691
vn -0.07664593 -0.37516168 0.92378521
vn -0.21532789 0.00116393 0.97654110
vn -0.13927311 -0.26660851 0.95368916
vn -0.18466307 -0.03646214 0.98212528
vn -0.10553173 -0.31926689 0.94177049
vn -0.02834516 0.04934158 0.99837965
vn -0.14259380 -0.26786312 0.95284647
vn -0.04027499 -0.35467979 0.93412000
vn -0.10937537 -0.24319935 0.96379000
vn 0.01353987 -0.29172263 0.95640713
vn 0.03087265 -0.45503601 0.88993770
vn -0.06047096 0.11523712 0.99149567
vn -0.04490985 -0.46679023 0.88322699
vn -0.02839266 -0.27281642 0.96164703
vn -0.05191437 0.08284208 0.99520957
vn -0.12850368 -0.36616638 0.92163390
vn -0.08241472 -0.01605481 0.99646878
vn -0.08833533 0.17062029 0.98136920
vn -0.52146918 0.33534479 0.78461057
vn 0.00114324 0.18863524 0.98204654
vn -0.02334118 -0.01522251 0.99961162
vn 0.02629937 0.05154677 0.99832428
vn -0.23239051 -0.33342987 0.91368443
vn -0.00748744 0.09091897 0.99583018
vn 0.05171953 0.13447076 0.98956692
vn -0.18741189 -0.32832310 0.92578655
vn -0.04708664 0.30669945 0.95064104
vn 0.15979011 -0.01246590 0.98707229
vn -0.05969706 0.01570975 0.99809289
vn -0.13961574 0.30498585 0.94206738
vn -0.18866818 -0.28231370 0.94058663
vn 0.00629205 -0.34102893 0.94003177
vn -0.12482586 -0.05611438 0.99059057
vn -0.06983946 -0.00104238 0.99755770
vn 0.19387925 -0.11382588 0.97439957
vn -0.15280069 0.01697785 0.98811114
vn 0.10473926 -0.30891454 0.94530499
vn -0.16487844 0.28479004 0.94430381
vn 0.15290228 -0.16553882 0.97427809
vn -0.00770640 -0.12660508 0.99192327
vn 0.17737655 -0.32542312 0.92878276
vn -0.24119388 -0.26940370 0.93233424
vn -0.25353783 0.00841121 0.96728891
vn -0.11512653 0.39531398 0.91130275
vn -0.14359853 0.00779217 0.98960537
vn 0.16794388 0.17307194 0.97048485
vn -0.39394966 -0.03820916 0.91833752
vn -0.17969248 0.22761047 0.95702881
vn -0.20137398 0.51327652 0.83426362
vn 0.19511406 0.15893397 0.96781743
vn 0.10341956 -0.57536238 0.81133378
vn 0.14158607 -0.04719536 0.98880023
vn 0.13272031 -0.44382811 0.88622910
vn -0.01407231 0.36715931 0.93005162
vn -0.11551270 0.34653810 0.93089640
vn 0.08568408 0.32296306 0.94252485
vn -0.19499624 0.22996108 0.95346439
vn -0.04207531 0.31747732 0.94733196
vn -0.12675706 0.10069486 0.98680961
vn 0.12948824 0.28701001 0.94913542
vn 0.15979971 0.20657036 0.96529412
vn 0.02848903 -0.27869701 0.95995641
vn -0.02191409 -0.04695877 0.99865639
vn 0.14960070 0.32253364 0.93466127
vn 0.11272316 -0.34903437 0.93030560
vn 0.33681393 -0.35205439 0.87327778
vn 0.12596168 -0.11876387 0.98490036
vn -0.04335394 0.25888494 0.96493477
vn -0.02700016 0.19604464 0.98022318
vn 0.01926978 0.36355656 0.93137282
vn 0.41195044 -0.06348089 0.90899229
vn 0.00819268 0.21183941 0.97727019
vn -0.01396134 0.34649497 0.93794793
vn -0.03325681 0.15481621 0.98738337
vn 0.11213505 -0.46415395 0.87862784
vn -0.06625316 0.24876186 0.96629608
vn 0.06767988 -0.45994696 0.88536340
vn 0.01191391 -0.45405221 0.89089543
vn -0.06013363 -0.51603043 0.85445690
vn -0.08837157 0.16826916 0.98177183
vn -0.16417186 -0.24959461 0.95433235
vn 0.40642413 0.01960245 0.91347420
vn -0.14251843 -0.51571101 0.84482574
vn -0.26495659 0.16004993 0.95088482
vn -0.28790045 0.16782823 0.94283986
vn 0.19404875 -0.30014732 0.93394679
vn 0.09258592 -0.50851035 0.85606366
vn 0.40959781 0.01701205 0.91210759
vn -0.07586532 -0.57113701 0.81734145
vn 0.37472072 -0.05428816 0.92554694
vn -0.33892396 -0.36652863 0.86647981
vn -0.23563640 0.11974965 0.96443534
vn 0.32142422 -0.36712432 0.87287235
vn -0.11330535 0.48907754 0.86484975
vn 0.31473288 -0.14033544 0.93874872
vn 0.10172217 -0.14001758 0.98490995
vn -0.04141027 0.11303885 0.99272728
vn -0.29527032 0.15375829 0.94296008
vn -0.01258279 -0.17272739 0.98488933
vn -0.15731449 0.26756909 0.95060974
vn 0.11938566 -0.49336481 0.86159045
vn 0.41673067 -0.20762905 0.88500047
vn -0.12744533 0.19306074 0.97287470
vn 0.56553680 -0.23086296 0.79175150
vn 0.06616867 -0.31786913 0.94582283
vn 0.40730345 -0.06901155 0.91068178
vn 0.03779962 -0.24264918 0.96937740
vn 0.34519792 0.02951506 0.93806571
vn 0.44875792 0.19401744 0.87233800
vn -0.27208346 0.07536584 0.95931774
vn 0.06736121 0.27325770 0.95957941
vn -0.36148643 0.09612560 0.92740899
vn 0.01935904 0.02343463 0.99953794
vn -0.36526448 0.06773996 0.92843586
vn -0.22943485 0.33621585 0.91341043
vn 0.15811442 -0.03577771 0.98677242
vn 0.24386473 0.41142824 0.87821227
vn -0.33666033 -0.02159708 0.94137847
vn -0.70016742 -0.00138100 0.71397740
vn -0.36267811 -0.14034671 0.92128575
vn -0.38509461 -0.36014920 0.84970272
vn 0.29706123 0.12122229 0.94713241
vn 0.28132021 0.01842709 0.95943701
vn 0.03489003 0.12492881 0.99155205
vn 0.07020929 0.16302837 0.98412013
vn -0.16513781 -0.36556149 0.91602087
vn -0.19221118 -0.34598014 0.91834229
vn -0.21307229 -0.33033353 0.91949981
vn -0.26641738 -0.24668276 0.93175608
vn -0.20659979 -0.27592859 0.93871182
vn -0.32381624 -0.11420905 0.93920147
vn -0.15456744 -0.30503130 0.93971527
vn 0.18294415 0.09454160 0.97856700
vn 0.18156469 0.03397017 0.98279208
vn 0.17278606 -0.02899095 0.98453265
vn 0.08916531 -0.14385337 0.98557383
vn 0.06803748 -0.22885333 0.97108036
vn 0.02127710 -0.31164688 0.94995975
vn 0.02912646 -0.32292378 0.94597673
vn 0.09798214 -0.28872070 0.95238638
vn -0.02778491 -0.02778491 0.99922770
vn 0.02800994 0.03423437 0.99902123
vn 0.07746131 0.04254917 0.99608701
vn -0.05506361 0.01142830 0.99841744
vn 0.07250322 0.03787482 0.99664879
vn 0.04985030 0.03712256 0.99806660
vn 0.07236462 -0.00314629 0.99737328
vn -0.08917069 -0.01396649 0.99591839
vn -0.11982661 -0.01429125 0.99269199
vn 0.07961500 0.00955380 0.99677992
vn 0.09357373 0.06877106 0.99323440
vn -0.12797856 0.03963938 0.99098444
vn -0.15932123 0.02636251 0.98687470
vn 0.08945797 0.07586942 0.99309671
vn 0.08648542 0.01174493 0.99618387
vn 0.10064185 -0.03649650 0.99425310
vn -0.20468329 -0.04189424 0.97793132
vn -0.19478182 -0.06412072 0.97874844
vn 0.20818557 0.09349652 0.97361034
vn 0.15603493 0.02391776 0.98746192
vn 0.27319279 0.11110712 0.95552123
vn 0.23312511 0.15409966 0.96015936
vn 0.15694278 0.33471867 0.92915684
vn 0.16533712 0.29378083 0.94146508
vn 0.16410591 0.14406243 0.97586638
vn 0.17556532 0.47358376 0.86307317
vn 0.04009179 0.14547594 0.98854911
vn 0.04262697 0.08197495 0.99572241
vn 0.11700414 0.05339024 0.99169528
vn 0.05369346 0.12680796 0.99047303
vn 0.07403830 -0.02897151 0.99683446
vn 0.05901657 -0.08796809 0.99437350
vn 0.12154578 -0.07524262 0.98972988
vn 0.09095186 -0.09555702 0.99126011
vn 0.00766239 -0.11931437 0.99282694
vn -0.11803031 -0.11803031 0.98597038
vn -0.08316255 -0.09227625 0.99225456
vn 0.15098068 0.04033835 0.98771334
vn -0.38937634 0.10594338 0.91496557
vn -0.40234819 0.01432308 0.91537470
vn -0.36393011 -0.09335010 0.92673653
vn -0.04526208 -0.23854341 0.97007650
vn -0.05173942 -0.20094146 0.97823596
vn -0.11417568 -0.27690884 0.95408881
vn -0.05524792 -0.23204128 0.97113574
vn -0.11191703 -0.24313010 0.96351558
vn -0.17276704 -0.27615520 0.94545746
vn -0.14810851 -0.23461437 0.96073931
vn -0.22469801 -0.08912603 0.97034395
vn 0.23711230 0.16293192 0.95772171
vn 0.27862978 0.06743095 0.95802844
vn 0.19827767 0.18514669 0.96250021
vn 0.25287199 0.17985013 0.95063645
vn 0.28611875 -0.00121753 0.95819336
vn 0.26315325 -0.12175748 0.95703995
vn 0.21749134 -0.19347389 0.95669502
vn -0.19248165 -0.26073757 0.94602686
vn 0.20387843 -0.20121336 0.95809537
vn 0.11997423 -0.23865843 0.96366400
vn 0.03340472 -0.27342376 0.96131343
vn -0.14789575 -0.33587542 0.93022287
vn -0.13531302 -0.29072204 0.94719118
vn -0.07073717 -0.29452384 0.95302254
vn -0.15241688 -0.31993815 0.93509823
vn 0.02147000 0.14802997 0.98874980
vn 0.08085931 0.13242176 0.98788983
vn -0.05644850 0.13248119 0.98957688
vn -0.09969695 0.11142600 0.98875916
vn -0.03192990 0.10239590 0.99423116
vn -0.02531083 0.10894663 0.99372530
vn 0.02319533 0.11597665 0.99298108
vn 0.08758700 0.11795050 0.98914921
vn -0.05876251 0.13019928 0.98974496
vn 0.06991453 -0.43456674 0.89792186
vn -0.00392025 -0.43514767 0.90035057
vn 0.33559206 0.19399205 0.92181617
vn 0.17118406 0.26014587 0.95027375
vn 0.31328452 0.35868806 0.87931544
vn 0.01501317 0.53910911 0.84210211
vn 0.08582031 0.39640808 0.91405439
vn -0.25338420 -0.16490084 0.95320725
vn -0.15279444 -0.01924078 0.98807067
vn -0.28545263 -0.00121469 0.95839202
vn -0.19770302 0.22729123 0.95354718
vn -0.15324670 0.37257224 0.91526240
vn -0.12852645 0.31522804 0.94027245
vn -0.09080975 0.16587915 0.98195606
vn -0.18217610 -0.37726229 0.90801156
vn -0.13762072 -0.36281824 0.92164171
vn -0.18877198 -0.38474900 0.90351170
vn -0.05543279 -0.42859012 0.90179688
vn -0.08334803 -0.40307656 0.91136289
vn 0.00123623 -0.31771061 0.94818693
vn -0.07892194 -0.35983056 0.92967373
vn 0.02655355 -0.31990710 0.94707674
vn 0.11214861 -0.45853165 0.88157320
vn -0.07385052 0.24157880 0.96756697
vn 0.10742597 -0.42272818 0.89986694
vn -0.26181903 0.04342970 0.96413928
vn -0.15111752 -0.30359644 0.94074053
vn 0.00134521 0.52866769 0.84882778
vn -0.00098711 -0.01085819 0.99994051
vn 0.06284539 0.06946069 0.99560320
vn 0.00099291 0.01687941 0.99985707
vn 0.00102435 0.05019304 0.99873900
vn -0.14883436 0.27219257 0.95066273
vn -0.03995571 0.07019246 0.99673295
vn 0.03587114 -0.01332357 0.99926764
vn 0.00100069 -0.02501718 0.99968648
vn 0.00100264 0.02707130 0.99963301
vn -0.02135431 0.01932057 0.99958527
vn -0.08999923 0.08544230 0.99226999
vn 0.13819113 0.16060050 0.97729760
vn 0.04729849 -0.08249737 0.99546820
vn 0.00098904 -0.01285749 0.99991685
vn 0.31668112 -0.11090520 0.94202608
vn -0.20278569 0.29788518 0.93281418
vn 0.08327858 0.02920158 0.99609834
vn 0.18523979 0.12979387 0.97408408
vn 0.29895130 0.07635552 0.95120865
vn -0.06106709 0.03749733 0.99742907
vn 0.11338113 0.18813792 0.97557610
vn 0.14341520 -0.06412874 0.98758268
vn 0.00311587 -0.06127870 0.99811584
vn 0.18251295 0.20089555 0.96246040
vn 0.04348819 -0.04348819 0.99810696
vn -0.05212389 -0.08761250 0.99479002
vn 0.16691339 0.16436508 0.97217488
vn 0.11425837 -0.27448276 0.95477968
vn 0.28791079 -0.40063775 0.86982566
vn 0.02131178 0.01725239 0.99962401
vn -0.03011561 -0.23249249 0.97213179
vn 0.14687335 0.16444795 0.97538972
vn -0.23132101 -0.35352832 0.90637100
vn 0.00494542 -0.00692359 0.99996376
vn 0.08007190 -0.11720669 0.98987430
vn 0.20930228 -0.43790194 0.87431943
vn 0.00097943 -0.00293828 0.99999523
vn -0.02582949 -0.03409493 0.99908477
vn -0.03067004 -0.14199091 0.98939270
vn -0.01198290 -0.46467006 0.88540286
vn 0.19103657 0.13030972 0.97289485
vn 0.10458123 -0.02972309 0.99407208
vn 0.00122063 0.29417142 0.95575196
vn 0.09615225 0.09846917 0.99048400
vn 0.14419894 0.19013843 0.97110969
vn 0.06547466 -0.03756743 0.99714679
vn 0.04779410 -0.47111326 0.88077694
vn 0.03241935 -0.03869406 0.99872506
vn -0.03799587 -0.01334990 0.99918872
vn 0.00097752 -0.00097752 0.99999905
vn 0.30127025 -0.01611734 0.95340258
vn 0.10105731 0.20086700 0.97439212
vn 0.21669035 -0.03232398 0.97570515
vn -0.01228606 -0.55560309 0.83135694
vn 0.04931494 0.20327379 0.97787923
vn 0.05489567 0.09746781 0.99372357
vn 0.00100460 0.02913334 0.99957502
vn 0.12863214 0.14333296 0.98127949
vn -0.00336241 0.15803331 0.98742801
vn -0.43114626 -0.42468712 0.79608655
vn 0.03255851 0.22790959 0.97313780
vn 0.07990978 0.11465316 0.99018639
vn -0.03503021 0.23071621 0.97239029
vn 0.03972346 0.00509275 0.99919772
vn 0.07048967 -0.04229380 0.99661553
vn 0.01420906 0.11257946 0.99354112
vn 0.01042447 0.19343181 0.98105836
vn -0.06754982 0.15998641 0.98480523
vn -0.29067254 -0.51064098 0.80916953
vn 0.20376746 0.03694030 0.97832215
vn -0.12169395 0.18693194 0.97480619
vn -0.02585525 0.13602109 0.99036849
vn 0.02919197 0.00100662 0.99957329
vn 0.00731474 0.06374273 0.99793953
vn -0.06112468 0.24824104 0.96676791
vn -0.07264731 0.04228724 0.99646086
vn -0.39119864 -0.38177216 0.83738500
vn 0.01684952 -0.14265926 0.98962843
vn -0.02606265 0.14391112 0.98924738
vn 0.25185129 -0.01566539 0.96763915
vn 0.17808089 -0.18847977 0.96579629
vn -0.00544051 -0.11425070 0.99343705
vn 0.04895285 -0.27488908 0.96022898
vn -0.00891926 0.00495514 0.99994791
vn 0.03241935 0.03869406 0.99872506
vn -0.01970654 -0.04459902 0.99881059
vn 0.00097752 0.00097752 0.99999905
vn 0.22558317 -0.03739614 0.97350591
vn -0.25472456 0.21341786 0.94316930
vn 0.03859264 -0.17659055 0.98352748
vn -0.04745514 0.15162495 0.98729831
vn 0.10099449 0.09635106 0.99021035
vn -0.25100604 0.07694156 0.96492279
vn 0.07823902 0.21981439 0.97239929
vn 0.00118242 0.24003069 0.97076452
vn 0.06237931 0.21404666 0.97482967
vn 0.09210612 0.14952292 0.98445886
vn 0.04190062 0.12796675 0.99089295
vn 0.03484160 0.22226541 0.97436351
vn 0.02681267 0.18302558 0.98274243
vn -0.00106266 0.09245180 0.99571657
vn 0.09362523 0.21346551 0.97245401
vn 0.10614512 0.04581000 0.99329489
vn -0.04734306 0.03050997 0.99841267
vn 0.13076639 0.22916485 0.96456391
vn 0.03572569 -0.01122807 0.99929857
vn 0.03682157 0.04313384 0.99839056
vn -0.16595803 -0.11186801 0.97976702
vn -0.02745418 0.01321868 0.99953568
vn 0.00097752 0.00097752 0.99999905
vn -0.25273818 -0.16448040 0.95345145
vn 0.04166138 0.19640365 0.97963762
vn 0.01484821 0.16789894 0.98569244
vn -0.08187753 -0.10955444 0.99060279
vn -0.21804795 -0.19396904 0.95646799
vn 0.04657589 0.01552530 0.99879408
vn 0.07209758 -0.06987920 0.99494666
vn 0.05967419 0.15328076 0.98637921
vn 0.05149687 0.07341043 0.99597138
vn 0.09250833 0.15257867 0.98395222
vn 0.22634828 -0.02754503 0.97365689
vn 0.08895909 0.22177126 0.97103232
vn 0.07873688 0.18291183 0.97997135
vn 0.08383356 0.00742829 0.99645203
vn 0.01546550 0.04021031 0.99907154
vn 0.09704728 -0.05242784 0.99389797
vn 0.07314406 -0.17386703 0.98204893
vn 0.05521369 -0.10704695 0.99271971
vn 0.07735922 0.20260748 0.97619969
vn 0.06083810 0.18012848 0.98175985
vn -0.07236462 0.00314629 0.99737328
vn 0.08837520 -0.32052499 0.94310850
vn 0.02138844 0.14296483 0.98949665
vn 0.03549440 0.06776203 0.99706990
vn 0.07972692 0.11439080 0.99023145
vn 0.12927026 0.24940018 0.95973366
vn 0.03968561 -0.32900652 0.94349343
vn -0.03507046 0.05419980 0.99791402
vn -0.09145390 -0.04076861 0.99497437
vn -0.01286295 -0.20463778 0.97875327
vn 0.02645357 0.06031415 0.99782884
vn 0.11045778 0.22218518 0.96872741
vn -0.04570878 -0.36175230 0.93115306
vn -0.04068748 -0.08907259 0.99519372
vn 0.00845438 0.26208588 0.96500748
vn 0.12278739 0.01880527 0.99225485
vn 0.35018423 -0.07855844 0.93338078
vn -0.04148889 -0.28790778 0.95675898
vn 0.03799475 0.01540328 0.99915922
vn 0.02521234 0.10413794 0.99424326
vn 0.27751940 -0.11705795 0.95356196
vn 0.09908220 0.10374489 0.98965639
vn 0.35577291 -0.18001258 0.91707200
vn -0.02960462 0.01735443 0.99941099
vn -0.06569598 -0.39015368 0.91840303
vn -0.02984656 0.21847683 0.97538561
vn 0.09053446 -0.00532556 0.99587905
vn -0.27810937 0.07817821 0.95736271
vn 0.04880054 -0.06615184 0.99661553
vn -0.04135039 -0.18548606 0.98177654
vn 0.05920759 -0.00727111 0.99821919
vn 0.20908982 0.19843556 0.95755148
vn 0.08993675 -0.19342561 0.97698408
vn -0.03281996 -0.38990113 0.92027169
vn -0.18178231 0.19486018 0.96383858
vn -0.00105267 -0.07895021 0.99687803
vn 0.20153046 0.25911060 0.94458836
vn 0.22944143 0.04248916 0.97239465
vn 0.04237881 -0.07280463 0.99644542
vn 0.00097752 0.00097752 0.99999905
vn 0.04220258 0.07033763 0.99663007
vn 0.03307738 0.14485613 0.98889971
vn -0.13622484 0.14113383 0.98057336
vn 0.12235436 0.19803746 0.97252792
vn 0.01823368 -0.08258785 0.99641699
vn 0.00105249 -0.08104190 0.99671012
vn 0.12381858 0.24894051 0.96057147
vn 0.01858872 -0.10825194 0.99394971
vn -0.41982287 0.28242630 0.86254519
vn -0.02703521 -0.08543127 0.99597716
vn 0.00122652 0.30295029 0.95300561
vn -0.01407254 -0.10067276 0.99482006
vn -0.08004991 -0.11949479 0.98960245
vn 0.08418813 -0.00959105 0.99640375
vn 0.18727300 0.12694344 0.97407091
vn -0.02547115 0.01935808 0.99948812
vn -0.06555540 -0.12306014 0.99023163
vn -0.01805274 0.07327290 0.99714851
vn -0.03177278 0.01947364 0.99930537
vn -0.00530599 -0.08383469 0.99646556
vn -0.11537795 0.21427333 0.96993554
vn -0.07994941 -0.01385790 0.99670261
vn 0.08556807 0.05889750 0.99458992
vn 0.17661867 0.12901931 0.97578681
vn 0.13436791 0.20859019 0.96872872
vn -0.07189889 -0.03112041 0.99692631
vn 0.14079832 -0.00554324 0.99002278
vn -0.18449961 0.24375495 0.95212573
vn 0.11375989 0.12573461 0.98551989
vn 0.04628126 0.18631174 0.98140001
vn 0.00305568 -0.03972379 0.99920607
vn 0.02002310 -0.06006929 0.99799335
vn -0.07131869 -0.09622362 0.99280143
vn 0.00701962 0.01905324 0.99979389
vn 0.05618074 -0.25593448 0.96506023
vn 0.17370835 0.13121854 0.97601599
vn -0.08648542 0.01174493 0.99618387
vn -0.04660822 -0.19957881 0.97877270
vn -0.09766518 0.23211335 0.96777314
vn -0.03699321 -0.11994769 0.99209076
vn -0.13386267 -0.09121616 0.98679298
vn 0.12034784 -0.01656163 0.99259365
vn -0.11757587 -0.24419604 0.96257168
vn 0.14517720 0.23411457 0.96130848
vn -0.21980393 0.25574672 0.94142437
vn -0.00523360 -0.07013024 0.99752414
vn 0.32217443 -0.02653201 0.94630843
vn -0.01990234 -0.05551705 0.99825937
vn -0.13569279 -0.16308032 0.97723705
vn 0.02536014 0.11136411 0.99345607
vn 0.03753681 -0.00304352 0.99929065
vn 0.00334991 -0.15297927 0.98822373
vn 0.13592783 0.08628462 0.98695421
vn -0.16122545 -0.27774131 0.94703019
vn 0.07798776 0.02029818 0.99674767
vn -0.08367494 -0.09972219 0.99149078
vn -0.07467837 0.15528359 0.98504323
vn 0.16386271 0.24646015 0.95519966
vn -0.05904269 0.04401364 0.99728471
vn -0.21412571 0.23594743 0.94788128
vn -0.23745686 0.18379429 0.95385212
vn 0.04772600 0.04136254 0.99800372
vn 0.06462747 -0.27498356 0.95927441
vn -0.15403721 0.20322557 0.96693951
vn 0.14813462 -0.17345677 0.97363693
vn -0.06347933 -0.00312193 0.99797827
vn -0.06829245 -0.29765198 0.95222867
vn -0.09831871 0.16143690 0.98197329
vn -0.02143961 -0.02348148 0.99949431
vn 0.10808527 -0.15180515 0.98248297
vn 0.29397151 0.23148482 0.92735946
vn -0.07765295 0.20830713 0.97497594
vn 0.25049520 0.37203723 0.89377874
vn 0.00108757 0.11854474 0.99294811
vn 0.35318479 0.04561427 0.93444091
vn 0.08163394 -0.03809584 0.99593407
vn 0.01534359 -0.03171009 0.99937934
vn 0.41689059 0.01972668 0.90874255
vn 0.01735443 -0.02960462 0.99941099
vn 0.02656229 -0.06268701 0.99767971
vn -0.07526360 0.11926386 0.99000579
vn -0.07367443 0.13448508 0.98817295
vn -0.02371539 0.03402642 0.99913949
vn -0.04329754 -0.17201997 0.98414147
vn 0.02284148 0.47429660 0.88006878
vn 0.23090336 -0.07863195 0.96979409
vn 0.00097752 0.00097752 0.99999905
vn -0.04599968 0.18046029 0.98250598
vn -0.04094458 0.17430691 0.98383975
vn 0.23117238 -0.10856161 0.96683699
vn -0.18279640 -0.31675407 0.93072677
vn -0.02915466 0.18075891 0.98309523
vn 0.20694651 0.14267741 0.96789265
vn -0.04903698 0.27787620 0.95936447
vn -0.29675677 0.22860211 0.92718744
vn -0.06156153 -0.26006603 0.96362638
vn -0.04841337 0.25944602 0.96454334
vn -0.02767400 -0.02357415 0.99933898
vn -0.00105878 0.08576145 0.99631512
vn 0.11376276 -0.04843365 0.99232662
vn -0.35962829 0.36271524 0.85971230
vn 0.21581948 0.17874619 0.95993322
vn -0.24329594 -0.02783983 0.96955246
vn 0.04772600 -0.04136254 0.99800372
vn -0.15555635 -0.21830177 0.96340358
vn -0.03822412 0.25770459 0.96546739
vn 0.24948357 -0.12670107 0.96005458
vn 0.19046748 -0.14956172 0.97023368
vn 0.13514267 -0.15745981 0.97823459
vn 0.05026511 0.16248488 0.98542994
vn -0.24028823 -0.34514126 0.90727007
vn 0.06897557 0.13912021 0.98787040
vn 0.06142151 -0.13790867 0.98853862
vn -0.02728901 -0.00909634 0.99958616
vn 0.01814822 0.25528502 0.96669549
vn -0.29376701 -0.39118195 0.87216830
vn -0.06307153 0.03527730 0.99738532
vn -0.02828194 0.13914713 0.98986781
vn 0.13675542 0.20065983 0.97006881
vn -0.20768140 0.09327009 0.97373980
vn 0.27648839 -0.20979773 0.93783748
vn -0.06165981 -0.00940573 0.99805290
vn 0.01596074 -0.07554752 0.99701446
vn 0.03008501 -0.03215984 0.99902982
vn -0.08669635 -0.23244673 0.96873742
vn 0.08540735 0.20918614 0.97413898
vn -0.07045292 -0.08163592 0.99416900
vn -0.00304375 -0.03551042 0.99936467
vn 0.11567810 0.11806322 0.98624527
vn 0.01698015 -0.00699183 0.99983138
vn 0.07403655 0.10137312 0.99208975
vn 0.06310242 -0.07417302 0.99524695
vn 0.11856215 -0.15034170 0.98149908
vn 0.01935808 -0.02547115 0.99948812
vn 0.02625319 0.15637772 0.98734832
vn -0.04810246 -0.24544586 0.96821612
vn 0.33439794 0.04777113 0.94122046
vn 0.03347391 -0.07450644 0.99665856
vn -0.01026807 0.17455713 0.98459351
vn -0.08017860 -0.32465759 0.94242710
vn 0.04189424 0.20468329 0.97793132
vn 0.04103338 0.03682483 0.99847895
vn -0.12335841 -0.24282131 0.96219563
vn -0.04689170 0.20560208 0.97751158
vn 0.02309346 0.25645900 0.96627915
vn -0.27214047 -0.38340232 0.88257706
vn -0.03371503 0.17090032 0.98471129
vn -0.04220401 0.21584335 0.97551548
vn 0.02887054 -0.16975875 0.98506266
vn -0.16613325 -0.26608336 0.94952589
vn -0.01011973 -0.15179591 0.98836005
vn -0.00591156 0.23055075 0.97304237
vn -0.02582006 0.26926640 0.96271956
vn 0.07666396 -0.24507332 0.96646863
vn 0.05857243 0.18288945 0.98138714
vn 0.06429015 -0.26598471 0.96183103
vn 0.02768505 0.11184761 0.99333966
vn 0.03408259 0.18921715 0.98134357
vn -0.07017287 0.11848861 0.99047273
vn 0.01830375 -0.26967528 0.96277738
vn 0.02774471 -0.41881305 0.90764850
vn -0.03523085 0.13751395 0.98987311
vn -0.18344070 0.23432207 0.95469505
vn -0.00893672 -0.00893672 0.99992013
vn -0.03888478 -0.28724566 0.95706737
vn 0.03826180 -0.39713115 0.91696393
vn -0.15454525 -0.10830336 0.98203158
vn -0.09061495 0.30861613 0.94686055
vn -0.08594096 -0.39969367 0.91261113
vn -0.06094158 0.03528197 0.99751753
vn 0.03853558 0.03020357 0.99880064
vn -0.34124184 -0.16017474 0.92622787
vn -0.21347481 -0.40781048 0.88776076
vn -0.04103011 -0.03892600 0.99839938
vn 0.08597593 -0.03156079 0.99579716
vn -0.08472652 0.11258181 0.99002355
vn -0.22127509 -0.35143691 0.90968645
vn 0.12518987 -0.08306991 0.98864901
vn 0.29110217 -0.34782976 0.89122045
vn -0.02845830 0.05375457 0.99814862
vn 0.20394275 -0.27608576 0.93924654
vn -0.05390846 -0.07591191 0.99565619
vn -0.22194964 -0.04730074 0.97391015
vn 0.07213485 -0.25943235 0.96306354
vn -0.15390253 0.26631829 0.95151913
vn -0.07191617 -0.10387892 0.99198651
vn -0.12042239 0.24472935 0.96208417
vn 0.20279379 0.00579411 0.97920430
vn 0.03933896 0.20146319 0.97870582
vn -0.03608925 0.01959130 0.99915648
vn 0.14390938 -0.11246699 0.98317915
vn 0.10282598 -0.45215258 0.88599372
vn 0.03199996 0.10262056 0.99420571
vn -0.06939737 0.19845212 0.97765064
vn 0.02005059 0.20876198 0.97776091
vn -0.01698960 -0.40644360 0.91351789
vn 0.03570185 0.07681306 0.99640614
vn -0.00538737 0.10451500 0.99450874
vn 0.22656508 0.01542066 0.97387397
vn -0.00934954 0.05713605 0.99832261
vn -0.10320222 0.27825409 0.95494711
vn -0.04094735 0.03674762 0.99848533
vn -0.01542066 0.22656508 0.97387397
vn 0.03124414 0.07649428 0.99658036
vn 0.17581499 -0.12593839 0.97633427
vn 0.19560629 -0.02459720 0.98037404
vn 0.08025382 0.21112929 0.97415799
vn -0.05748717 0.10257515 0.99306273
vn 0.11923815 -0.16103297 0.97971970
vn -0.00353883 0.23002402 0.97317857
vn 0.01738991 0.02966515 0.99940860
vn 0.02023209 0.22255297 0.97471064
vn 0.09958441 -0.26771390 0.95833820
vn 0.05517808 0.01145205 0.99841082
vn 0.03594249 -0.01745778 0.99920136
vn 0.02718016 -0.00302002 0.99962598
vn -0.05111066 0.11925821 0.99154687
vn -0.04108467 0.10326687 0.99380475
vn 0.06022933 -0.11023104 0.99207938
vn 0.01100941 -0.01301112 0.99985474
vn -0.03249645 -0.12438297 0.99170202
vn -0.00105249 0.08104190 0.99671012
vn 0.05630187 -0.34697667 0.93618232
vn 0.02343463 -0.01935904 0.99953794
vn 0.02773081 0.02362254 0.99933624
vn 0.04767937 -0.09203228 0.99461383
vn -0.00561838 0.15619092 0.98771089
vn 0.25922424 -0.13290176 0.95662951
vn -0.14454037 0.29583496 0.94424033
vn -0.00099874 0.02297095 0.99973565
vn -0.01552676 0.04451005 0.99888825
vn -0.20981789 0.12080424 0.97024882
vn 0.21985711 -0.28147313 0.93404263
vn -0.00557457 -0.14828363 0.98892915
vn -0.11622138 0.26508921 0.95719403
vn -0.04478265 0.02187060 0.99875730
vn 0.13391054 -0.06870193 0.98860914
vn -0.02718016 -0.00302002 0.99962598
vn 0.05588388 0.06903303 0.99604791
vn 0.13574751 -0.16065530 0.97763109
vn -0.01855697 -0.10370073 0.99443543
vn -0.11137006 -0.02315615 0.99350923
vn 0.04132876 0.11058236 0.99300724
vn -0.00850591 -0.27583444 0.96116757
vn -0.03764261 -0.06775670 0.99699152
vn -0.10877642 -0.00107699 0.99406570
vn -0.00821780 0.21953271 0.97557050
vn -0.17948246 -0.12927757 0.97522986
vn -0.02343463 0.01935904 0.99953794
vn 0.12927757 0.17948246 0.97522986
vn -0.10825194 -0.01858872 0.99394971
vn -0.07107519 -0.05139283 0.99614608
vn 0.05734187 -0.15330175 0.98651427
vn -0.03499623 -0.05408509 0.99792290
vn -0.06477260 -0.10795434 0.99204355
vn -0.12253741 0.06069610 0.99060619
vn 0.09106249 -0.03839985 0.99510455
vn 0.00097752 -0.00097752 0.99999905
vn -0.01311399 -0.02118414 0.99968958
vn 0.11044863 -0.06490280 0.99176037
vn 0.02352842 0.02352842 0.99944621
vn 0.00495505 0.01090110 0.99992830
vn 0.04509485 -0.08469033 0.99538636
vn 0.01718337 -0.01920494 0.99966788
vn -0.06477260 -0.10795434 0.99204355
vn -0.04428640 -0.06372921 0.99698406
vn -0.23769912 0.20510039 0.94943821
vn -0.04777486 -0.09443867 0.99438369
vn 0.01426383 -0.11740229 0.99298197
vn -0.33053863 0.15627977 0.93076354
vn -0.08828968 -0.21015431 0.97367346
vn -0.18092720 0.08378508 0.97992116
vn -0.05914733 -0.35094079 0.93452775
vn -0.33356628 0.14138818 0.93206382
vn -0.10009857 -0.38531095 0.91734171
vn -0.13834544 -0.25165695 0.95787746
vn -0.19158152 -0.33917025 0.92101038
vn -0.12252320 -0.01655719 0.99232757
vn -0.32139874 0.03175877 0.94641125
vn -0.14848392 -0.12884969 0.98048472
vn 0.02984444 -0.02366973 0.99927425
vn -0.28638163 -0.11217713 0.95152605
vn 0.03026403 0.04069990 0.99871296
vn 0.05160214 -0.13416559 0.98961449
vn -0.06387747 -0.08853193 0.99402303
vn -0.02566397 -0.12385655 0.99196821
vn 0.05518154 -0.16319646 0.98504919
vn 0.08837157 -0.16826916 0.98177183
vn 0.01707420 -0.16049746 0.98688859
vn 0.03486012 -0.21997941 0.97488141
vn -0.08539309 -0.12516521 0.98845416
vn -0.03765821 -0.14036240 0.98938376
vn -0.08809597 -0.12803282 0.98784953
vn -0.01429125 -0.11982661 0.99269199
vn 0.00108935 -0.12309609 0.99239415
vn -0.00770640 -0.12660508 0.99192327
vn 0.02405012 -0.04705458 0.99860275
vn -0.01924383 -0.01721817 0.99966657
vn -0.06463404 0.15394653 0.98596293
vn -0.00611606 0.28745472 0.95777470
vn 0.06446011 0.44573483 0.89284116
vn 0.28087005 0.40536380 0.86993802
vn 0.22846673 0.39060444 0.89175725
vn 0.28674677 0.42782003 0.85717350
vn 0.09084770 0.12860258 0.98752630
vn 0.18373035 0.32678756 0.92706692
vn 0.02167685 0.34810472 0.93720502
vn 0.23652443 0.34100148 0.90982097
vn 0.21280612 0.39479202 0.89378566
vn 0.04420135 0.41924310 0.90679735
vn 0.18300036 0.38761494 0.90347421
vn -0.09213883 0.14718279 0.98480844
vn -0.30404031 0.27494553 0.91212088
vn -0.36777228 -0.07622916 0.92678618
vn -0.47652835 0.05355794 0.87752622
vn -0.33496875 -0.23636323 0.91210103
vn -0.37182593 -0.30808434 0.87568802
vn -0.01564986 -0.05320951 0.99846077
vn -0.11446323 0.13374126 0.98438382
vn 0.03354136 -0.27702677 0.96027660
vn 0.00120549 -0.26882479 0.96318835
vn -0.09118699 0.13618836 0.98647738
vn 0.03810252 0.07947097 0.99610871
vn -0.04818999 -0.17277876 0.98378110
vn -0.04372792 -0.18318455 0.98210555
vn -0.01019591 -0.16200173 0.98673785
vn 0.00345145 -0.19213091 0.98136324
vn -0.00351215 -0.22126552 0.97520727
vn -0.01257779 -0.17494559 0.98449773
vn 0.02780694 0.23817244 0.97082478
vn 0.05020158 0.23386589 0.97097200
vn -0.13445470 0.27556556 0.95183277
vn -0.31076431 0.38730726 0.86799687
vn 0.05118517 -0.06643181 0.99647725
vn -0.01599206 -0.07782803 0.99683857
vn -0.03692227 -0.20605008 0.97784466
vn 0.08195770 -0.24082956 0.96710086
vn -0.15283784 0.16799532 0.97386760
vn -0.32176143 0.33988884 0.88371098
vn 0.12391944 -0.18400159 0.97508329
vn -0.11163778 0.07480882 0.99092919
vn -0.02526157 -0.10653791 0.99398768
vn 0.01227523 -0.14172316 0.98983020
vn 0.13667031 -0.26670611 0.95403832
vn 0.14923257 -0.24696007 0.95746553
vn -0.17521434 0.27029186 0.94670069
vn -0.03313996 0.25652787 0.96596855
vn 0.05541640 0.16624920 0.98452538
vn -0.00532657 -0.08842109 0.99606889
vn -0.07772209 0.12180327 0.98950654
vn -0.00696459 0.01094435 0.99991584
vn 0.02537033 -0.01319257 0.99959105
vn -0.02537033 -0.01319257 0.99959105
vn 0.00503332 -0.02717994 0.99961787
vn -0.00302594 -0.02925071 0.99956751
vn -0.00294404 -0.00294404 0.99999130
vn -0.06983946 0.00104238 0.99755770
vn -0.01085819 -0.00098711 0.99994051
vn 0.01786521 0.22986569 0.97305840
vn 0.00120549 0.26882479 0.96318835
vn -0.02091170 0.27677244 0.96070790
vn -0.01404826 -0.09617655 0.99526519
vn -0.01618076 -0.09169096 0.99565601
vn -0.04173904 -0.19915487 0.97907871
vn -0.05584713 -0.24945050 0.96677583
vn -0.02351067 -0.13322711 0.99080664
vn -0.11388685 -0.23161258 0.96611875
vn -0.10338446 -0.28136277 0.95401609
vn -0.06529522 -0.29318836 0.95382237
vn -0.07121371 -0.30686638 0.94908464
vn -0.19189180 -0.25177294 0.94857156
vn -0.27937287 -0.20431748 0.93819249
vn 0.00783885 -0.14893822 0.98881543
vn -0.00906064 -0.02315497 0.99969083
vn 0.05386455 0.03062886 0.99807841
vn -0.00113123 -0.17081590 0.98530227
vn -0.01276969 -0.19386716 0.98094463
vn 0.06427269 0.01580476 0.99780720
vn -0.01774758 -0.21652044 0.97611672
vn 0.07766542 0.01383083 0.99688351
vn -0.02052058 -0.24503991 0.96929580
vn 0.08630379 0.00958931 0.99622267
vn 0.08823384 0.00531529 0.99608564
vn -0.01346000 -0.27776548 0.96055460
vn -0.01321868 -0.02745418 0.99953568
vn -0.01114002 -0.02734370 0.99956405
vn 0.01369351 -0.31246108 0.94983190
vn -0.00704728 -0.02315535 0.99970704
vn 0.06138412 -0.33826572 0.93904650
vn -0.00502372 -0.02310911 0.99972028
vn 0.11246953 -0.34011871 0.93363261
vn 0.13834544 -0.25165695 0.95787746
vn -0.01531324 -0.02960560 0.99944431
vn 0.11779395 -0.24723785 0.96176815
vn 0.14185081 -0.34016651 0.92960483
vn 0.10417908 -0.20710298 0.97275645
vn 0.20923725 -0.32880139 0.92092860
vn -0.00300219 -0.02301682 0.99973059
vn 0.39312661 -0.13949655 0.90884113
vn 0.22710879 -0.31566694 0.92129040
vn 0.38632995 -0.07403535 0.91938448
vn 0.29085538 -0.27638495 0.91597736
vn 0.32566077 -0.24460742 0.91329753
vn 0.37040776 -0.04057470 0.92798269
vn -0.00710290 -0.03145571 0.99947989
vn 0.31391999 0.01876016 0.94926405
vn -0.00101253 -0.03543870 0.99937135
vn 0.37192878 -0.18811841 0.90899968
vn 0.28393060 0.02851705 0.95842069
vn 0.00922223 -0.04201236 0.99907452
vn 0.36458358 -0.00635163 0.93114901
vn 0.01549611 -0.04235603 0.99898237
vn 0.34406266 -0.00630151 0.93892556
vn 0.25743890 0.00119739 0.96629387
vn 0.01970654 -0.04459902 0.99881059
vn 0.23461010 -0.04011468 0.97126150
vn 0.03069000 -0.05608861 0.99795401
vn 0.03118714 -0.07205305 0.99691308
vn 0.19750914 -0.10061786 0.97512370
vn 0.03795062 -0.07481694 0.99647486
vn 0.04729849 -0.08249737 0.99546820
vn 0.04766953 -0.09423046 0.99440849
vn 0.04777486 -0.09443867 0.99438369
vn 0.04331123 -0.10105953 0.99393713
vn 0.02546538 -0.11404060 0.99314964
vn 0.01445613 -0.13455321 0.99080092
vn 0.18246403 -0.15439264 0.97101486
vn 0.14940119 -0.21435821 0.96526152
vn 0.14387281 -0.21645729 0.96563286
vn 0.01994167 0.05772590 0.99813330
vn 0.03451122 0.03660281 0.99873382
vn 0.01844496 0.09873478 0.99494284
vn 0.01213603 0.12687664 0.99184430
vn 0.02315041 0.11354725 0.99326289
vn 0.02526157 0.10653791 0.99398768
vn 0.01010069 0.14926578 0.98874551
vn 0.00564778 0.16604468 0.98610204
vn 0.00114582 0.18905976 0.98196495
vn -0.00117897 0.23225787 0.97265357
vn 0.02571516 0.26572335 0.96370631
vn 0.05464484 0.29355714 0.95437843
vn 0.07372425 0.30136400 0.95065475
vn 0.07693027 0.30902499 0.94793737
vn 0.03758915 0.35385647 0.93454409
vn 0.06040298 0.30715558 0.94974047
vn 0.05212437 0.40496624 0.91284472
vn 0.04843251 0.36258936 0.93068969
vn 0.01902446 0.34117201 0.93980837
vn 0.03704795 0.04763308 0.99817759
vn 0.28151387 -0.19830780 0.93884182
vn 0.19389275 -0.06141944 0.97909820
vn -0.00294980 -0.00491634 0.99998355
vn 0.05364764 -0.02419403 0.99826682
vn 0.05279946 0.23207206 0.97126454
vn 0.10158527 -0.07647430 0.99188316
vn 0.03006191 0.22967300 0.97280341
vn -0.00295558 -0.00689636 0.99997187
vn 0.05365594 0.18481490 0.98130751
vn 0.17062029 -0.08833533 0.98136920
vn 0.03166148 0.18879621 0.98150575
vn -0.00296137 -0.00888411 0.99995613
vn 0.05154381 -0.02840169 0.99826682
vn 0.09151546 -0.10309970 0.99045211
vn 0.01550254 0.23492317 0.97189027
vn -0.00495505 -0.01090110 0.99992830
vn 0.05159234 -0.07793736 0.99562246
vn 0.05239102 -0.04597579 0.99756771
vn -0.00692351 -0.00692351 0.99995208
vn 0.05035518 -0.05035518 0.99746114
vn 0.07916089 0.14296220 0.98655736
vn 0.04805087 -0.10392398 0.99342388
vn 0.05164907 -0.03056782 0.99819732
vn 0.15192980 -0.13216656 0.97951484
vn 0.09140053 -0.13650729 0.98641354
vn 0.04486818 -0.14610919 0.98825043
vn -0.00898989 -0.01298539 0.99987525
vn 0.04840773 -0.05701354 0.99719912
vn 0.18859638 -0.11365742 0.97545546
vn 0.15091476 -0.17627859 0.97270268
vn -0.00299645 -0.01897752 0.99981540
vn 0.14078462 -0.18390785 0.97280908
vn 0.04508634 -0.08687369 0.99519855
vn 0.04092232 -0.09843477 0.99430174
vn 0.08673701 -0.18691213 0.97854006
vn 0.03678560 -0.11035679 0.99321109
vn 0.04636858 -0.18904114 0.98087382
vn -0.00700557 -0.01901511 0.99979466
vn 0.06467284 0.02226442 0.99765813
vn 0.07540530 -0.21879900 0.97285205
vn 0.05186015 -0.03492623 0.99804342
vn -0.01109672 -0.02118466 0.99971402
vn 0.06719384 -0.20646836 0.97614330
vn 0.04870212 -0.06385390 0.99677014
vn -0.00893672 -0.00893672 0.99992013
vn 0.05431082 -0.03727213 0.99782819
vn -0.00898989 -0.01298539 0.99987525
vn 0.07586011 0.02243750 0.99686599
vn 0.05128111 -0.07092068 0.99616289
vn -0.00695089 -0.00893687 0.99993587
vn 0.08436306 0.01388253 0.99633837
vn 0.03722105 -0.12519807 0.99143332
vn 0.08612251 0.00744269 0.99625671
vn 0.04002735 -0.14066754 0.98924738
vn -0.00699205 -0.01498297 0.99986333
vn 0.03019864 -0.12191303 0.99208128
vn 0.02591295 -0.13632464 0.99032527
vn -0.00300233 -0.02101628 0.99977463
vn 0.01932044 -0.15570001 0.98761541
vn 0.01678542 -0.13764048 0.99034005
vn 0.01236824 -0.15179208 0.98833507
vn -0.00495505 -0.01090110 0.99992830
vn 0.00340126 -0.17119664 0.98523098
vn -0.00497465 -0.01293408 0.99990398
vn 0.01726696 -0.17612299 0.98421669
vn 0.00099100 -0.01288297 0.99991655
vn 0.01989565 -0.20012680 0.97956800
vn -0.00114739 -0.19390899 0.98101884
vn -0.00116600 -0.21804130 0.97593886
vn 0.00099097 -0.01486455 0.99988902
vn 0.06118744 -0.04186509 0.99724793
vn 0.01100910 -0.01501241 0.99982673
vn 0.05855117 -0.07622699 0.99536985
vn 0.00700582 -0.01701414 0.99983072
vn 0.07033763 -0.04220258 0.99663007
vn 0.01920557 -0.01516229 0.99970061
vn 0.01728583 -0.02542033 0.99952739
vn 0.06807549 -0.08146738 0.99434847
vn 0.04765603 -0.15459150 0.98682845
vn 0.06265865 -0.16196671 0.98480487
vn 0.02960462 -0.01735443 0.99941099
vn 0.07746131 -0.04254917 0.99608701
vn 0.02572819 -0.02778644 0.99928272
vn 0.07907405 -0.06793686 0.99455112
vn 0.03815003 -0.01752839 0.99911827
vn 0.08669230 -0.04279746 0.99531543
vn 0.03652650 -0.03443928 0.99873906
vn 0.03734250 -0.05868107 0.99757814
vn 0.08962777 -0.08055153 0.99271262
vn 0.04676767 -0.01766779 0.99874955
vn 0.07709115 -0.15062425 0.98558068
vn 0.09302645 -0.16309832 0.98221433
vn 0.04523712 -0.03471686 0.99837285
vn 0.03236556 -0.22176406 0.97456312
vn 0.05041213 -0.23730586 0.97012603
vn 0.05320765 -0.01773588 0.99842596
vn 0.00838231 -0.24787681 0.96875530
vn 0.05186015 -0.03492623 0.99804342
vn 0.03346151 -0.27636731 0.96046937
vn 0.04410237 -0.06131304 0.99714375
vn 0.07629084 -0.23387519 0.96926880
vn 0.05107432 -0.06628794 0.99649256
vn 0.10098480 -0.24159655 0.96510786
vn 0.07091098 -0.29524752 0.95278561
vn 0.11248238 -0.29510084 0.94882196
vn 0.04959260 -0.08485845 0.99515814
vn 0.05551924 -0.01780806 0.99829876
vn 0.05419980 -0.03507046 0.99791402
vn 0.05772590 -0.01994167 0.99813330
vn 0.05643400 -0.03726774 0.99771053
vn 0.09363852 -0.04076030 0.99477154
vn 0.05347322 -0.06656870 0.99634796
vn 0.05139283 -0.07107519 0.99614608
vn 0.09745176 -0.08369386 0.99171495
vn 0.05574776 -0.02208874 0.99820048
vn 0.11097272 -0.15487401 0.98168176
vn 0.12274275 -0.16737647 0.97822255
vn 0.05441732 -0.04161324 0.99765080
vn 0.04929462 -0.07777596 0.99575144
vn 0.12504537 -0.22817560 0.96555662
vn 0.14563368 -0.20491818 0.96788400
vn 0.04969216 -0.08723734 0.99494743
vn 0.14730120 -0.29325101 0.94461960
vn 0.04323472 -0.09644669 0.99439871
vn 0.17764659 -0.26443577 0.94790053
vn 0.03211828 -0.10964517 0.99345171
vn 0.03893499 -0.10790554 0.99339843
vn 0.16177344 -0.19801070 0.96675807
vn 0.02783994 -0.12138212 0.99221534
vn 0.19165613 -0.22382219 0.95560014
vn 0.20080870 -0.20080870 0.95882833
vn 0.18295752 -0.31424001 0.93154699
vn 0.21188417 -0.29046375 0.93313229
vn 0.23829865 -0.25223425 0.93786550
vn 0.23465723 -0.20210363 0.95083654
vn 0.28277460 -0.24298722 0.92789853
vn 0.31958219 -0.17723554 0.93083549
vn 0.35614190 -0.13719085 0.92430598
vn 0.22890748 -0.16539557 0.95929438
vn 0.24854125 -0.15816261 0.95562118
vn 0.28189945 -0.13493764 0.94990760
vn 0.22768839 -0.10557618 0.96799368
vn 0.31287563 -0.10517947 0.94395244
vn 0.22177126 -0.08895909 0.97103232
vn 0.13216428 -0.07602370 0.98830813
vn 0.36719283 -0.09349190 0.92543429
vn 0.27712226 -0.01098723 0.96077186
vn 0.31625536 -0.06897750 0.94616312
vn 0.20930451 -0.06732017 0.97553039
vn 0.31909087 -0.03432452 0.94710237
vn 0.22630498 -0.05504716 0.97249979
vn 0.09583680 -0.06426703 0.99332023
vn 0.05784058 -0.06220591 0.99638587
vn 0.11522093 -0.06274407 0.99135631
vn 0.05771507 -0.06207092 0.99640161
vn 0.28394976 -0.02603906 0.95848548
vn 0.21166611 -0.04959034 0.97608310
vn 0.26172468 -0.03317637 0.96457219
vn 0.11046468 -0.06263461 0.99190444
vn 0.05577042 -0.06670579 0.99621278
vn 0.24787681 -0.00838231 0.96875530
vn 0.22684467 -0.05517843 0.97236663
vn 0.03548915 0.06990286 0.99692231
vn 0.01881034 0.12060747 0.99252206
vn 0.03856041 0.09364670 0.99485844
vn 0.03693052 0.11526799 0.99264765
vn 0.02355582 0.13572641 0.99046624
vn 0.02159243 0.15569279 0.98756951
vn 0.03987204 0.13556495 0.98996586
vn 0.04047926 0.15844737 0.98653734
vn 0.02196001 0.17914742 0.98357713
vn 0.02491310 0.21472721 0.97635627
vn 0.04362665 0.18276027 0.98218912
vn 0.04940681 0.20606254 0.97729075
vn 0.05453341 0.04170202 0.99764073
vn 0.05542368 0.06194412 0.99653959
vn 0.07205305 0.03118714 0.99691308
vn 0.07048304 0.04445853 0.99652171
vn 0.05632932 0.08062824 0.99515134
vn 0.05714146 0.09523578 0.99381334
vn 0.06903303 0.05588388 0.99604791
vn 0.06974683 0.06753264 0.99527621
vn 0.08241169 0.01819479 0.99643230
vn 0.08061799 0.02472285 0.99643838
vn 0.08400971 0.00957073 0.99641895
vn 0.08206945 0.01172421 0.99655765
vn 0.07881021 0.02914898 0.99646336
vn 0.07913406 0.03577293 0.99622190
vn 0.08223929 0.01602064 0.99648380
vn 0.08258785 0.01823368 0.99641699
vn 0.05794965 0.11249049 0.99196160
vn 0.06107665 0.12791525 0.98990268
vn 0.07269097 0.07940091 0.99418885
vn 0.07569916 0.08925722 0.99312782
vn 0.06425501 0.14603412 0.98719066
vn 0.07007210 0.16033445 0.98457235
vn 0.07893998 0.09953302 0.99189800
vn 0.08187753 0.10955444 0.99060279
vn 0.07963688 0.04036390 0.99600643
vn 0.08232543 0.04500457 0.99558884
vn 0.08276130 0.02042162 0.99636012
vn 0.08525240 0.02482032 0.99605018
vn 0.08504498 0.04970161 0.99513674
vn 0.08760215 0.05433551 0.99467254
vn 0.08776668 0.02708848 0.99577266
vn 0.08795650 0.02714707 0.99575436
vn 0.04040130 0.24608065 0.96840698
vn 0.06173719 0.26836777 0.96133620
vn 0.06280774 0.22783200 0.97167271
vn 0.07385052 0.24157880 0.96756697
vn 0.07831416 0.28116068 0.95645988
vn 0.08154584 0.28864637 0.95395684
vn 0.08150645 0.23197989 0.96929979
vn 0.08195770 0.24082956 0.96710086
vn 0.06909040 0.31938019 0.94510460
vn 0.05590269 0.33671620 0.93994528
vn 0.03435095 0.32442564 0.94528729
vn 0.02669822 0.33436349 0.94206595
vn 0.07091098 0.29524752 0.95278561
vn 0.05198414 0.29288626 0.95473313
vn 0.07110023 0.23575340 0.96920848
vn 0.02856468 0.28688878 0.95753789
vn 0.02114031 0.29969493 0.95380080
vn 0.07570699 0.17424625 0.98178750
vn 0.08117957 0.18053366 0.98021293
vn 0.08470416 0.11487277 0.98976231
vn 0.08472652 0.11258181 0.99002355
vn 0.08313452 0.16988359 0.98195124
vn 0.07877156 0.18056865 0.98040295
vn 0.08239948 0.11489505 0.98995429
vn 0.08778499 0.05667132 0.99452615
vn 0.08486751 0.04739355 0.99526447
vn 0.08814168 0.02938056 0.99567455
vn 0.08363348 0.03149832 0.99599868
vn 0.08369645 0.06584121 0.99431378
vn 0.06887017 0.18727854 0.97988963
vn 0.21864621 -0.27156696 0.93725413
vn 0.07482280 0.32948285 0.94119209
vn -0.08819751 -0.16552135 0.98225451
vn -0.06856521 -0.13131982 0.98896611
vn -0.05466398 -0.09482528 0.99399197
vn -0.04005599 -0.34758264 0.93679333
vn -0.19421996 0.02942727 0.98051649
vn -0.05531821 -0.05748755 0.99681246
vn -0.34376985 0.30774155 0.88719642
vn -0.06044178 -0.02650956 0.99781960
vn -0.22636256 0.02515140 0.97371835
vn -0.08104190 0.00105249 0.99671012
vn 0.16110367 0.28023914 0.94631481
vn 0.25450981 -0.23225759 0.93876570
vn -0.33573869 0.31767204 0.88677168
vn -0.10095365 0.34593448 0.93281168
vn -0.10458782 0.02752311 0.99413472
vn 0.30121532 -0.20314521 0.93166596
vn -0.09394695 -0.17691308 0.97973245
vn 0.33955553 -0.18175380 0.92285842
vn -0.06142665 0.44363692 0.89409900
vn -0.05444244 -0.20930095 0.97633451
vn -0.08205691 -0.24617073 0.96574670
vn 0.42196909 -0.13497327 0.89650673
vn -0.02555442 -0.25189361 0.96741748
vn 0.35031098 0.32604700 0.87805218
vn -0.03962306 -0.32593164 0.94456261
vn -0.08370854 0.06361849 0.99445742
vn 0.21802434 0.41676763 0.88247949
vn -0.01874480 -0.30866441 0.95098627
vn -0.03067004 -0.14199091 0.98939270
vn 0.08455384 0.15124418 0.98487353
vn 0.00135291 0.55063438 0.83474547
vn 0.13674004 0.01222878 0.99053150
vn -0.07279775 0.04454788 0.99635130
vn -0.06504131 0.06945089 0.99546278
vn 0.43777987 0.17016692 0.88283181
vn -0.06812525 0.29692325 0.95246810
vn 0.17228766 0.16463043 0.97119194
vn -0.03506634 0.05631867 0.99779689
vn 0.00118650 -0.24560519 0.96936923
vn 0.00854827 -0.28453529 0.95862746
vn -0.06013796 0.06451163 0.99610323
vn -0.43959129 0.17671278 0.88064301
vn -0.13924333 0.34604037 0.92782938
vn -0.06294190 0.03307117 0.99746913
vn -0.05249771 0.04821219 0.99745655
vn 0.03331265 -0.26526740 0.96359921
vn -0.61773980 0.02941618 0.78583223
vn 0.06022933 -0.11023104 0.99207938
vn -0.11803031 0.11803031 0.98597038
vn -0.18412097 0.18673261 0.96500278
vn 0.27427182 0.13117348 0.95266390
vn -0.22553839 -0.14470960 0.96342695
vn 0.15788847 0.05496858 0.98592579
vn -0.64445347 -0.06171826 0.76214874
vn -0.01412707 -0.10540969 0.99432856
vn 0.21351476 0.09114958 0.97267836
vn -0.26558664 -0.20228620 0.94262618
vn -0.11869484 0.18366465 0.97579652
vn -0.59570360 -0.12268834 0.79377878
vn 0.28559285 0.14078520 0.94795370
vn -0.17155780 -0.17929724 0.96872109
vn 0.42620927 -0.10480556 0.89853299
vn 0.17659055 0.03859264 0.98352748
vn 0.10615367 -0.06962767 0.99190897
vn -0.11383774 -0.16035208 0.98047346
vn 0.41248137 -0.02503880 0.91062182
vn -0.02547115 -0.01935808 0.99948812
vn 0.07819194 -0.12954187 0.98848617
vn -0.06399196 0.04880743 0.99675620
vn 0.41082442 0.01173784 0.91163898
vn 0.13397264 -0.00775048 0.99095470
vn -0.01122887 -0.03368661 0.99936932
vn 0.02630300 -0.15896162 0.98693436
vn -0.07360201 -0.09171943 0.99306107
vn 0.37040776 0.04057470 0.92798269
vn -0.14970784 0.11319373 0.98222947
vn -0.10261308 0.03420436 0.99413311
vn -0.45554185 -0.12709475 0.88109505
vn 0.02160002 0.15347381 0.98791659
vn -0.49189827 -0.07427523 0.86747867
vn -0.10955444 0.08187753 0.99060279
vn 0.00114165 0.18380588 0.98296189
vn -0.31883657 -0.05550596 0.94618309
vn -0.00831956 -0.23889010 0.97101098
vn 0.02320120 -0.01109623 0.99966925
vn -0.07313798 0.08664037 0.99355131
vn -0.01337628 0.04012883 0.99910498
vn -0.05383503 -0.19260977 0.97979754
vn 0.00522345 0.06790479 0.99767816
vn -0.45275769 0.04189698 0.89064866
vn 0.04032421 0.15323201 0.98736715
vn 0.07310704 -0.04691944 0.99621981
vn -0.50726920 0.07447442 0.85856366
vn 0.00531529 0.08823384 0.99608564
vn 0.34219649 0.05334622 0.93811285
vn 0.32010996 0.07186142 0.94465101
vn 0.00744269 0.08612251 0.99625671
vn 0.23330951 0.07610631 0.96941972
vn 0.10066696 -0.19511989 0.97559947
vn 0.20741875 0.05943578 0.97644502
vn -0.05467542 -0.09261346 0.99419987
vn 0.20461024 0.05932486 0.97704417
vn -0.11591771 0.12069783 0.98589808
vn -0.40391070 0.11879726 0.90705204
vn -0.19526787 -0.34920165 0.91647619
vn -0.07207564 0.41477486 0.90706503
vn -0.17317924 0.04830169 0.98370522
vn 0.02718121 0.37147659 0.92804432
vn -0.19522105 -0.00808608 0.98072588
vn 0.07845718 0.09210190 0.99265385
vn 0.11258270 0.01202339 0.99356961
vn 0.20821410 0.12901610 0.96953684
vn 0.20903003 0.29320320 0.93291926
vn -0.13045992 -0.01895571 0.99127233
vn 0.14466713 0.49829790 0.85485125
vn 0.09049651 -0.02943862 0.99546158
vn 0.13419762 -0.07118309 0.98839468
vn -0.16283184 0.29966530 0.94004601
vn -0.07554530 0.12668365 0.98906225
vn -0.10194712 0.00107313 0.99478924
vn 0.00104642 0.07429563 0.99723572
vn 0.14228940 -0.03528777 0.98919588
vn -0.15423766 -0.04754695 0.98688912
vn 0.18440637 0.05115790 0.98151773
vn 0.19149680 -0.03172033 0.98098058
vn -0.00113957 -0.18119131 0.98344719
vn -0.11130124 0.04609445 0.99271709
vn 0.16335350 -0.03591460 0.98591363
vn 0.14126448 -0.04708816 0.98885137
vn -0.16379985 0.09827991 0.98158580
vn -0.03685803 -0.11280791 0.99293292
vn 0.13416559 -0.05160214 0.98961449
vn -0.14150067 0.11489370 0.98324817
vn 0.00115567 0.20455404 0.97885460
vn 0.08112461 -0.03136818 0.99621022
vn -0.09404203 0.04314870 0.99463272
vn -0.04454788 -0.07279775 0.99635130
vn 0.19876975 -0.02469920 0.97973490
vn -0.12566032 0.14030036 0.98210251
vn 0.18260716 -0.02675137 0.98282194
vn 0.08345291 -0.03143032 0.99601591
vn 0.14548893 -0.03780421 0.98863739
vn 0.07071529 -0.01372088 0.99740213
vn -0.15919201 0.17447445 0.97170806
vn -0.18517864 0.13227046 0.97376251
vn -0.14104733 0.32454580 0.93529439
vn -0.09486651 0.19096506 0.97700191
vn 0.05459302 -0.28820035 0.95601267
vn -0.20948128 0.14008257 0.96772641
vn -0.22224432 -0.30151618 0.92719764
vn -0.26333010 0.17150217 0.94933879
vn 0.03460662 -0.20883307 0.97733879
vn -0.39753693 0.06872673 0.91500878
vn -0.31226546 -0.17348081 0.93402070
vn 0.07843303 0.05633922 0.99532616
vn 0.06295840 -0.22837852 0.97153461
vn 0.02441618 -0.18486536 0.98246050
vn 0.08620724 -0.27148849 0.95857304
vn 0.13985647 -0.30822739 0.94097608
vn 0.19390102 -0.24271525 0.95052177
vn 0.29966530 -0.16283184 0.94004601
vn 0.37043804 -0.12902898 0.91985178
vn -0.14071855 0.18635699 0.97235250
vn 0.06841161 0.23757486 0.96895719
vn 0.16146442 0.25220475 0.95410794
vn -0.04685410 0.29758689 0.95354432
vn -0.05399680 0.27249548 0.96064073
vn -0.15576836 0.22383521 0.96209878
vn -0.18635169 0.18113905 0.96564054
vn 0.33894145 -0.08373848 0.93707341
vn -0.22549483 0.06284282 0.97221541
vn 0.14676100 -0.04737953 0.98803663
vn -0.30590582 -0.07680189 0.94895893
vn 0.16550173 -0.05281970 0.98479396
vn 0.20923403 -0.02246015 0.97760761
vn -0.15885508 -0.32461691 0.93241030
vn -0.26535162 0.00120069 0.96415097
vn -0.31308022 0.07144985 0.94703519
vn -0.09903508 -0.43101180 0.89689511
vn 0.06254810 -0.49621496 0.86594373
vn -0.41921419 0.21775436 0.88138670
vn -0.51497728 0.24589004 0.82117993
vn -0.43179122 0.18588978 0.88261050
vn 0.15530047 -0.52210540 0.83862257
vn 0.23825820 -0.41807571 0.87661034
vn 0.36304280 -0.29374832 0.88425779
vn 0.44356984 -0.15459925 0.88280511
vn 0.44633210 0.03910463 0.89401263
vn -0.11074895 0.15212768 0.98213637
vn -0.15034170 0.11856215 0.98149908
vn -0.22273304 0.11073013 0.96857047
vn -0.09053446 -0.00532556 0.99587905
vn -0.01002462 0.13923077 0.99020922
vn 0.04841355 -0.05486869 0.99731916
vn 0.04040173 -0.15583523 0.98695648
vn -0.06118744 0.04186509 0.99724793
vn 0.20918614 0.08540735 0.97413898
vn 0.38778290 0.16051088 0.90766770
vn 0.32486776 0.10561544 0.93984377
vn -0.34099048 0.10647529 0.93401742
vn -0.23654798 0.06068508 0.96972287
vn -0.05713605 0.00934954 0.99832261
vn 0.16451754 -0.02876181 0.98595476
vn 0.05771507 0.06207092 0.99640161
vn -0.02996451 -0.02789799 0.99916154
vn 0.02065868 -0.09894420 0.99487853
vn 0.00295562 0.00492603 0.99998355
vn 0.12103178 0.07031370 0.99015522
vn -0.00699183 -0.01698015 0.99983138
vn 0.07606933 0.05622516 0.99551600
vn -0.00537704 -0.10216383 0.99475306
vn 0.02101612 0.00500384 0.99976659
vn 0.06692217 0.02443190 0.99745905
vn -0.00300233 -0.02101628 0.99977463
vn -0.04396951 -0.00306764 0.99902821
vn 0.14662510 -0.11269532 0.98275167
vn 0.01111811 0.02526842 0.99961889
vn 0.05282495 0.05282495 0.99720562
vn -0.01586469 -0.07086226 0.99735993
vn 0.01522251 0.02334118 0.99961162
vn -0.05070858 -0.01138356 0.99864864
vn -0.04229380 -0.07048967 0.99661553
vn 0.03348291 0.00710243 0.99941403
vn -0.02482032 -0.08525240 0.99605018
vn 0.06656078 -0.05564917 0.99622929
vn 0.00703312 0.02310883 0.99970824
vn 0.02718016 -0.00302002 0.99962598
vn 0.03026403 0.04069990 0.99871296
vn -0.01602064 -0.08223929 0.99648380
vn -0.05818617 0.07136039 0.99575198
vn 0.29883364 -0.30177781 0.90533340
vn -0.02784217 -0.02784217 0.99922454
vn 0.13938145 -0.11998925 0.98294222
vn 0.01698036 0.00499422 0.99984330
vn -0.27085581 0.06993930 0.96007580
vn -0.02960462 -0.01735443 0.99941099
vn 0.13678636 -0.14664483 0.97968608
vn 0.04874336 0.01348221 0.99872035
vn -0.02942704 -0.01116198 0.99950457
vn 0.02315535 -0.00704728 0.99970704
vn 0.01293408 -0.00497465 0.99990398
vn 0.32486409 -0.27782494 0.90403354
vn -0.02583126 -0.03203076 0.99915302
vn 0.05713605 -0.00934954 0.99832261
vn -0.05908582 0.00518297 0.99823940
vn -0.06480321 0.02655869 0.99754453
vn -0.17975745 0.05595100 0.98211855
vn -0.08493194 0.08040224 0.99313748
vn -0.03177399 0.01742445 0.99934322
vn -0.02315535 0.00704728 0.99970704
vn -0.01298513 -0.01098742 0.99985534
vn -0.11424908 0.00761661 0.99342293
vn -0.01897752 0.00299645 0.99981540
vn -0.07419702 -0.02903362 0.99682093
vn -0.03124414 -0.07649428 0.99658036
vn 0.00306139 0.04387986 0.99903208
vn -0.07385760 0.06062937 0.99542409
vn -0.06706429 -0.02448379 0.99744821
vn -0.06847027 -0.01369405 0.99755913
vn -0.08028511 -0.01819796 0.99660581
vn -0.03382165 -0.01742327 0.99927598
vn -0.06678696 -0.02014210 0.99756396
vn -0.01369405 -0.06847027 0.99755913
vn -0.05408509 -0.03499623 0.99792290
vn -0.10526216 0.05998811 0.99263352
vn 0.00888411 -0.00296137 0.99995613
vn -0.03177278 -0.01947364 0.99930537
vn -0.00888415 0.00098713 0.99996006
vn 0.01486455 -0.00099097 0.99988902
vn 0.37728214 -0.21121973 0.90168977
vn 0.36621010 0.08182716 0.92692739
vn 0.01176776 0.08879311 0.99598056
vn -0.01694664 -0.00299058 0.99985188
vn -0.01687941 -0.00099291 0.99985707
vn -0.01893976 0.00099683 0.99982017
vn 0.36495239 -0.23304190 0.90138847
vn 0.00893687 -0.00695089 0.99993587
vn -0.01598937 0.07994686 0.99667090
vn 0.00890169 -0.00296723 0.99995601
vn -0.03145519 -0.00913215 0.99946344
vn -0.01288292 -0.00297298 0.99991262
vn 0.03753696 -0.00101451 0.99929470
vn -0.01109623 0.02320120 0.99966925
vn 0.38554078 -0.19204840 0.90248311
vn 0.00294983 -0.00294983 0.99999130
vn -0.11684042 0.13370399 0.98410952
vn 0.04505677 0.02829146 0.99858373
vn -0.08223218 0.11234538 0.99026078
vn -0.00296142 -0.00690997 0.99997175
vn -0.03348291 -0.00710243 0.99941403
vn -0.01507195 -0.01507195 0.99977279
vn 0.01092275 0.00496489 0.99992800
vn 0.44094497 0.14219399 0.88619888
vn 0.00295562 -0.00492603 0.99998355
vn 0.39466545 -0.14853001 0.90674031
vn -0.03126622 0.00100859 0.99951059
vn -0.01415438 -0.10779103 0.99407279
vn -0.00492603 0.00295562 0.99998355
vn -0.00689636 -0.00295558 0.99997187
vn -0.04599179 0.11105336 0.99274969
vn 0.00897218 -0.01096600 0.99989963
vn -0.02306297 0.00300821 0.99972951
vn -0.00098326 -0.00688282 0.99997580
vn 0.01869687 -0.11548067 0.99313372
vn -0.01094435 -0.00696459 0.99991584
vn -0.05081230 0.01348081 0.99861723
vn -0.08685333 0.11001422 0.99012792
vn -0.02343463 0.01935904 0.99953794
vn -0.03341582 -0.00303780 0.99943691
vn -0.00097752 -0.00097752 0.99999905
vn -0.01105299 -0.01708189 0.99979299
vn -0.02930957 -0.00505337 0.99955755
vn -0.03764605 0.14259867 0.98906440
vn -0.00492599 -0.00492599 0.99997568
vn 0.00491634 -0.00294980 0.99998355
vn -0.05324920 0.06411639 0.99652076
vn -0.05574776 -0.02208874 0.99820048
vn -0.03784151 0.01125018 0.99922037
vn 0.39270088 0.17980810 0.90191740
vn -0.05099580 0.11899019 0.99158496
vn -0.02750930 0.01528295 0.99950469
vn 0.06827191 -0.12844375 0.98936403
vn -0.06387483 0.00942416 0.99791342
vn -0.12147161 0.00766037 0.99256533
vn 0.00904321 0.01909121 0.99977684
vn 0.01293393 -0.00696442 0.99989212
vn -0.06115218 -0.00103648 0.99812788
vn -0.00491634 -0.00294980 0.99998355
vn -0.06649048 0.25467107 0.96473920
vn 0.03206296 -0.10503382 0.99395162
vn -0.02516794 0.00503359 0.99967057
vn -0.00107905 -0.11114203 0.99380398
vn -0.00918611 0.03776511 0.99924439
vn 0.02357544 0.02562548 0.99939358
vn -0.11559893 0.21722436 0.96925253
vn 0.01909121 -0.00904321 0.99977684
vn 0.07725320 0.11415026 0.99045527
vn -0.01401811 -0.09597011 0.99528551
vn -0.05736351 0.05519884 0.99682623
vn -0.00693723 -0.00693723 0.99995184
vn 0.01862474 -0.11065286 0.99368459
vn 0.00294983 0.00294983 0.99999130
vn 0.09767300 0.05725659 0.99357015
vn -0.01859308 -0.10608990 0.99418271
vn -0.00518297 0.05908582 0.99823940
vn -0.01982591 -0.04904304 0.99859989
vn 0.02062272 0.09443037 0.99531788
vn -0.01708189 0.01105299 0.99979299
vn 0.14624102 0.08441555 0.98564070
vn -0.01920494 -0.01718337 0.99966788
vn -0.12798567 0.16526306 0.97790992
vn -0.06199345 -0.10031667 0.99302238
vn 0.04142818 0.18820232 0.98125613
vn -0.00902540 -0.01704798 0.99981391
vn -0.03208863 0.20560491 0.97810888
vn -0.02542033 0.01728583 0.99952739
vn -0.01098742 -0.01298513 0.99985534
vn -0.00352019 0.22177187 0.97509217
vn -0.13299206 0.25676686 0.95727944
vn -0.01295951 -0.00897197 0.99987578
vn -0.02990443 0.02577968 0.99922025
vn 0.02310911 -0.00502372 0.99972028
vn -0.00296142 -0.00690997 0.99997175
vn 0.02817612 0.04278596 0.99868691
vn -0.19973640 0.21582255 0.95578557
vn -0.05667156 0.13763094 0.98886096
vn -0.06387747 -0.08853193 0.99402303
vn -0.04441952 0.01342916 0.99892271
vn -0.10181580 0.07664786 0.99184608
vn -0.03771877 0.14516011 0.98868895
vn -0.01780595 -0.05760748 0.99818051
vn 0.01290850 0.00297888 0.99991226
vn -0.02383529 0.14868681 0.98859710
vn -0.00299058 0.01694664 0.99985188
vn -0.02126863 -0.01721746 0.99962550
vn -0.00102845 0.05245085 0.99862295
vn -0.05016841 0.15983887 0.98586750
vn -0.02338786 -0.01728668 0.99957699
vn -0.04441952 0.01342916 0.99892271
vn -0.02516794 0.00503359 0.99967057
vn -0.01735544 0.02756453 0.99946934
vn -0.04468969 0.02182519 0.99876249
vn -0.01085819 0.00098711 0.99994051
vn 0.57793427 0.11911622 0.80734330
vn -0.18966830 0.14384240 0.97125447
vn -0.02462957 0.07388872 0.99696231
vn -0.01337514 0.04218315 0.99902040
vn -0.09208523 0.08071669 0.99247426
vn 0.10909577 0.07694123 0.99104899
vn -0.03196476 0.02577803 0.99915648
vn -0.28032899 0.26882830 0.92149168
vn 0.09442592 0.02279246 0.99527091
vn -0.03235177 -0.03861340 0.99873042
vn -0.06239168 0.15892221 0.98531777
vn -0.24341385 0.24341385 0.93888199
vn -0.12990245 0.15959445 0.97859848
vn -0.07343686 0.09151362 0.99309224
vn -0.20563583 0.29516435 0.93305510
vn 0.02034150 0.07815421 0.99673373
vn 0.11895973 0.26014271 0.95821410
vn 0.04184259 0.00306165 0.99911952
vn -0.08740885 -0.11537968 0.98946816
vn -0.02362115 -0.02978319 0.99927723
vn 0.08972123 0.11535586 0.98926389
vn -0.02526842 0.01111811 0.99961889
vn 0.00688282 0.00098326 0.99997580
vn 0.01932057 0.02135431 0.99958527
vn -0.01516229 -0.01920557 0.99970061
vn -0.00498443 -0.01495328 0.99987578
vn -0.01897736 -0.00499404 0.99980742
vn 0.09305625 -0.03174860 0.99515456
vn 0.00991077 0.12443523 0.99217826
vn -0.02521798 -0.00907847 0.99964076
vn 0.07251569 0.00525476 0.99735343
vn -0.02070347 0.09915873 0.99485624
vn -0.02526894 -0.00909682 0.99963927
vn 0.50480503 0.11361709 0.85572368
vn -0.02582949 -0.03409493 0.99908477
vn 0.00099294 -0.01489407 0.99988860
vn 0.02502101 0.09246895 0.99540114
vn -0.01701414 -0.00700582 0.99983072
vn -0.04024672 0.15063772 0.98776948
vn -0.03667669 0.03667669 0.99865389
vn 0.10703019 -0.08171123 0.99089241
vn 0.07378154 0.29900941 0.95139354
vn -0.05161789 0.20046949 0.97833920
vn 0.40981403 0.13097149 0.90271747
vn -0.06516501 0.16232012 0.98458403
vn 0.03361802 -0.01120601 0.99937195
vn 0.19338217 0.09238002 0.97676474
vn 0.00098518 0.00886664 0.99996018
vn -0.05974081 0.28345108 0.95712405
vn 0.07160135 0.02671692 0.99707544
vn 0.02097440 -0.00099878 0.99977952
vn -0.00495514 0.00891926 0.99994791
vn -0.01290840 -0.00496477 0.99990439
vn 0.34262347 0.01390723 0.93936986
vn -0.04902435 0.12655123 0.99074787
vn 0.09443037 0.02062272 0.99531788
vn 0.00295562 0.00492603 0.99998355
vn -0.02531896 0.01316586 0.99959272
vn 0.29624856 -0.06540553 0.95286876
vn 0.00099294 0.01489407 0.99988860
vn -0.01308860 0.01711586 0.99976784
vn 0.02324752 0.01313990 0.99964339
vn 0.45612943 -0.00131449 0.88991249
vn -0.00742829 0.08383356 0.99645203
vn -0.00499422 0.01698036 0.99984330
vn -0.01531324 0.02960560 0.99944431
vn 0.03145571 0.00710290 0.99947989
vn -0.01098742 0.01298513 0.99985534
vn 0.08629495 -0.06612210 0.99407297
vn 0.12166745 0.22412425 0.96693605
vn 0.08851903 0.06610915 0.99387825
vn 0.42754385 -0.10166352 0.89825988
vn -0.00100859 0.03126622 0.99951059
vn 0.02334042 -0.01725161 0.99957871
vn -0.03120331 0.00100656 0.99951255
vn 0.01316586 0.02531896 0.99959272
vn 0.03124414 0.07649428 0.99658036
vn -0.01698015 0.00699183 0.99983138
vn 0.05303369 -0.05952761 0.99681687
vn -0.04067941 0.09125382 0.99499649
vn 0.00512316 0.04405916 0.99901575
vn 0.12649107 0.09811924 0.98710316
vn 0.08960684 -0.28440431 0.95450765
vn 0.33173996 0.12050962 0.93564206
vn 0.00293828 -0.00097943 0.99999523
vn 0.07066271 -0.36931264 0.92661476
vn 0.34291825 0.08673029 0.93535286
vn -0.06402334 0.13852322 0.98828757
vn -0.03020357 -0.03853558 0.99880064
vn 0.01155226 -0.37865755 0.92546475
vn 0.03382279 -0.01537399 0.99930960
vn 0.11116757 0.06990951 0.99133974
vn -0.06153252 -0.00730047 0.99807841
vn 0.01711538 0.01510180 0.99973947
vn 0.30229175 0.03920939 0.95240873
vn 0.00643210 -0.39235801 0.91979009
vn -0.03340729 -0.07220285 0.99683028
vn -0.06031050 -0.39804929 0.91537935
vn 0.05353520 0.02414333 0.99827403
vn -0.02343366 -0.02139595 0.99949640
vn 0.49546871 0.12567282 0.85948652
vn 0.09867518 0.20859183 0.97301215
vn 0.00951664 -0.07507572 0.99713242
vn 0.00690997 -0.00296142 0.99997175
vn 0.02143619 -0.14328401 0.98944944
vn -0.08732738 0.15192573 0.98452652
vn -0.06684311 0.05807680 0.99607182
vn -0.01032499 -0.18240818 0.98316866
vn 0.49183866 0.08314751 0.86670709
vn -0.07544111 0.04701403 0.99604136
vn 0.02329393 -0.01519169 0.99961323
vn -0.14649171 0.21390381 0.96580809
vn -0.01812664 0.07570539 0.99696547
vn -0.00112081 0.15803412 0.98743302
vn -0.00690992 -0.00493566 0.99996400
vn -0.03014542 0.03430340 0.99895668
vn -0.07881965 0.13999313 0.98701036
vn 0.00763118 0.11664809 0.99314398
vn -0.04379075 -0.00101839 0.99904025
vn -0.08227935 0.20017216 0.97629976
vn -0.02531652 -0.23990412 0.97046643
vn -0.12755001 0.26430467 0.95596761
vn -0.12707959 0.05609820 0.99030489
vn -0.05353067 -0.18438341 0.98139554
vn -0.10261265 0.22422765 0.96911949
vn 0.01916684 -0.01513171 0.99970180
vn -0.04695877 -0.02191409 0.99865639
vn 0.07175426 -0.02677398 0.99706292
vn -0.04619814 -0.00718638 0.99890643
vn -0.11562242 0.08992855 0.98921400
vn 0.03024014 0.23587307 0.97131324
vn -0.08944719 0.04527574 0.99496198
vn -0.26763350 -0.35043722 0.89753330
vn 0.01132719 0.33352286 0.94267398
vn 0.46579114 0.02281974 0.88460040
vn 0.02173877 0.04037200 0.99894822
vn -0.15253918 -0.36245549 0.91943341
vn 0.04340705 0.10128313 0.99391019
vn -0.19584183 -0.28751248 0.93754071
vn 0.23889415 0.00594264 0.97102743
vn -0.09760725 0.03180461 0.99471664
vn 0.06831317 0.17857301 0.98155236
vn 0.00725778 0.05495173 0.99846262
vn -0.02045796 0.08721549 0.99597937
vn -0.08061799 0.02472285 0.99643838
vn -0.25815824 -0.32816726 0.90865868
vn 0.10641920 0.00107494 0.99432081
vn 0.12131413 0.25697723 0.95877296
vn -0.01725239 0.02131178 0.99962401
vn 0.42865285 -0.05273647 0.90192884
vn -0.00916809 0.03565370 0.99932218
vn -0.01742445 0.03177399 0.99934322
vn 0.35572457 -0.08993791 0.93025333
vn -0.06669750 0.05795029 0.99608892
vn -0.23190051 -0.29734483 0.92617935
vn -0.05701450 0.09502416 0.99384093
vn -0.00104642 0.07429563 0.99723572
vn -0.04969216 -0.08723734 0.99494743
vn -0.26029941 -0.24904321 0.93285680
vn -0.02828194 0.13914713 0.98986781
vn 0.03393573 0.09304956 0.99508297
vn -0.02082488 -0.10631651 0.99411422
vn -0.05416504 0.19860515 0.97858173
vn -0.15516549 -0.21775326 0.96359074
vn 0.05979054 -0.15592435 0.98595774
vn 0.02591295 0.13632464 0.99032527
vn 0.03106832 0.28458580 0.95814699
vn -0.14611202 -0.18422821 0.97196257
vn 0.19351721 0.44760087 0.87304330
vn 0.03045775 0.41978729 0.90711135
vn -0.04544742 -0.09643722 0.99430096
vn -0.10116851 0.29562226 0.94993281
vn -0.07511189 -0.11671232 0.99032134
vn -0.18069741 0.44513264 0.87704355
vn 0.02010238 0.06453921 0.99771273
vn -0.07949639 -0.19690643 0.97719407
vn 0.16226353 0.46047759 0.87271464
vn -0.00306139 -0.04387986 0.99903208
vn 0.44828081 0.29937091 0.84227157
vn -0.08974512 -0.11305553 0.98952729
vn -0.00106492 -0.09264787 0.99569833
vn -0.04618585 -0.11377489 0.99243248
vn -0.04469161 -0.01974746 0.99880564
vn -0.04814644 -0.10637004 0.99316025
vn -0.03382165 0.01742327 0.99927598
vn 0.01232172 -0.14674051 0.98909831
vn -0.05844100 -0.03293948 0.99774730
vn 0.01687941 0.00099291 0.99985707
vn -0.01504215 0.01303653 0.99980187
vn -0.04635628 -0.12097859 0.99157214
vn -0.12151561 0.39806837 0.90927196
vn -0.01958980 0.03814857 0.99908000
vn 0.02824737 0.26405147 0.96409488
vn 0.05483890 0.00517348 0.99848181
vn -0.23908132 0.35935536 0.90205532
vn -0.02115017 -0.12578785 0.99183172
vn -0.00514272 0.05039864 0.99871594
vn -0.22483787 0.46627450 0.85559106
vn 0.05953430 0.05087477 0.99692899
vn -0.33944169 0.37016040 0.86473155
vn -0.05333908 0.25181007 0.96630567
vn 0.07896826 0.23439787 0.96892810
vn -0.09659557 0.17729567 0.97940570
vn -0.07019836 0.03779911 0.99681664
vn -0.00105674 0.08348270 0.99650872
vn 0.11446229 0.27760392 0.95385236
vn -0.06094158 0.03528197 0.99751753
vn -0.06904326 0.02018188 0.99740952
vn -0.09846917 0.09615225 0.99048400
vn -0.00293828 0.00097943 0.99999523
vn 0.10144234 0.50721174 0.85583049
vn -0.00998363 0.13644290 0.99059761
vn -0.16353762 0.30371273 0.93862349
vn -0.04246394 -0.07512850 0.99626929
vn -0.55087674 0.19990264 0.81029236
vn -0.18932691 0.22960922 0.95469099
vn 0.02169566 -0.03822569 0.99903357
vn 0.03340201 0.07434641 0.99667293
vn -0.03261194 -0.04733992 0.99834633
vn -0.18445183 0.12422266 0.97495967
vn -0.04880743 -0.06399196 0.99675620
vn 0.56400096 0.17993596 0.80593169
vn -0.14061961 0.08153573 0.98670059
vn -0.07512138 -0.04463734 0.99617481
vn -0.01345566 -0.04657729 0.99882406
vn 0.06833000 -0.00946108 0.99761790
vn -0.07631895 -0.09910073 0.99214637
vn -0.09306221 0.09076437 0.99151462
vn -0.85322303 -0.06004679 0.51807815
vn -0.07799096 -0.01816228 0.99678862
vn -0.45082715 0.24742366 0.85763413
vn -0.18260716 -0.02675137 0.98282194
vn 0.02931703 0.08795109 0.99569327
vn -0.11011296 -0.03670432 0.99324113
vn -0.06628794 -0.05107432 0.99649256
vn -0.06818698 0.00944127 0.99762791
vn -0.01295971 -0.00697831 0.99989170
vn 0.04101252 0.09865174 0.99427652
vn -0.36904457 -0.19385611 0.90896976
vn -0.04899778 -0.07077457 0.99628824
vn 0.06033446 0.11497698 0.99153417
vn 0.00895433 -0.01094418 0.99990004
vn -0.78754175 -0.29631853 0.54034555
vn -0.03183666 -0.02156677 0.99926037
vn 0.03280816 -0.05397472 0.99800318
vn 0.14110807 -0.00555544 0.98997861
vn -0.01324484 0.02954617 0.99947566
vn -0.07685713 -0.00315851 0.99703711
vn -0.03409668 0.02376435 0.99913597
vn 0.01974746 0.04469161 0.99880564
vn -0.08113100 0.06334886 0.99468821
vn -0.07554478 0.01808819 0.99697828
vn 0.40278792 -0.10381132 0.90938717
vn 0.06589842 -0.18092112 0.98128742
vn -0.01794916 0.06440582 0.99776232
vn -0.01701414 -0.00700582 0.99983072
vn 0.41141912 -0.05226497 0.90994650
vn 0.38355225 -0.01678848 0.92336655
vn 0.37599441 0.01938115 0.92641920
vn -0.69003749 -0.23734774 0.68375009
vn -0.47618738 -0.14999174 0.86645716
vn -0.12625344 0.09321516 0.98760867
vn -0.54683453 -0.00678455 0.83721316
vn -0.57671183 0.12832208 0.80680662
vn 0.34975547 0.02434196 0.93652469
vn -0.05878928 -0.08097392 0.99498093
vn 0.33205935 0.05039033 0.94191158
vn -0.10172991 0.00107084 0.99481148
vn -0.04175761 0.00101848 0.99912721
vn -0.33733198 0.25263390 0.90685350
vn -0.00097752 0.00097752 0.99999905
vn -0.04261496 0.02182717 0.99885309
vn -0.03158187 0.01324401 0.99941343
vn -0.43952915 0.10812698 0.89169657
vn -0.01519238 0.02126933 0.99965835
vn -0.01332357 0.03587114 0.99926764
vn -0.41151911 0.02235088 0.91112697
vn -0.01516167 0.02122634 0.99965972
vn -0.00689636 0.00295558 0.99997187
vn -0.33750719 -0.04784584 0.94010621
vn -0.04295960 0.03248164 0.99854869
vn -0.21728748 -0.11309115 0.96953422
vn -0.02562548 -0.02357544 0.99939358
vn 0.03542349 0.06547979 0.99722493
vn -0.03222455 -0.03222455 0.99896109
vn -0.01924383 -0.01721817 0.99966657
vn -0.01909083 -0.01105259 0.99975663
vn -0.02984444 0.02366973 0.99927425
vn -0.00099100 -0.01288297 0.99991655
vn -0.06387483 0.00942416 0.99791342
vn 0.04800624 -0.16743641 0.98471338
vn -0.04949315 0.08248859 0.99536228
vn 0.02750930 0.01528295 0.99950469
vn 0.02963044 -0.20741309 0.97780460
vn 0.09246750 0.08561806 0.99202788
vn -0.00348731 -0.21040098 0.97760898
vn 0.07312068 0.01589580 0.99719644
vn 0.02761985 -0.01943619 0.99942952
vn -0.05713612 -0.04851180 0.99718708
vn 0.04904304 -0.01982591 0.99859989
vn -0.03810252 0.07947097 0.99610871
vn -0.03254976 0.04304968 0.99854255
vn -0.02156814 -0.02978457 0.99932361
vn -0.01742445 0.03177399 0.99934322
vn -0.01698036 0.00499422 0.99984330
vn 0.02960462 -0.01735443 0.99941099
vn -0.02148238 -0.02557426 0.99944204
vn 0.01456635 -0.14454301 0.98939127
vn -0.04950202 -0.08030327 0.99554056
vn -0.01732103 0.02547211 0.99952543
vn -0.03450850 -0.03869135 0.99865514
vn 0.05419564 -0.03719309 0.99783736
vn -0.04136254 -0.04772600 0.99800372
vn 0.00342637 -0.18159740 0.98336703
vn 0.00098904 -0.01285749 0.99991685
vn 0.01120675 -0.03158266 0.99943829
vn 0.32004878 0.07446033 0.94447047
vn -0.05994321 -0.01998107 0.99800181
vn 0.05748052 -0.05748052 0.99669051
vn -0.01276392 -0.19610016 0.98050082
vn -0.04880743 -0.06399196 0.99675620
vn 0.31094652 0.06322149 0.94832236
vn -0.05347322 -0.06656870 0.99634796
vn -0.03348332 -0.00507323 0.99942642
vn -0.04396951 -0.00306764 0.99902821
vn -0.01507238 -0.01306273 0.99980104
vn 0.03016924 -0.23532008 0.97144955
vn -0.05856093 0.03513656 0.99766529
vn -0.06217147 -0.01791381 0.99790472
vn 0.01350879 -0.05091775 0.99861145
vn 0.00353072 -0.22949706 0.97330290
vn -0.05299031 -0.01350733 0.99850368
vn 0.30785805 0.06311734 0.94933635
vn -0.00690997 -0.00296142 0.99997175
vn -0.03838234 0.02385929 0.99897820
vn 0.05758882 -0.10727330 0.99256033
vn 0.08436537 0.01174708 0.99636567
vn 0.29727441 0.05741351 0.95306432
vn 0.03167957 -0.09285393 0.99517560
vn -0.04990168 -0.08982302 0.99470681
vn -0.01595974 -0.28359231 0.95881212
vn -0.10326687 0.04108467 0.99380475
vn 0.08028179 0.02033805 0.99656469
vn -0.05292617 -0.05724667 0.99695623
vn 0.21582076 -0.04461099 0.97541338
vn -0.08786286 0.00105859 0.99613202
vn -0.03768886 0.00713032 0.99926406
vn -0.01932057 0.02135431 0.99958527
vn -0.08594239 0.00318305 0.99629503
vn -0.43073955 0.01712420 0.90231377
vn -0.00886930 -0.35097077 0.93634444
vn 0.04396951 0.00306764 0.99902821
vn -0.45475385 0.05325946 0.88902330
vn -0.27004114 0.12250646 0.95502353
vn -0.02049801 -0.08954395 0.99577194
vn -0.06454238 -0.35169014 0.93388879
vn -0.03143593 -0.08129983 0.99619383
vn 0.03087800 -0.06069124 0.99767888
vn 0.07145298 0.02452864 0.99714231
vn -0.04657729 -0.01345566 0.99882406
vn -0.04834647 -0.00514324 0.99881738
vn -0.00725778 -0.05495173 0.99846262
vn -0.03126622 -0.00100859 0.99951059
vn -0.33817279 0.08089624 0.93760067
vn -0.06800877 -0.36938095 0.92678612
vn -0.07115707 0.02017887 0.99726099
vn -0.00515276 -0.05255814 0.99860460
vn 0.00344368 -0.19169801 0.98144794
vn -0.42052102 -0.03871464 0.90645647
vn -0.17201997 0.04329754 0.98414147
vn -0.00356768 -0.24617001 0.96922010
vn -0.02700766 -0.35367179 0.93497962
vn -0.02833639 -0.14168194 0.98950660
vn -0.04460075 0.01763285 0.99884927
vn -0.46686915 -0.02556344 0.88395685
vn -0.07190352 0.02897605 0.99699062
vn -0.04329754 -0.17201997 0.98414147
vn 0.00697831 -0.01295971 0.99989170
vn -0.00501387 0.02105825 0.99976563
vn -0.01297246 -0.22053190 0.97529346
vn 0.07697288 0.03794438 0.99631089
vn -0.02047267 -0.24446779 0.96944124
vn 0.04120846 -0.27597180 0.96028197
vn 0.00098518 -0.00886664 0.99996018
vn -0.19604464 0.02700016 0.98022318
vn -0.04012883 0.01337628 0.99910498
vn -0.50618088 -0.08036855 0.85867447
vn -0.00299048 0.01893969 0.99981612
vn -0.04695652 0.02400000 0.99860859
vn -0.03075417 -0.26694620 0.96322060
vn 0.04705458 -0.02405012 0.99860275
vn -0.41289157 -0.06633340 0.90836143
vn -0.03132926 0.00303186 0.99950451
vn 0.00497465 -0.01293408 0.99990398
vn -0.49943361 -0.05395543 0.86467040
vn -0.01698015 -0.00699183 0.99983138
vn -0.04086702 -0.17164150 0.98431146
vn -0.38267908 -0.03003966 0.92339289
vn -0.00108111 0.11351604 0.99353558
vn 0.03601503 -0.01955102 0.99915999
vn -0.03334076 0.06990804 0.99699616
vn -0.04727158 -0.14642662 0.98809141
vn 0.00776283 0.13862191 0.99031496
vn 0.04657729 -0.01345566 0.99882406
vn -0.05393641 -0.19536966 0.97924542
vn -0.03241935 0.03869406 0.99872506
vn -0.02400000 0.04695652 0.99860859
vn 0.13555507 -0.00330622 0.99076426
vn -0.02126933 0.01519238 0.99965835
vn -0.04414623 -0.29388776 0.95481992
vn -0.04758399 0.08963495 0.99483728
vn 0.00101839 0.04379075 0.99904025
vn -0.01199734 0.11233869 0.99359751
vn -0.04480017 -0.32128119 0.94592357
vn -0.00518297 0.05908582 0.99823940
vn 0.05517808 0.01145205 0.99841082
vn 0.27934062 0.03103785 0.95969027
vn 0.01290840 -0.00496477 0.99990439
vn -0.05734187 -0.15330175 0.98651427
vn 0.00104642 0.07429563 0.99723572
vn 0.28624493 0.02354395 0.95786721
vn -0.05659173 -0.19626492 0.97891647
vn 0.00491634 -0.00294980 0.99998355
vn -0.00491636 0.00098327 0.99998748
vn 0.22916724 0.02519640 0.97306091
vn 0.03020357 0.03853558 0.99880064
vn 0.27519962 0.00363700 0.96138018
vn -0.04803708 -0.34145278 0.93867058
vn 0.02257022 0.08275749 0.99631411
vn -0.00886664 -0.00098518 0.99996018
vn 0.00100069 0.02501718 0.99968648
vn 0.01415767 0.10563798 0.99430388
vn -0.46775568 -0.00662543 0.88383299
vn -0.05355955 -0.34617755 0.93663889
vn -0.00298463 -0.01691293 0.99985248
vn 0.00099878 0.02097440 0.99977952
vn 0.04634861 0.06143886 0.99703413
vn -0.00098711 -0.01085819 0.99994051
vn -0.01311452 -0.01916738 0.99973023
vn -0.04609445 -0.11130124 0.99271709
vn -0.00098711 -0.01085819 0.99994051
vn -0.00099683 -0.01893976 0.99982017
vn -0.34343910 0.01394033 0.93907148
vn 0.01928217 -0.01928217 0.99962813
vn 0.02603846 0.04062000 0.99883533
vn -0.02552207 -0.02143854 0.99944431
vn -0.00490671 -0.00098134 0.99998748
vn -0.38380712 0.11777475 0.91587186
vn 0.05445564 0.08779582 0.99464887
vn 0.05342582 -0.02199887 0.99832946
vn -0.06084964 -0.31719497 0.94640619
vn 0.09097670 0.21061729 0.97332603
vn 0.10372066 0.10138986 0.98942512
vn 0.00120347 0.26596737 0.96398127
vn 0.05102033 0.01770093 0.99854070
vn -0.02629847 -0.30180627 0.95300651
vn 0.06022933 0.11023104 0.99207938
vn -0.25057009 0.13250041 0.95898813
vn 0.21133164 0.11515676 0.97060698
vn 0.10238288 0.00538857 0.99473047
vn 0.03077777 0.14932919 0.98830843
vn 0.00490671 0.00098134 0.99998748
vn 0.13367930 -0.00773351 0.99099445
vn -0.39036101 0.12085910 0.91269457
vn 0.12115737 0.18360962 0.97550416
vn -0.05454506 -0.38979763 0.91928381
vn -0.25366405 0.13274647 0.95814031
vn 0.03261194 -0.04733992 0.99834633
vn -0.02750930 -0.01528295 0.99950469
vn -0.35308689 0.11587793 0.92838675
vn -0.01963025 -0.03822732 0.99907625
vn -0.05642233 -0.35559192 0.93293673
vn 0.01516229 -0.01920557 0.99970061
vn -0.01401108 -0.35791937 0.93364733
vn 0.00306139 -0.04387986 0.99903208
vn -0.02676232 -0.33516622 0.94177884
vn -0.02577968 0.02990443 0.99922025
vn -0.28121632 0.07576147 0.95664918
vn -0.04451172 -0.30903852 0.95000732
vn -0.02531896 -0.01316586 0.99959272
vn -0.02795200 -0.03416356 0.99902529
vn -0.04045375 0.02385734 0.99889654
vn -0.21299735 0.09092869 0.97281241
vn -0.01285749 0.00098904 0.99991685
vn -0.02376263 0.03616052 0.99906343
vn -0.22596329 0.06791247 0.97176564
vn -0.01092275 -0.00496489 0.99992800
vn -0.04247493 0.14579231 0.98840302
vn 0.24505214 -0.01075839 0.96945018
vn 0.22892380 -0.03997082 0.97262335
vn -0.00295558 0.00689636 0.99997187
vn -0.04681332 0.13358924 0.98993051
vn 0.24558730 -0.02540558 0.96904153
vn -0.01356209 -0.05529158 0.99837816
vn -0.00493566 0.00690992 0.99996400
vn -0.03572569 0.01122807 0.99929857
vn 0.22261976 -0.06272712 0.97288525
vn -0.01149565 -0.06165846 0.99803108
vn -0.02506733 -0.00100269 0.99968523
vn 0.23945870 -0.06079521 0.96900129
vn -0.06529694 -0.22545925 0.97206199
vn -0.04144597 0.04994771 0.99789149
vn 0.01090110 0.00495505 0.99992830
vn 0.20590705 -0.08014346 0.97528428
vn 0.03471556 -0.21667294 0.97562677
vn -0.00293828 0.00097943 0.99999523
vn 0.06641359 0.24936424 0.96612978
vn 0.20061193 -0.08492161 0.97598320
vn -0.03222232 -0.03430118 0.99889201
vn 0.17980339 -0.13453820 0.97445887
vn -0.03126622 -0.00100859 0.99951059
vn -0.03955060 0.12769192 0.99102497
vn -0.08917372 -0.10770333 0.99017572
vn -0.02676980 -0.07388465 0.99690741
vn -0.07465748 0.10911477 0.99122155
vn 0.10548142 -0.03664091 0.99374598
vn -0.00689636 -0.00295558 0.99997187
vn 0.00121753 -0.28611875 0.95819336
vn 0.12966169 -0.10349145 0.98614264
vn 0.01547528 -0.23212922 0.97256190
vn 0.05749104 -0.01358879 0.99825352
vn -0.04706566 -0.21119207 0.97631079
vn -0.00688282 -0.00098326 0.99997580
vn 0.01098768 0.01098768 0.99987930
vn -0.02635180 0.05375767 0.99820626
vn -0.00098906 -0.01087967 0.99994028
vn -0.00294404 0.00294404 0.99999130
vn -0.00356154 -0.24337199 0.96992648
vn -0.01087962 0.00296717 0.99993646
vn -0.02135343 0.02135343 0.99954391
vn -0.04150249 0.11329059 0.99269474
vn -0.07460605 -0.00525395 0.99719924
vn -0.01041977 -0.19566017 0.98061639
vn 0.07574596 0.05379061 0.99567521
vn 0.02348148 -0.02143961 0.99949431
vn -0.00491634 -0.00294980 0.99998355
vn -0.03699321 0.11994769 0.99209076
vn -0.01986306 0.05331663 0.99838012
vn -0.00695076 -0.01092262 0.99991620
vn 0.01288292 0.00297298 0.99991262
vn 0.13039500 0.08340581 0.98794770
vn -0.08399691 0.23193175 0.96909863
vn -0.03742215 -0.05880624 0.99756771
vn 0.18215348 0.14903466 0.97190982
vn -0.06433237 0.20270766 0.97712380
vn 0.02531896 -0.01316586 0.99959272
vn -0.01897752 0.00299645 0.99981540
vn 0.00098135 0.00294405 0.99999523
vn -0.00301985 0.02919185 0.99956924
vn 0.01701414 0.00700582 0.99983072
vn -0.11891582 0.22120899 0.96794915
vn -0.02429034 0.05808559 0.99801606
vn -0.00097943 -0.00293828 0.99999523
vn -0.04414046 0.19684258 0.97944093
vn -0.00886664 0.00098518 0.99996018
vn 0.09593209 0.09824371 0.99052769
vn -0.03492623 -0.05186015 0.99804342
vn -0.02986206 0.21620129 0.97589201
vn 0.01308860 0.01711586 0.99976784
vn -0.06006663 0.02212981 0.99794906
vn 0.07130812 -0.02022170 0.99724936
vn -0.00942416 0.06387483 0.99791342
vn 0.02811874 0.13159573 0.99090457
vn 0.01332256 0.03791806 0.99919206
vn 0.16670302 0.04313295 0.98506325
vn -0.05245063 -0.00308533 0.99861878
vn 0.18313175 0.13513860 0.97375578
vn -0.01939653 0.02756349 0.99943185
vn 0.09130168 -0.01396379 0.99572533
vn -0.05212604 0.21214084 0.97584790
vn 0.01298539 0.00898989 0.99987525
vn -0.02329459 0.01316651 0.99964195
vn -0.06038333 0.06916636 0.99577600
vn -0.03623532 0.02381178 0.99905956
vn -0.01019591 0.16200173 0.98673785
vn 0.09097670 0.21061729 0.97332603
vn 0.17196047 0.00797168 0.98507160
vn -0.02506733 0.00100269 0.99968523
vn -0.02536960 0.01522176 0.99956220
vn -0.05436833 0.20418328 0.97742176
vn -0.01313990 0.02324752 0.99964339
vn -0.04791436 -0.16477866 0.98516607
vn 0.01169935 -0.08189548 0.99657226
vn 0.20273875 0.06191423 0.97727358
vn -0.01288297 -0.00099100 0.99991655
vn -0.12292063 0.14239322 0.98214805
vn -0.05560752 -0.17392139 0.98318827
vn -0.04514548 -0.03254674 0.99845010
vn 0.01227909 -0.13953508 0.99014097
vn 0.02151080 -0.15057558 0.98836446
vn -0.12437329 0.07787861 0.98917454
vn -0.01353542 0.05310049 0.99849743
vn -0.01540328 -0.03799475 0.99915922
vn 0.01149710 0.05957590 0.99815756
vn 0.02502101 -0.09246895 0.99540114
vn -0.03682483 0.04103338 0.99847895
vn 0.05925510 -0.09279572 0.99392045
vn 0.01125018 0.03784151 0.99922037
vn -0.07251473 0.00735657 0.99734020
vn 0.12992541 -0.03728295 0.99082255
vn 0.02275240 -0.08992616 0.99568850
vn -0.01169935 0.08189548 0.99657226
vn -0.00732800 -0.06804574 0.99765533
vn 0.05925510 0.09279572 0.99392045
vn -0.19654100 -0.01511854 0.98037905
vn 0.00301411 -0.02511759 0.99967998
vn -0.01092262 0.00695076 0.99991620
vn 0.20992695 -0.14295639 0.96720946
vn -0.10000392 -0.02967149 0.99454451
vn 0.04111648 -0.03900795 0.99839258
vn 0.02266319 0.08525676 0.99610120
vn 0.00690992 0.00493566 0.99996400
vn -0.01087962 0.00296717 0.99993646
vn -0.18939167 -0.20528468 0.96020257
vn -0.02735572 0.09957482 0.99465394
vn 0.00886664 -0.00098518 0.99996018
vn -0.03368577 0.01327015 0.99934441
vn 0.02718016 0.00302002 0.99962598
vn -0.00101049 0.03536712 0.99937385
vn 0.04203946 -0.06359816 0.99708974
vn -0.09296064 -0.19955552 0.97546703
vn -0.02301682 -0.00300219 0.99973059
vn 0.01534257 0.03375364 0.99931240
vn 0.00098134 -0.00490671 0.99998748
vn 0.01759639 -0.04450852 0.99885404
vn -0.02698678 0.08096034 0.99635190
vn 0.05441732 -0.04161324 0.99765080
vn 0.00924115 0.04209856 0.99907070
vn 0.00493571 0.00493571 0.99997568
vn -0.01103082 -0.01704764 0.99979389
vn 0.04786001 -0.09905908 0.99392992
vn -0.00693712 0.00891915 0.99993616
vn 0.03506634 -0.05631867 0.99779689
vn -0.03761276 0.00508281 0.99927944
vn 0.06186875 -0.09786512 0.99327469
vn 0.04036390 0.07963688 0.99600643
vn 0.00888415 -0.00098713 0.99996006
vn -0.07963688 0.04036390 0.99600643
vn 0.06076272 -0.07402004 0.99540389
vn 0.11842174 -0.09497190 0.98841119
vn -0.00122348 -0.29485929 0.95553988
vn 0.03341555 -0.00506296 0.99942875
vn -0.02482032 0.08525240 0.99605018
vn -0.02135431 -0.01932057 0.99958527
vn 0.00098520 0.00689638 0.99997568
vn 0.01096887 -0.27422166 0.96160400
vn 0.01691293 -0.00298463 0.99985248
vn 0.14075121 -0.02364620 0.98976254
vn -0.05060593 0.00722942 0.99869251
vn -0.00098326 0.00688282 0.99997580
vn 0.02978319 -0.02362115 0.99927723
vn 0.00101443 0.03956289 0.99921656
vn 0.14234279 -0.01681214 0.98967463
vn 0.04534303 -0.24142103 0.96936059
vn -0.00098906 0.01087967 0.99994028
vn -0.02058242 0.09207922 0.99553895
vn 0.15159407 -0.17961988 0.97198558
vn 0.03776511 -0.00918611 0.99924439
vn 0.05976805 -0.21589686 0.97458524
vn -0.05899167 0.19623761 0.97878027
vn 0.04366617 -0.10860560 0.99312544
vn -0.01492353 0.00497451 0.99987626
vn -0.06662612 0.14143440 0.98770303
vn 0.06347758 -0.08352312 0.99448204
vn 0.01489407 0.00099294 0.99988860
vn -0.01464913 -0.15212554 0.98825258
vn -0.01295951 -0.00897197 0.99987578
vn 0.07774385 -0.11951666 0.98978364
vn -0.00895433 0.01094418 0.99990004
vn 0.01492365 -0.00298473 0.99988419
vn -0.01732010 0.02750839 0.99947149
vn 0.07904086 -0.18848206 0.97889072
vn 0.04045567 0.02178382 0.99894387
vn -0.00690992 -0.00493566 0.99996400
vn -0.10651035 0.20174314 0.97362995
vn 0.02320120 -0.01109623 0.99966925
vn 0.08313452 -0.16988359 0.98195124
vn 0.00490671 -0.00098134 0.99998748
vn -0.01329728 -0.03375463 0.99934167
vn -0.10272631 0.18936296 0.97651881
vn -0.02135431 -0.01932057 0.99958527
vn 0.07327554 -0.01592947 0.99718451
vn 0.08198240 0.04044465 0.99581283
vn 0.10911477 -0.07465748 0.99122155
vn -0.04340705 0.10128313 0.99391019
vn -0.12814346 -0.23169371 0.96431184
vn 0.14738922 -0.01462641 0.98897046
vn 0.07144371 0.18769109 0.97962642
vn 0.05015112 -0.04588294 0.99768716
vn 0.11138372 0.07463858 0.99097061
vn -0.06154263 -0.14050300 0.98816574
vn 0.16235550 -0.01475959 0.98662192
vn -0.05770401 0.10975077 0.99228275
vn -0.00729952 0.06361007 0.99794817
vn -0.09375397 -0.13647729 0.98619682
vn -0.01495328 -0.00498443 0.99987578
vn 0.01564808 -0.05528989 0.99834770
vn -0.08168867 0.18654278 0.97904480
vn -0.05582046 0.17933808 0.98220259
vn -0.01970832 0.04252849 0.99890089
vn -0.11846115 -0.21526811 0.96934342
vn -0.12433277 -0.12916122 0.98379809
vn 0.05233389 -0.09241942 0.99434394
vn -0.07388872 -0.02462957 0.99696231
vn -0.01583361 0.06861233 0.99751776
vn 0.15896162 -0.02630300 0.98693436
vn -0.10983044 -0.17400104 0.97860152
vn -0.01513227 -0.01714990 0.99973845
vn -0.01290850 -0.00297888 0.99991226
vn 0.03652905 0.03235431 0.99880874
vn -0.07360201 -0.09171943 0.99306107
vn -0.07554530 -0.12668365 0.98906225
vn -0.05029214 0.23674104 0.97027028
vn 0.02310883 0.00703312 0.99970824
vn 0.12385651 0.12145153 0.98483962
vn 0.01094435 -0.00696459 0.99991584
vn -0.01244252 0.15722825 0.98748386
vn -0.14453182 -0.13959055 0.97960448
vn 0.02717994 0.00503332 0.99961787
vn 0.12349524 0.04418637 0.99136090
vn 0.06006663 -0.02212981 0.99794906
vn -0.00100460 0.02913334 0.99957502
vn 0.01105299 0.01708189 0.99979299
vn 0.14031370 0.10433583 0.98459440
vn 0.14441451 0.19553471 0.97000551
vn -0.04348819 -0.04348819 0.99810696
vn 0.02536960 -0.01522176 0.99956220
vn 0.14065431 -0.04231064 0.98915428
vn 0.01698015 0.00699183 0.99983138
vn 0.00904321 0.01909121 0.99977684
vn 0.03791901 -0.01127322 0.99921721
vn 0.06333145 0.03971633 0.99720192
vn 0.08999923 -0.08544230 0.99226999
vn 0.02739917 -0.01116262 0.99956220
vn -0.01176997 0.08666979 0.99616754
vn 0.02297095 0.00099874 0.99973565
vn 0.05610201 -0.07590272 0.99553573
vn 0.00103634 0.06321698 0.99799931
vn 0.04644216 -0.06372297 0.99688643
vn 0.00503332 0.02717994 0.99961787
vn -0.12454329 0.05598735 0.99063331
vn 0.03168593 -0.09068732 0.99537522
vn 0.04322118 -0.03900448 0.99830383
vn 0.22897373 0.00117422 0.97343189
vn 0.06242876 -0.02222040 0.99780202
vn -0.18369757 -0.06363380 0.98092097
vn 0.01216264 0.12715492 0.99180830
vn 0.01711538 0.01510180 0.99973947
vn 0.03768886 -0.00713032 0.99926406
vn 0.13310026 -0.00110000 0.99110198
vn 0.06009945 0.22445306 0.97262990
vn 0.02688024 -0.07633989 0.99671942
vn 0.07310704 -0.04691944 0.99621981
vn 0.04339630 -0.04339630 0.99811494
vn 0.08584306 0.26777911 0.95964855
vn -0.00099679 0.02093259 0.99978036
vn 0.01798457 -0.06664868 0.99761438
vn 0.13707714 0.31079867 0.94053918
vn -0.02778491 -0.02778491 0.99922770
vn -0.10791463 -0.03671322 0.99348205
vn -0.02516763 0.00704694 0.99965841
vn 0.07601822 -0.02462562 0.99680227
vn -0.21187913 0.35024920 0.91237754
vn -0.00306764 0.04396951 0.99902821
vn -0.05070967 0.00931402 0.99866998
vn -0.13999313 -0.07881965 0.98701036
vn -0.00294405 -0.00098135 0.99999523
vn -0.01366727 0.06623368 0.99771053
vn -0.04304968 0.03254976 0.99854255
vn -0.07554478 -0.01808819 0.99697828
vn -0.00295562 0.00492603 0.99998355
vn -0.23806937 0.35491323 0.90407938
vn 0.05749104 -0.01358879 0.99825352
vn -0.01131671 0.04423805 0.99895692
vn -0.08074077 -0.16991714 0.98214519
vn -0.02395455 0.04270159 0.99880064
vn 0.06182311 -0.34857711 0.93523896
vn -0.07772209 -0.12180327 0.98950654
vn 0.01404531 -0.09831715 0.99505597
vn -0.00302002 0.02718016 0.99962598
vn -0.04304968 0.03254976 0.99854255
vn 0.12112165 -0.02555778 0.99230856
vn -0.03886732 -0.10327604 0.99389303
vn 0.00508318 0.03558228 0.99935383
vn -0.01763118 -0.04667078 0.99875474
vn -0.01402097 -0.09383268 0.99548924
vn 0.02536960 0.01522176 0.99956220
vn -0.02723475 -0.00504347 0.99961632
vn -0.00727111 0.05920759 0.99821919
vn -0.06601597 -0.04653584 0.99673283
vn 0.01528206 0.02954531 0.99944663
vn -0.05060507 -0.00929481 0.99867553
vn -0.04108467 0.10326687 0.99380475
vn -0.01319257 0.02537033 0.99959105
vn 0.02588293 -0.03416546 0.99908096
vn -0.02557426 -0.02148238 0.99944204
vn -0.03572643 -0.00918680 0.99931937
vn -0.01306231 0.01708148 0.99976879
vn -0.19737820 0.07968685 0.97708338
vn 0.00840606 0.25578451 0.96669728
vn 0.02081998 0.10848307 0.99388027
vn -0.02990277 0.02784051 0.99916506
vn 0.05234333 0.00102634 0.99862862
vn 0.03608925 -0.01959130 0.99915648
vn 0.02109997 0.00904284 0.99973649
vn 0.03608771 0.02165263 0.99911404
vn 0.02506723 -0.00300807 0.99968123
vn 0.01204656 0.11498988 0.99329358
vn 0.09207490 -0.02274792 0.99549216
vn -0.00508318 0.03558228 0.99935383
vn -0.04254917 0.07746131 0.99608701
vn -0.02204498 0.05353780 0.99832249
vn -0.01716392 -0.17049494 0.98520905
vn -0.00938734 0.05945314 0.99818695
vn -0.00706078 0.02723442 0.99960417
vn -0.01716392 -0.17049494 0.98520905
vn -0.01492353 -0.00497451 0.99987626
vn 0.09189446 -0.07828046 0.99268705
vn -0.01435005 -0.12252738 0.99236137
vn -0.04059862 0.08887806 0.99521476
vn -0.14970784 0.11319373 0.98222947
vn -0.03177399 0.01742445 0.99934322
vn 0.01134002 0.04432917 0.99895263
vn 0.00294405 0.00098135 0.99999523
vn -0.01298513 -0.01098742 0.99985534
vn -0.01437361 -0.12715118 0.99177921
vn 0.06227030 -0.15626320 0.98575062
vn -0.00098713 0.00888415 0.99996006
vn -0.01114062 0.02531959 0.99961728
vn -0.00906064 0.02315497 0.99969083
vn 0.04874189 -0.01555592 0.99869025
vn -0.10262056 0.03199996 0.99420571
vn 0.04427330 -0.12600861 0.99104071
vn 0.11096171 -0.09460945 0.98931116
vn 0.07502156 -0.20784661 0.97528028
vn 0.20417039 -0.01283357 0.97885120
vn -0.03137967 -0.17316931 0.98439205
vn 0.08214290 -0.07764193 0.99359161
vn -0.00296142 -0.00690997 0.99997175
vn -0.03869135 0.03450850 0.99865514
vn 0.00102445 -0.04814919 0.99883962
vn -0.10585704 -0.15696044 0.98191535
vn 0.13959792 0.05422398 0.98872244
vn 0.01404826 -0.09617655 0.99526519
vn -0.09302574 -0.12364181 0.98795694
vn 0.40078855 -0.06882228 0.91358197
vn -0.03256883 -0.12466002 0.99166483
vn -0.00539771 -0.10687462 0.99425787
vn -0.04881767 -0.12374712 0.99111223
vn -0.01561901 -0.05102210 0.99857539
vn 0.11014082 -0.41128537 0.90482777
vn -0.01643422 0.11065711 0.99372274
vn -0.00103648 -0.06115218 0.99812788
vn -0.00097943 0.00097943 0.99999905
vn -0.04220891 -0.06818362 0.99677950
vn 0.16186830 -0.45352289 0.87642205
vn -0.01687941 0.00099291 0.99985707
vn -0.00692351 -0.00692351 0.99995208
vn 0.01288297 0.00099100 0.99991655
vn -0.14028372 -0.27923140 0.94992119
vn 0.03444183 0.03444183 0.99881303
vn -0.00098327 0.00491636 0.99998748
vn -0.01905294 0.00902508 0.99977773
vn -0.01531229 0.03164539 0.99938184
vn -0.07194973 -0.06752205 0.99512005
vn 0.02629646 0.05364478 0.99821377
vn 0.13922732 0.01225200 0.99018466
vn -0.02186851 -0.04686110 0.99866199
vn -0.00504319 0.02925048 0.99955940
vn -0.02621245 -0.29582620 0.95488209
vn -0.04119475 -0.18007989 0.98278898
vn -0.34517062 -0.03207906 0.93799156
vn -0.09394310 -0.13913092 0.98580796
vn -0.04627731 -0.11625764 0.99214041
vn -0.02324029 -0.11841479 0.99269223
vn 0.28669325 -0.07328033 0.95521563
vn -0.22636612 0.19154055 0.95502388
vn -0.16731890 0.06526624 0.98374015
vn -0.05627153 -0.18797085 0.98056132
vn -0.04441819 -0.01549472 0.99889290
vn 0.04610416 0.00512268 0.99892348
vn -0.04375270 -0.11106453 0.99284965
vn -0.05589199 -0.11976855 0.99122733
vn -0.03124922 -0.07435159 0.99674231
vn -0.16735996 0.14470974 0.97521782
vn -0.04401364 -0.05904269 0.99728471
vn -0.26347893 -0.09382421 0.96009159
vn -0.00099488 0.01691299 0.99985647
vn -0.01311399 0.02118414 0.99968958
vn 0.15066691 -0.05723007 0.98692667
vn -0.04218315 -0.01337514 0.99902040
vn -0.00918680 -0.03572643 0.99931937
vn -0.18462877 0.00802734 0.98277551
vn -0.01087962 -0.00296717 0.99993646
vn -0.01087967 -0.00098906 0.99994028
vn -0.02400230 -0.04487386 0.99870425
vn -0.00897218 0.01096600 0.99989963
vn -0.02390688 -0.04053776 0.99889201
vn -0.07435519 0.10409725 0.99178374
vn -0.01711538 0.01510180 0.99973947
vn -0.01448367 -0.13703777 0.99045992
vn -0.06033446 -0.11497698 0.99153417
vn -0.00099878 0.02097440 0.99977952
vn -0.03713799 -0.12491868 0.99147171
vn 0.57946265 0.04934597 0.81350350
vn -0.01142830 0.05506361 0.99841744
vn -0.00097943 -0.00097943 0.99999905
vn -0.01658899 -0.12497041 0.99202174
vn -0.02626250 -0.15414947 0.98769844
vn -0.05364478 -0.02629646 0.99821377
vn -0.21961571 -0.04974721 0.97431725
vn -0.00886664 0.00098518 0.99996018
vn -0.01350879 0.05091775 0.99861145
vn -0.05299168 -0.01142958 0.99852955
vn -0.02381178 0.03623532 0.99905956
vn -0.24704053 -0.18224300 0.95171350
vn -0.04762924 -0.03916182 0.99809712
vn -0.03395948 -0.01955243 0.99923193
vn -0.02026159 0.07358155 0.99708337
vn -0.03630653 0.02800789 0.99894816
vn 0.02665175 -0.17729211 0.98379737
vn -0.02397168 -0.15638667 0.98740494
vn -0.00924033 0.04414824 0.99898225
vn -0.16119908 -0.02400837 0.98662984
vn 0.08815645 -0.31183696 0.94603705
vn -0.03048369 -0.13661210 0.99015546
vn -0.01334990 0.03799587 0.99918872
vn 0.00299048 0.01893969 0.99981612
vn 0.00893672 0.00893672 0.99992013
vn -0.03939875 -0.05430638 0.99774671
vn -0.02152395 -0.02972355 0.99932635
vn -0.01897752 -0.00299645 0.99981540
vn -0.03534782 -0.06533990 0.99723679
vn -0.00942288 -0.06596012 0.99777776
vn 0.04095042 -0.03465035 0.99856013
vn -0.24173613 -0.17228708 0.95492446
vn -0.06359225 -0.04419122 0.99699706
vn -0.01947364 0.03177278 0.99930537
vn -0.01479273 -0.16272004 0.98656136
vn 0.03838036 -0.02593268 0.99892664
vn -0.01909083 -0.01105259 0.99975663
vn 0.02334118 -0.01522251 0.99961162
vn -0.02581327 -0.13131098 0.99100512
vn -0.20710298 -0.10417908 0.97275645
vn -0.00299048 -0.01893969 0.99981612
vn -0.03293948 -0.05844100 0.99774730
vn -0.18132336 -0.14581949 0.97255260
vn -0.36787143 0.08758844 0.92574239
vn 0.03779330 -0.07234717 0.99666321
vn -0.18543002 0.37804726 0.90702593
vn -0.11700414 -0.05339024 0.99169528
vn -0.29277992 0.07609699 0.95314699
vn 0.03868162 -0.17699771 0.98345083
vn -0.02767528 -0.02152522 0.99938518
vn -0.10965271 -0.02990528 0.99352002
vn -0.03375463 -0.01329728 0.99934167
vn -0.10993558 0.35152242 0.92970216
vn -0.00491636 0.00098327 0.99998748
vn -0.05450175 -0.00102833 0.99851316
vn -0.03151847 -0.01118397 0.99944055
vn 0.40957403 0.08629821 0.90818590
vn 0.08369645 0.06584121 0.99431378
vn -0.03572643 -0.00918680 0.99931937
vn -0.00934954 0.05713605 0.99832261
vn -0.02879973 0.06719936 0.99732387
vn -0.01311399 -0.02118414 0.99968958
vn 0.21968456 0.16443454 0.96161318
vn -0.00299058 0.01694664 0.99985188
vn -0.02634876 0.05585936 0.99809092
vn 0.15740982 0.03332033 0.98697108
vn -0.10452281 -0.21534218 0.97092879
vn 0.00924033 0.04414824 0.99898225
vn -0.35546303 0.04557218 0.93357867
vn 0.28890464 0.03376808 0.95676214
vn -0.02139692 0.02139692 0.99954206
vn -0.01784326 0.05772819 0.99817288
vn -0.04103960 -0.27235371 0.96132159
vn -0.00703344 -0.02110031 0.99975258
vn 0.12937570 -0.03037516 0.99113029
vn -0.00303167 -0.03334833 0.99943924
vn 0.16782823 0.28790045 0.94283986
vn -0.01382851 0.07977988 0.99671662
vn 0.14359728 0.02374443 0.98935127
vn 0.00890169 -0.00296723 0.99995601
vn 0.06084964 0.31719497 0.94640619
vn 0.01546550 0.04021031 0.99907154
vn 0.01732010 -0.02750839 0.99947149
vn 0.04959260 -0.08485845 0.99515814
vn 0.01085819 0.00098711 0.99994051
vn 0.01301112 0.01100941 0.99985474
vn 0.03307117 0.06294190 0.99746913
vn -0.00302002 0.02718016 0.99962598
vn 0.24259755 0.10910472 0.96397227
vn 0.01725161 -0.02334042 0.99957871
vn 0.00886664 -0.00098518 0.99996018
vn 0.20549658 -0.24088010 0.94855046
vn -0.01701386 0.00900734 0.99981469
vn 0.04037200 0.02173877 0.99894822
vn 0.01834110 0.08954771 0.99581367
vn -0.08983011 -0.08073339 0.99267960
vn 0.46143311 0.16552997 0.87159586
vn -0.03190928 0.33058015 0.94323832
vn -0.04807321 -0.24776195 0.96762753
vn -0.02093259 -0.00099679 0.99978036
vn 0.17005084 0.10398792 0.97993326
vn 0.23884656 -0.51313484 0.82440585
vn 0.18629330 0.01504232 0.98237902
vn 0.03198105 0.33899915 0.94024289
vn -0.15803412 -0.00112081 0.98743302
vn -0.01087967 -0.00098906 0.99994028
vn 0.00699183 -0.01698015 0.99983138
vn 0.07121550 -0.49292302 0.86715353
vn -0.00508318 0.03558228 0.99935383
vn 0.16893269 -0.05552333 0.98406249
vn -0.02156814 0.02978457 0.99932361
vn 0.06760032 -0.35655859 0.93182415
vn -0.02109997 -0.00904284 0.99973649
vn 0.24626899 0.20000853 0.94833970
vn -0.01928217 0.01928217 0.99962813
vn 0.04279746 0.08669230 0.99531543
vn -0.02511759 -0.00301411 0.99967998
vn -0.18985876 0.05373361 0.98033994
vn -0.01721746 -0.02126863 0.99962550
vn -0.01704764 -0.01103082 0.99979389
vn -0.01947364 0.03177278 0.99930537
vn -0.01492365 0.00298473 0.99988419
vn -0.02552207 -0.02143854 0.99944431
vn -0.01092262 0.00695076 0.99991620
vn -0.02960560 -0.01531324 0.99944431
vn 0.04086699 -0.38625896 0.92148465
vn -0.01959130 0.03608925 0.99915648
vn -0.00306165 0.04184259 0.99911952
vn 0.03130804 -0.17277399 0.98446381
vn 0.02469920 -0.19876975 0.97973490
vn 0.06413703 -0.09339252 0.99356145
vn 0.00511314 -0.04192775 0.99910760
vn -0.02954617 0.01324484 0.99947566
vn -0.01495328 0.00498443 0.99987578
vn -0.22076388 0.02744632 0.97494102
vn 0.04602320 -0.37213045 0.92703873
vn -0.03355095 0.00711687 0.99941164
vn -0.01766603 0.04884138 0.99865031
vn -0.01114062 0.02531959 0.99961728
vn -0.24077901 0.08446175 0.96689796
vn -0.00097943 0.00293828 0.99999523
vn -0.25213176 0.08235459 0.96418220
vn 0.00305542 0.04175744 0.99912316
vn 0.06623544 0.01156492 0.99773699
vn -0.22297649 0.14734705 0.96362358
vn -0.00734228 0.07027607 0.99750054
vn -0.01555746 0.04667239 0.99878907
vn 0.10011946 0.05737182 0.99331999
vn -0.00909634 0.02728901 0.99958616
vn -0.16797972 0.20183608 0.96490669
vn 0.09699554 -0.02288659 0.99502164
vn -0.02424215 0.05586234 0.99814415
vn 0.07951207 -0.62886822 0.77343559
vn -0.30996397 0.03415930 0.95013446
vn -0.00983511 0.11474300 0.99334657
vn 0.00535752 0.09536394 0.99542803
vn -0.04067941 0.09125382 0.99499649
vn -0.23389395 0.04775845 0.97108847
vn 0.02173877 -0.04037200 0.99894822
vn -0.04366006 0.05004933 0.99779201
vn -0.03105867 0.06961425 0.99709034
vn -0.08493194 -0.08040224 0.99313748
vn -0.04127923 0.04551299 0.99811053
vn -0.04348408 -0.04560526 0.99801272
vn 0.04076861 -0.09145390 0.99497437
vn -0.01815921 0.08011417 0.99662024
vn 0.08047055 -0.05180980 0.99540961
vn -0.01794916 -0.06440582 0.99776232
vn 0.01388253 -0.08436306 0.99633837
vn -0.06637086 0.01580258 0.99766988
vn -0.01109672 0.02118466 0.99971402
vn 0.19684985 -0.19684985 0.96046877
vn 0.00542877 -0.11400423 0.99346548
vn 0.17230824 -0.14212285 0.97473633
vn 0.03007844 -0.22739303 0.97333843
vn -0.00299048 0.01893969 0.99981612
vn -0.01380155 0.07750102 0.99689674
vn -0.00105471 0.08121229 0.99669623
vn -0.30856130 0.06584363 0.94892287
vn 0.01994167 0.05772590 0.99813330
vn 0.01805551 0.07115996 0.99730146
vn 0.00915071 -0.03151913 0.99946129
vn -0.20839930 0.11493537 0.97126698
vn 0.00323790 0.10900932 0.99403548
vn 0.00101649 -0.03964326 0.99921340
vn 0.29927453 -0.20654157 0.93154466
vn -0.13857007 0.08645824 0.98657149
vn 0.01382851 0.07977988 0.99671662
vn -0.04844540 -0.00721527 0.99879974
vn 0.10056230 -0.33386686 0.93724072
vn 0.05019162 0.09926787 0.99379408
vn -0.15152426 0.18208377 0.97153789
vn -0.01905324 -0.00701962 0.99979389
vn 0.07523338 -0.26905495 0.96018195
vn 0.01766603 0.04884138 0.99865031
vn -0.12387425 0.09791964 0.98745471
vn 0.21962467 -0.27557999 0.93585289
vn -0.08581241 0.09267741 0.99199146
vn 0.02996386 0.11208704 0.99324656
vn -0.59344137 0.27060926 0.75802243
vn -0.02404770 0.04914095 0.99850231
vn 0.05748755 -0.05531821 0.99681246
vn 0.12810707 -0.35952628 0.92429936
vn -0.01211616 0.12226308 0.99242377
vn -0.00549112 0.12849209 0.99169534
vn -0.57867801 0.28061920 0.76575750
vn 0.01798457 -0.06664868 0.99761438
vn -0.01096578 0.01096578 0.99987978
vn 0.00328846 0.12605748 0.99201751
vn 0.03994968 -0.13811174 0.98961061
vn -0.07974779 0.11210921 0.99049067
vn -0.44656804 0.40465191 0.79801875
vn 0.11704879 -0.16386831 0.97951353
vn 0.01181349 0.09343400 0.99555540
vn 0.05806551 -0.11499248 0.99166781
vn 0.08559592 0.16516396 0.98254472
vn -0.32219025 0.54018962 0.77742428
vn -0.00331972 0.13832147 0.99038178
vn -0.00610602 0.28454039 0.95864463
vn -0.00313364 0.06998470 0.99754316
vn 0.10584041 -0.19549347 0.97497696
vn -0.02274792 0.09207490 0.99549216
vn -0.20021245 0.55784380 0.80543476
vn 0.05342915 -0.18165910 0.98190904
vn 0.01577160 -0.06413783 0.99781638
vn -0.10452281 0.21534218 0.97092879
vn -0.05375457 -0.02845830 0.99814862
vn -0.08889367 0.17656963 0.98026586
vn 0.00517288 0.05690171 0.99836636
vn -0.02126623 0.13543227 0.99055839
vn -0.03215984 -0.03008501 0.99902982
vn 0.08597012 0.09743281 0.99152207
vn 0.00751646 0.09556648 0.99539471
vn -0.07073677 0.12871774 0.98915523
vn 0.21958882 0.16699269 0.96119416
vn -0.11864004 0.18607752 0.97534597
vn -0.23718949 0.01072716 0.97140419
vn -0.21045540 0.18663026 0.95962375
vn -0.28227857 0.35396838 0.89164186
vn 0.02759160 0.40073514 0.91577834
vn 0.00111211 0.15013471 0.98866487
vn -0.41676086 0.32070446 0.85056394
vn -0.21995868 0.25316000 0.94208717
vn 0.00962654 0.09091730 0.99581188
vn 0.00376314 0.34244558 0.93953019
vn -0.00109585 0.12821466 0.99174589
vn 0.00320089 0.09495965 0.99547595
vn -0.05245063 -0.00308533 0.99861878
vn -0.00732903 0.06596128 0.99779522
vn -0.53939748 0.31851661 0.77948540
vn 0.00379446 0.35541415 0.93470126
vn 0.01190787 0.10067559 0.99484807
vn 0.00341244 -0.17858410 0.98391873
vn -0.00109761 0.13281067 0.99114084
vn -0.02464046 0.37998185 0.92466569
vn 0.02566397 0.12385655 0.99196821
vn -0.00828053 0.22830614 0.97355419
vn -0.00327598 0.12121119 0.99262130
vn -0.14331341 0.21045122 0.96704268
vn -0.05202262 0.29056537 0.95543987
vn -0.08227935 0.20017216 0.97629976
vn 0.00556592 0.14360067 0.98962009
vn -0.11198673 0.24070711 0.96411568
vn -0.08656921 0.18411198 0.97908556
vn -0.06507373 -0.28709000 0.95569068
vn -0.11293600 0.18243508 0.97671020
vn -0.10151652 0.13734588 0.98530734
vn -0.00966581 -0.09343616 0.99557835
vn 0.00376068 -0.33720741 0.94142288
vn -0.11487862 0.54530996 0.83032525
vn -0.15951522 0.17738093 0.97112870
vn 0.00301395 0.02712557 0.99962747
vn -0.03348332 -0.00507323 0.99942642
vn -0.07290106 -0.27753559 0.95794541
vn -0.01498795 0.53275341 0.84613776
vn 0.17383525 -0.57894701 0.79661894
vn -0.02908640 -0.07864101 0.99647862
vn -0.02080581 -0.26802775 0.96318656
vn -0.02526894 -0.00909682 0.99963927
vn 0.27801508 -0.53246957 0.79948968
vn 0.05796774 0.57543588 0.81578994
vn 0.05314137 -0.06181751 0.99667180
vn -0.04428020 0.06588030 0.99684453
vn 0.08541865 -0.38099429 0.92062318
vn -0.05299168 0.01142958 0.99852955
vn 0.22808132 -0.18273182 0.95634097
vn 0.08482873 -0.37028417 0.92503721
vn -0.04145028 -0.04782725 0.99799520
vn 0.04630433 -0.27657452 0.95987624
vn -0.07180208 0.06517420 0.99528730
vn -0.02352842 -0.02352842 0.99944621
vn 0.04469222 -0.31284553 0.94875193
vn -0.04396914 -0.00511269 0.99901980
vn 0.00541841 0.11161923 0.99373627
vn -0.02730789 0.09503147 0.99509966
vn 0.03145519 0.00913215 0.99946344
vn -0.06396922 0.19432162 0.97884989
vn -0.14998183 0.11827835 0.98158836
vn -0.04255711 0.14837480 0.98801512
vn -0.06541897 0.16771044 0.98366332
vn 0.01103118 -0.01504252 0.99982601
vn -0.06553692 0.23123401 0.97068828
vn -0.06940136 0.26120150 0.96278620
vn 0.09057710 -0.09057710 0.99176186
vn 0.05549694 -0.42637897 0.90284055
vn -0.01950317 0.16864508 0.98548388
vn -0.04814899 0.00307334 0.99883544
vn 0.00111040 0.14546193 0.98936319
vn -0.18178231 0.19486018 0.96383858
vn 0.00332598 -0.14079969 0.99003249
vn -0.01036738 0.18546085 0.98259693
vn -0.03776574 0.00714487 0.99926108
vn -0.25366536 0.22317007 0.94119549
vn -0.04195492 0.06131872 0.99723607
vn -0.13915028 0.34029821 0.92996472
vn -0.05029595 -0.00102645 0.99873388
vn -0.04175761 -0.00101848 0.99912721
vn -0.04209856 0.00924115 0.99907070
vn -0.17652497 0.35163775 0.91934204
vn -0.03139243 0.00506329 0.99949431
vn 0.00541971 -0.10947810 0.99397439
vn -0.02844535 0.14677802 0.98876041
vn 0.00755841 -0.10473800 0.99447113
vn 0.29900941 -0.07378154 0.95139354
vn -0.01498297 0.00699205 0.99986333
vn -0.01935808 -0.02547115 0.99948812
vn -0.03440651 0.10987886 0.99334925
vn -0.04956483 0.21397500 0.97558093
vn 0.26633427 0.02822898 0.96346724
vn 0.00902508 -0.01905294 0.99977773
vn -0.02531896 0.01316586 0.99959272
vn -0.20437875 0.12313502 0.97111642
vn -0.01897752 0.00299645 0.99981540
vn 0.14706226 -0.21994266 0.96436399
vn -0.04186509 0.06118744 0.99724793
vn 0.01297918 -0.21828625 0.97579849
vn -0.05255814 0.00515276 0.99860460
vn 0.16240726 -0.22842647 0.95991933
vn 0.09195829 -0.23052558 0.96871132
vn -0.00658034 -0.44351512 0.89624274
vn -0.02849009 0.15156727 0.98803627
vn -0.06919831 -0.41383305 0.90771902
vn 0.14627832 -0.24643286 0.95805717
vn 0.11498334 -0.28944081 0.95026463
vn -0.02330724 -0.26864654 0.96295685
vn -0.04068748 0.08907259 0.99519372
vn 0.20546015 -0.31881747 0.92527914
vn 0.06545506 -0.29390609 0.95359045
vn -0.06112468 -0.24824104 0.96676791
vn 0.02931703 -0.08795109 0.99569327
vn 0.08556903 -0.21206237 0.97350270
vn 0.11109021 -0.31988627 0.94092065
vn -0.05102210 -0.01561901 0.99857539
vn 0.02079896 0.59207696 0.80561292
vn 0.16141708 -0.31869528 0.93401170
vn 0.05683254 -0.27911094 0.95857555
vn -0.05459302 0.28820035 0.95601267
vn 0.00860429 -0.29623359 0.95507675
vn -0.04597579 -0.05239102 0.99756771
vn 0.18072096 -0.29108489 0.93947303
vn -0.08755027 -0.24488698 0.96559066
vn 0.31602407 0.47324997 0.82229143
vn -0.06518058 0.11320838 0.99143094
vn 0.06679891 0.56423759 0.82290572
vn -0.05099580 0.11899019 0.99158496
vn 0.20485726 0.52352411 0.82701635
vn -0.00124198 0.32664102 0.94514763
vn 0.51581299 0.19815691 0.83346909
vn 0.27832773 -0.23594278 0.93105567
vn 0.41843989 0.37106934 0.82898468
vn 0.17459857 -0.20873064 0.96226138
vn 0.18461484 -0.14896508 0.97145599
vn -0.03637972 -0.03014320 0.99888331
vn 0.00836783 0.24505775 0.96947235
vn -0.01093203 -0.26844218 0.96323377
vn -0.03802006 -0.07929898 0.99612558
vn -0.33743340 -0.06958743 0.93877387
vn -0.26741958 0.12778178 0.95506996
vn -0.02795583 0.12412388 0.99187279
vn 0.23671223 -0.15736735 0.95875067
vn 0.05412737 -0.27315444 0.96044618
vn -0.00763311 0.11449660 0.99339432
vn -0.25644338 -0.07200626 0.96387333
vn -0.03467007 0.21160701 0.97673970
vn -0.04496192 0.22480960 0.97336483
vn 0.13788514 0.32628265 0.93516159
vn -0.23360999 0.06303761 0.97028482
vn -0.03313996 0.25652787 0.96596855
vn 0.25130188 0.02549439 0.96757293
vn -0.20650752 0.13980944 0.96840483
vn -0.11059058 -0.42136410 0.90012330
vn -0.02527189 0.23707442 0.97116274
vn 0.40136915 -0.44972688 0.79790252
vn -0.00359436 0.25519928 0.96688181
vn -0.08946119 -0.41152146 0.90699881
vn -0.00610176 0.28678268 0.95797622
vn -0.04164180 -0.19869086 0.97917712
vn 0.48769420 -0.34698242 0.80109769
vn -0.07079905 -0.23227054 0.97007108
vn -0.03342723 0.27113202 0.96196151
vn -0.10120419 -0.09887766 0.98993987
vn -0.05554474 -0.11449017 0.99187034
vn 0.06556576 0.29697430 0.95263183
vn 0.53875798 -0.23001415 0.81045252
vn -0.04652140 -0.19682130 0.97933507
vn 0.01620767 0.30794582 0.95126581
vn -0.08300886 -0.08755729 0.99269491
vn -0.04891385 -0.12626597 0.99078977
vn 0.57009244 -0.02070554 0.82131964
vn 0.03244633 0.36469677 0.93056083
vn -0.14603260 0.15352145 0.97729510
vn -0.07834154 -0.22507650 0.97118646
vn -0.06359225 -0.04419122 0.99699706
vn -0.17744403 0.18003444 0.96752328
vn -0.05466398 -0.09482528 0.99399197
vn -0.04911695 -0.38895315 0.91994721
vn 0.02226804 -0.40737420 0.91298980
vn -0.12266543 0.23370992 0.96453762
vn -0.05454345 -0.21211343 0.97572178
vn 0.08642390 0.22420113 0.97070324
vn -0.05486212 -0.15524814 0.98635095
vn 0.03094656 -0.45612541 0.88937724
vn -0.17677622 0.25234467 0.95135289
vn -0.21949713 -0.43451470 0.87350899
vn -0.07775888 -0.21352834 0.97383738
vn 0.06112468 0.24824104 0.96676791
vn -0.01271743 -0.19076139 0.98155409
vn 0.04222856 0.13809879 0.98951781
vn -0.16562930 -0.29703766 0.94039118
vn -0.08721549 0.02045796 0.99597937
vn 0.02979260 0.21569841 0.97600549
vn 0.08969522 0.28988457 0.95284927
vn 0.06269764 0.29557458 0.95326000
vn -0.06364889 -0.24585943 0.96721351
vn -0.03617020 -0.28063089 0.95913398
vn -0.00347486 0.20501676 0.97875232
vn -0.06712567 -0.26723617 0.96129030
vn -0.09309231 -0.20480309 0.97436619
vn -0.06665426 -0.32804349 0.94230819
vn 0.01806496 -0.24447915 0.96948630
vn 0.00129396 -0.41536182 0.90965533
vn -0.44970822 -0.40779993 0.79464567
vn -0.25538263 -0.35576424 0.89900589
vn -0.02401716 0.15897076 0.98699111
vn 0.02131104 0.31465122 0.94896805
vn -0.44930598 -0.18708806 0.87356865
vn -0.04280408 0.35151228 0.93520427
vn 0.03678368 -0.48091260 0.87599659
vn -0.05926725 0.09057824 0.99412423
vn -0.10698254 0.35074022 0.93034184
vn 0.00390021 0.41732290 0.90874988
vn -0.14266860 0.39975458 0.90545124
vn 0.04526638 0.48421311 0.87377834
vn 0.10956579 0.17358175 0.97870564
vn 0.15492928 -0.05008992 0.98665494
vn 0.12487434 0.26683676 0.95561731
vn 0.12936321 -0.05151632 0.99025816
vn 0.11073825 0.42473024 0.89852172
vn 0.14374624 -0.06427678 0.98752499
vn 0.09115832 0.38504183 0.91838604
vn 0.11800487 -0.06301231 0.99101174
vn 0.10751430 -0.05771820 0.99252677
vn 0.10256160 -0.05973368 0.99293149
vn 0.09523578 -0.05714146 0.99381334
vn 0.10052738 -0.06438270 0.99284899
vn 0.15896162 -0.02630300 0.98693436
vn -0.04088234 0.39167917 0.91919321
vn -0.20162557 0.52604568 0.82621002
vn 0.10890251 -0.23958553 0.96474814
vn -0.23340236 0.48358527 0.84360456
vn -0.26086444 0.37415415 0.88992041
vn -0.38654795 0.19255011 0.90194523
vn -0.41839847 0.13757509 0.89778382
vn 0.18703127 -0.49525878 0.84837383
vn 0.14378041 -0.55881667 0.81673199
vn -0.15459797 -0.43778679 0.88568747
vn -0.39269465 -0.18982656 0.89986485
vn -0.03348332 -0.00507323 0.99942642
vn 0.04940240 -0.07794601 0.99573284
vn -0.02723475 0.00504347 0.99961632
vn -0.02306297 0.00300821 0.99972951
vn -0.01301112 0.01100941 0.99985474
vn 0.03956219 -0.05667017 0.99760878
vn -0.01513227 0.01714990 0.99973845
vn 0.01380155 -0.07750102 0.99689674
vn -0.00500384 0.02101612 0.99976659
vn 0.05668224 -0.08557907 0.99471772
vn 0.05714146 -0.09523578 0.99381334
vn -0.02608809 0.04487152 0.99865210
vn -0.00920415 0.03988466 0.99916190
vn -0.01314049 0.02122695 0.99968833
vn 0.07130812 0.02022170 0.99724936
vn 0.01140714 0.05081361 0.99864304
vn -0.00294980 -0.00491634 0.99998355
vn 0.04175761 0.00101848 0.99912721
vn 0.15025237 0.01694576 0.98850244
vn 0.13397264 -0.00775048 0.99095470
vn 0.01127322 -0.03791901 0.99921721
vn 0.02366823 -0.03190065 0.99921077
vn 0.01834110 -0.08954771 0.99581367
vn 0.01407557 -0.09852900 0.99503464
vn 0.07990699 -0.07765608 0.99377280
vn 0.02292638 -0.10153110 0.99456811
vn 0.03225228 -0.11232691 0.99314779
vn 0.01476500 -0.16014344 0.98698330
vn 0.01019591 -0.16200173 0.98673785
vn -0.00533688 -0.09072693 0.99586153
vn -0.01195402 -0.10541268 0.99435669
vn -0.01921088 -0.14803678 0.98879528
vn -0.00573146 -0.18684565 0.98237252
vn -0.03735549 -0.13244221 0.99048656
vn -0.01816228 0.07799096 0.99678862
vn -0.06039236 0.06698062 0.99592489
vn -0.00548221 0.12389792 0.99227983
vn -0.04691185 0.07527715 0.99605852
vn 0.00785360 0.15146232 0.98843181
vn 0.01426985 0.39825854 0.91716218
vn 0.21433504 0.41241020 0.88542545
vn -0.06241865 0.37318385 0.92565525
vn -0.10047963 0.47692442 0.87318212
vn -0.40291473 0.19345726 0.89455801
vn 0.06150187 0.44691360 0.89246047
vn 0.25188431 0.45644492 0.85335350
vn -0.58685035 -0.13816983 0.79781932
vn 0.17768124 -0.13987672 0.97409648
vn 0.17418203 -0.15383960 0.97262228
vn 0.18535842 -0.09206544 0.97834873
vn 0.18519866 -0.05854667 0.98095548
vn 0.15363033 -0.07979250 0.98490143
vn 0.15762332 -0.07229340 0.98484951
vn -0.07146704 -0.13941932 0.98765111
vn -0.03735549 -0.13244221 0.99048656
vn 0.00329999 -0.13309962 0.99109715
vn -0.05353520 0.02414333 0.99827403
vn -0.01890209 -0.00099485 0.99982089
vn -0.15346503 0.14847431 0.97693598
vn -0.19134244 -0.15281712 0.96955401
vn -0.00097752 0.00097752 0.99999905
vn 0.00688282 0.00098326 0.99997580
vn -0.00097752 -0.00097752 0.99999905
vn 0.07141104 0.19002600 0.97917855
vn 0.01486455 -0.00099097 0.99988902
vn 0.00123042 0.30883542 0.95111471
vn -0.12422266 -0.18445183 0.97495967
vn -0.06271712 0.06711833 0.99577194
vn 0.24538438 0.17565767 0.95337868
vn -0.07150741 -0.06050627 0.99560314
vn 0.01283357 -0.20417039 0.97885120
vn -0.05386455 -0.03062886 0.99807841
vn -0.15618855 -0.00786561 0.98769593
vn -0.03799587 0.01334990 0.99918872
vn -0.05196995 -0.03500017 0.99803513
vn -0.07151676 -0.05831366 0.99573332
vn -0.00106879 -0.09939784 0.99504715
vn -0.23312917 0.12236062 0.96471685
vn 0.02357544 -0.02562548 0.99939358
vn -0.06846584 -0.04673066 0.99655843
vn -0.08995771 0.23946488 0.96672863
vn -0.06178573 -0.01361380 0.99799657
vn -0.08544230 -0.08999923 0.99226999
vn 0.02270342 0.08973256 0.99570709
vn -0.03026403 0.04069990 0.99871296
vn -0.04551687 -0.03916568 0.99819553
vn -0.06102591 -0.00103434 0.99813563
vn -0.05713612 -0.04851180 0.99718708
vn -0.04175761 -0.00101848 0.99912721
vn -0.02800994 0.03423437 0.99902123
vn -0.06399395 0.09318417 0.99359018
vn -0.03038526 0.04505400 0.99852234
vn -0.05690171 -0.00517288 0.99836636
vn -0.05588388 0.06903303 0.99604791
vn -0.01490368 0.17311198 0.98478937
vn -0.05994559 0.01787851 0.99804151
vn -0.02362254 0.02773081 0.99933624
vn -0.03300947 -0.05856518 0.99773771
vn -0.01516229 -0.01920557 0.99970061
vn -0.01543371 0.04012764 0.99907535
vn 0.01959130 -0.03608925 0.99915648
vn -0.00308533 -0.05245063 0.99861878
vn 0.09168755 -0.01833751 0.99561900
vn 0.10436543 -0.02526742 0.99421799
vn -0.01931969 0.02338699 0.99953979
vn -0.00342009 0.17898472 0.98384595
vn 0.02603620 0.04269937 0.99874866
vn 0.01324484 -0.02954617 0.99947566
vn 0.09075501 0.06386463 0.99382335
vn -0.15261692 0.05475569 0.98676735
vn 0.10064185 -0.03649650 0.99425310
vn -0.06993930 0.27085581 0.96007580
vn 0.10055425 0.09361947 0.99051714
vn -0.01990461 -0.05342816 0.99837327
vn -0.00529572 -0.08155412 0.99665487
vn -0.00493566 -0.00690992 0.99996400
vn 0.02795392 0.03209524 0.99909383
vn -0.01498688 0.18099537 0.98336977
vn 0.12676418 -0.28955606 0.94872975
vn 0.01978665 -0.04686313 0.99870533
vn 0.09810895 -0.01185932 0.99510503
vn 0.11246699 -0.14390938 0.98317915
vn 0.03472009 -0.04313708 0.99846566
vn -0.03558228 -0.00508318 0.99935383
vn 0.22525227 -0.16465808 0.96028596
vn 0.00508318 0.03558228 0.99935383
vn -0.00711687 0.03355095 0.99941164
vn -0.02281304 0.23653518 0.97135508
vn 0.01537290 0.03587009 0.99923825
vn 0.02913334 0.00100460 0.99957502
vn 0.02536014 -0.11136411 0.99345607
vn 0.08685255 -0.01393930 0.99612367
vn 0.23448679 -0.00117833 0.97211862
vn -0.03222232 0.03430118 0.99889201
vn -0.03382861 0.17847508 0.98336273
vn -0.01107439 0.02114201 0.99971515
vn 0.04626505 -0.11848367 0.99187762
vn 0.01324401 0.03158187 0.99941343
vn 0.00328846 0.12605748 0.99201751
vn 0.06467284 -0.02226442 0.99765813
vn -0.05142500 0.19493662 0.97946680
vn -0.10307756 -0.09381216 0.99023950
vn 0.02495810 0.21749203 0.97574294
vn -0.07694156 -0.25100604 0.96492279
vn -0.09318714 -0.12857465 0.98731184
vn 0.10042342 -0.19464786 0.97571886
vn -0.06534470 0.03320796 0.99731004
vn 0.03902123 0.10814455 0.99336904
vn -0.11082822 0.04142065 0.99297607
vn 0.11493537 -0.20839930 0.97126698
vn -0.02822898 -0.26633427 0.96346724
vn -0.08563592 0.09020317 0.99223477
vn 0.03314170 0.06307614 0.99745828
vn -0.06568620 -0.12561047 0.98990268
vn 0.01075839 0.24505214 0.96945018
vn 0.04648237 -0.01136236 0.99885446
vn -0.05304410 0.16856235 0.98426270
vn -0.00121952 -0.28902546 0.95732063
vn -0.13133101 0.04910638 0.99012160
vn 0.01306231 0.01708148 0.99976879
vn 0.20133550 -0.28464675 0.93725145
vn -0.01265292 -0.18059164 0.98347682
vn -0.01916684 -0.01513171 0.99970180
vn 0.09039002 -0.08810166 0.99200189
vn 0.05211364 0.08981287 0.99459434
vn 0.20959353 -0.18059316 0.96096659
vn -0.09957482 0.02735572 0.99465394
vn -0.10629543 0.09928694 0.98936516
vn 0.13999313 -0.07881965 0.98701036
vn 0.00799794 0.17938243 0.98374695
vn -0.12120394 0.21816708 0.96835566
vn 0.27160722 -0.14583835 0.95129424
vn -0.12919669 0.21362224 0.96833557
vn -0.03032459 0.04287270 0.99862021
vn -0.00297880 -0.01489401 0.99988467
vn -0.05643400 0.03726774 0.99771053
vn 0.05200913 -0.08741961 0.99481297
vn -0.00695076 -0.01092262 0.99991620
vn -0.03038526 -0.04505400 0.99852234
vn -0.02033805 -0.08028179 0.99656469
vn -0.01598937 -0.07994686 0.99667090
vn -0.05941247 0.04861020 0.99704921
vn -0.06320631 0.03535268 0.99737412
vn -0.05452843 0.04383658 0.99754947
vn -0.01732103 0.02547211 0.99952543
vn -0.02978457 0.02156814 0.99932361
vn -0.02357544 0.02562548 0.99939358
vn 0.00098326 -0.00688282 0.99997580
vn -0.02021859 -0.07342541 0.99709576
vn 0.04366617 -0.10860560 0.99312544
vn 0.01809105 0.07342840 0.99713635
vn -0.01274635 0.19119531 0.98146927
vn 0.10570581 -0.03894424 0.99363452
vn -0.02118466 0.01109672 0.99971402
vn 0.07665353 0.03346844 0.99649590
vn 0.17273231 0.06551915 0.98278725
vn -0.07019836 0.03779911 0.99681664
vn -0.03869406 0.03241935 0.99872506
vn -0.03536712 0.00101049 0.99937385
vn -0.00689638 0.00098520 0.99997568
vn 0.01087962 0.00296717 0.99993646
vn 0.00100264 0.02707130 0.99963301
vn -0.00327510 -0.12336222 0.99235630
vn -0.10641920 0.00107494 0.99432081
vn -0.06333145 -0.03971633 0.99720192
vn -0.09927874 0.04796613 0.99390292
vn -0.00553280 -0.13832012 0.99037212
vn -0.02021859 -0.07342541 0.99709576
vn 0.01358713 -0.05957434 0.99813139
vn -0.02221742 0.06453632 0.99766797
vn 0.02050193 0.08740295 0.99596208
vn 0.02306613 -0.10654356 0.99404043
vn 0.09063029 -0.16313452 0.98243237
vn 0.00106287 0.09034403 0.99591005
vn 0.02329459 0.01316651 0.99964195
vn 0.15963882 -0.06503804 0.98503071
vn 0.00110175 0.13771841 0.99047083
vn -0.08313452 0.16988359 0.98195124
vn 0.04340019 0.04128311 0.99820447
vn -0.05749104 -0.01358879 0.99825352
vn 0.00506296 -0.03341555 0.99942875
vn 0.09403153 -0.01621233 0.99543720
vn -0.15985714 0.04784046 0.98598015
vn 0.01522176 -0.02536960 0.99956220
vn -0.25128123 0.01082072 0.96785361
vn 0.00293828 -0.00097943 0.99999523
vn -0.22254163 -0.02261118 0.97466093
vn -0.04667078 0.01763118 0.99875474
vn -0.17689918 -0.02428028 0.98392946
vn 0.01939758 0.02552314 0.99948603
vn 0.25199586 -0.09337917 0.96321255
vn 0.23302059 -0.03259873 0.97192526
vn 0.21749203 0.02495810 0.97574294
vn 0.20279671 0.04919920 0.97798413
vn -0.19169903 -0.00114790 0.98145306
vn -0.12470469 0.01213939 0.99211961
vn 0.05856093 0.03513656 0.99766529
vn -0.12880960 0.02800209 0.99127388
vn 0.08336118 0.05890856 0.99477673
vn -0.15365359 0.00785091 0.98809355
vn -0.14998230 0.03549200 0.98805141
vn -0.08164052 0.03592183 0.99601430
vn 0.09989620 0.05724389 0.99334985
vn -0.05025307 0.04811464 0.99757683
vn 0.09020005 0.05456546 0.99442774
vn 0.20228846 0.05935410 0.97752565
vn 0.19841801 0.07182001 0.97748256
vn 0.00731474 0.06374273 0.99793953
vn 0.08146738 0.06807549 0.99434847
vn -0.07911520 0.00527435 0.99685156
vn 0.01313990 -0.02324752 0.99964339
vn 0.00890169 0.00296723 0.99995601
vn 0.08472090 -0.01608625 0.99627489
vn -0.02334042 0.01725161 0.99957871
vn 0.06541625 0.00103835 0.99785751
vn -0.04357633 0.04570200 0.99800420
vn 0.01920557 0.01516229 0.99970061
vn 0.01694664 0.00299058 0.99985188
vn 0.03389107 -0.01745903 0.99927300
vn 0.35236627 0.00378888 0.93585449
vn -0.01329728 -0.03375463 0.99934167
vn 0.01199734 -0.11233869 0.99359751
vn -0.00563938 -0.16128628 0.98689157
vn 0.00110175 -0.13771841 0.99047083
vn -0.01729908 -0.17875718 0.98374116
vn -0.01332357 -0.03587114 0.99926764
vn -0.03201419 -0.20512797 0.97821140
vn -0.03498654 -0.22560287 0.97359097
vn -0.01114062 -0.02531959 0.99961728
vn -0.00294405 0.00098135 0.99999523
vn -0.04312586 -0.25012997 0.96725136
vn -0.01738991 -0.02966515 0.99940860
vn 0.33812019 0.01899552 0.94091123
vn -0.00703312 -0.02310883 0.99970824
vn 0.04313384 -0.03682157 0.99839056
vn -0.01316586 -0.02531896 0.99959272
vn 0.07717948 -0.00740077 0.99698979
vn -0.03368745 -0.28821483 0.95697308
vn -0.02362115 -0.02978319 0.99927723
vn 0.21019825 -0.07498300 0.97477901
vn 0.01791381 -0.06217147 0.99790472
vn 0.00369090 -0.30142370 0.95348316
vn 0.16099225 -0.13852821 0.97718549
vn -0.00895451 0.00895451 0.99991983
vn -0.01955102 -0.03601503 0.99915999
vn 0.00312801 -0.06568822 0.99783528
vn -0.01970654 -0.04459902 0.99881059
vn 0.13221277 -0.28445777 0.94952810
vn 0.00097943 -0.00097943 0.99999905
vn 0.01158589 -0.07056859 0.99743962
vn -0.02800789 -0.03630653 0.99894816
vn 0.10020890 0.03413710 0.99438065
vn 0.03707037 -0.32596359 0.94465524
vn -0.00103447 -0.05896455 0.99825954
vn 0.11236560 -0.34251198 0.93276978
vn -0.02385929 -0.03838234 0.99897820
vn 0.00294983 0.00294983 0.99999130
vn 0.01805428 -0.24674185 0.96891308
vn 0.06153145 0.00938615 0.99806106
vn -0.00920415 -0.03988466 0.99916190
vn -0.00511269 -0.04396914 0.99901980
vn 0.11681353 0.16107970 0.98000401
vn 0.08330724 0.00105452 0.99652338
vn -0.00312152 -0.06555182 0.99784428
vn 0.00307933 -0.05029574 0.99872959
vn 0.07944831 0.00741517 0.99681139
vn -0.01372289 -0.06861447 0.99754888
vn 0.01356049 -0.05737131 0.99826080
vn 0.01098742 0.01298513 0.99985534
vn -0.01348081 -0.05081230 0.99861723
vn 0.08960684 -0.28440431 0.95450765
vn 0.04459902 0.01970654 0.99881059
vn 0.04158440 0.11576198 0.99240613
vn 0.17034459 -0.31160596 0.93481785
vn 0.00114117 0.18601066 0.98254710
vn 0.25257102 -0.31030151 0.91647196
vn 0.01486455 -0.00099097 0.99988902
vn -0.02240836 0.20875151 0.97771192
vn -0.00725778 -0.05495173 0.99846262
vn -0.01759798 -0.04244218 0.99894392
vn 0.01897736 -0.00499404 0.99980742
vn 0.08842109 0.00532657 0.99606889
vn -0.01353542 -0.05310049 0.99849743
vn 0.08648739 0.00960971 0.99620658
vn -0.00310981 -0.05908633 0.99824804
vn 0.02114201 -0.01107439 0.99971515
vn 0.00522345 -0.06790479 0.99767816
vn 0.00294983 -0.00294983 0.99999130
vn -0.00727111 -0.05920759 0.99821919
vn 0.08841989 0.00745710 0.99605536
vn 0.09264745 0.00319474 0.99569386
vn -0.00521401 -0.06361090 0.99796116
vn 0.08526198 0.31350175 0.94575214
vn 0.08612251 0.00744269 0.99625671
vn 0.00890169 -0.00296723 0.99995601
vn -0.00902540 -0.01704798 0.99981391
vn 0.09072693 0.00533688 0.99586153
vn 0.08726540 0.29305544 0.95210463
vn 0.09072693 0.00533688 0.99586153
vn -0.01721817 -0.01924383 0.99966657
vn 0.00690992 -0.00493566 0.99996400
vn -0.02978319 -0.02362115 0.99927723
vn 0.08365777 0.00529480 0.99648052
vn -0.01094418 -0.00895433 0.99990004
vn 0.07127014 0.30451787 0.94983655
vn 0.09034362 0.00318860 0.99590552
vn 0.00890169 -0.00296723 0.99995601
vn -0.01912926 -0.01107484 0.99975568
vn 0.09264745 0.00319474 0.99569386
vn 0.09072693 0.00533688 0.99586153
vn 0.09053528 0.00319536 0.99588811
vn -0.01087967 -0.00098906 0.99994028
vn 0.01489401 -0.00297880 0.99988467
vn -0.02097440 0.00099878 0.99977952
vn 0.02531896 -0.01316586 0.99959272
vn -0.00721454 -0.05050175 0.99869794
vn 0.02984444 -0.02366973 0.99927425
vn -0.01356049 -0.05737131 0.99826080
vn 0.02006271 -0.06229999 0.99785578
vn 0.12468081 -0.16171472 0.97892952
vn 0.02025836 -0.07570229 0.99692464
vn 0.03156079 -0.08597593 0.99579716
vn 0.00527522 -0.07701815 0.99701577
vn 0.02497188 -0.09011593 0.99561816
vn 0.12488648 -0.13216142 0.98332947
vn 0.03833107 -0.08651869 0.99551255
vn 0.04084983 -0.09384420 0.99474847
vn 0.04563871 -0.09906939 0.99403340
vn 0.04786001 -0.09905908 0.99392992
vn -0.00944260 -0.06609823 0.99776846
vn 0.01174708 -0.08436537 0.99636567
vn 0.03634460 -0.09802029 0.99452055
vn 0.04787045 -0.09685416 0.99414670
vn 0.03863702 -0.09604059 0.99462724
vn -0.02891417 -0.07174998 0.99700350
vn -0.04220891 -0.06818362 0.99677950
vn -0.04850572 -0.05928477 0.99706197
vn -0.04136663 -0.04560936 0.99810249
vn -0.02362115 -0.02978319 0.99927723
vn 0.00501387 -0.02105825 0.99976563
vn -0.00307964 -0.04824773 0.99883068
vn -0.00925846 -0.04629230 0.99888504
vn -0.01978468 -0.04894105 0.99860573
vn -0.00504319 -0.02925048 0.99955940
vn -0.00909634 -0.02728901 0.99958616
vn -0.01528295 -0.02750930 0.99950469
vn -0.02823238 -0.04496267 0.99858963
vn -0.03254976 -0.04304968 0.99854255
vn -0.02352724 -0.02557308 0.99939609
vn -0.02547115 -0.01935808 0.99948812
vn -0.00297305 -0.01090119 0.99993616
vn -0.00697831 -0.01295971 0.99989170
vn -0.01504252 -0.01103118 0.99982601
vn -0.00295558 -0.00689636 0.99997187
vn -0.00692359 -0.00494542 0.99996376
vn -0.01290840 -0.00496477 0.99990439
vn -0.01909121 -0.00904321 0.99977684
vn -0.01901511 -0.00700557 0.99979466
vn -0.01694664 -0.00299058 0.99985188
vn -0.01893969 -0.00299048 0.99981612
vn -0.03437256 -0.03228937 0.99888736
vn -0.02761985 -0.01943619 0.99942952
vn -0.02320167 -0.00907892 0.99968958
vn -0.01486455 0.00099097 0.99988902
vn -0.01501271 -0.00900763 0.99984676
vn 0.01288292 0.00297298 0.99991262
vn -0.00296137 0.00888411 0.99995613
vn 0.02126863 0.01721746 0.99962550
vn -0.01687941 -0.00099291 0.99985707
vn -0.00890169 0.00296723 0.99995601
vn -0.01486455 0.00099097 0.99988902
vn -0.00492599 0.00492599 0.99997568
vn 0.00495514 0.00891926 0.99994791
vn 0.02329459 0.01316651 0.99964195
vn 0.01092262 0.00695076 0.99991620
vn 0.02728945 0.00707504 0.99960256
vn 0.04218422 -0.01131772 0.99904573
vn 0.07538757 -0.01592695 0.99702710
vn 0.08954395 -0.02049801 0.99577194
vn 0.09227391 -0.02279708 0.99547261
vn 0.08684975 -0.01608329 0.99609160
vn 0.04423805 0.01131671 0.99895692
vn 0.06804664 0.00523436 0.99766845
vn 0.04244218 0.01759798 0.99894392
vn 0.06204318 0.01577369 0.99794883
vn 0.08558090 -0.00105655 0.99633068
vn 0.09304121 -0.00534720 0.99564791
vn 0.07961321 0.01167660 0.99675745
vn 0.04218422 0.01131772 0.99904573
vn 0.05957590 0.01149710 0.99815756
vn 0.04201307 0.00717296 0.99909133
vn 0.05701876 0.00725693 0.99834675
vn 0.07507572 0.00951664 0.99713242
vn 0.07251569 0.00525476 0.99735343
vn 0.09072693 -0.00533688 0.99586153
g Mesh[Scan 0] (level 6)
f 1//1 28//28 2//2
f 31//31 29//29 3//3
f 3//3 4//4 31//31
f 4//4 2//2 31//31
f 2//2 33//33 31//31
f 2//2 28//28 33//33
f 6//6 38//38 37//37
f 6//6 5//5 38//38
f 5//5 36//36 38//38
f 36//36 29//29 40//40
f 40//40 38//38 36//36
f 37//37 38//38 43//43
f 43//43 41//41 37//37
f 38//38 40//40 45//45
f 45//45 43//43 38//38
f 29//29 31//31 48//48
f 48//48 40//40 29//29
f 31//31 33//33 49//49
f 49//49 48//48 31//31
f 40//40 48//48 51//51
f 51//51 45//45 40//40
f 48//48 49//49 53//53
f 53//53 51//51 48//48
f 131//131 602//602 135//135
f 139//139 639//639 144//144
f 146//146 639//639 139//139
f 144//144 639//639 156//156
f 156//156 639//639 146//146
f 162//162 602//602 131//131
f 170//170 648//648 174//174
f 184//184 648//648 170//170
f 141//141 556//556 133//133
f 141//141 559//559 556//556
f 141//141 562//562 559//559
f 141//141 147//147 562//562
f 563//563 562//562 147//147
f 147//147 153//153 563//563
f 168//168 562//562 565//565
f 168//168 559//559 562//562
f 168//168 159//159 559//559
f 562//562 563//563 601//601
f 601//601 565//565 562//562
f 176//176 563//563 153//153
f 601//601 563//563 176//176
f 176//176 178//178 601//601
f 179//179 608//608 181//181
f 618//618 608//608 179//179
f 179//179 187//187 618//618
f 189//189 618//618 187//187
f 624//624 618//618 189//189
f 192//192 624//624 189//189
f 631//631 624//624 192//192
f 194//194 631//631 192//192
f 168//168 565//565 225//225
f 229//229 601//601 637//637
f 229//229 225//225 601//601
f 225//225 565//565 601//601
f 637//637 644//644 231//231
f 231//231 229//229 637//637
f 178//178 637//637 601//601
f 178//178 236//236 637//637
f 236//236 650//650 637//637
f 236//236 670//670 650//650
f 236//236 181//181 670//670
f 181//181 608//608 670//670
f 644//644 650//650 672//672
f 637//637 650//650 644//644
f 672//672 670//670 675//675
f 650//650 670//670 672//672
f 244//244 737//737 248//248
f 244//244 746//746 737//737
f 244//244 231//231 746//746
f 231//231 644//644 746//746
f 737//737 815//815 267//267
f 267//267 248//248 737//737
f 815//815 746//746 824//824
f 737//737 746//746 815//815
f 746//746 672//672 841//841
f 644//644 672//672 746//746
f 841//841 675//675 848//848
f 672//672 675//675 841//841
f 824//824 841//841 851//851
f 746//746 841//841 824//824
f 841//841 848//848 853//853
f 853//853 851//851 841//841
f 670//670 618//618 857//857
f 608//608 618//618 670//670
f 618//618 624//624 861//861
f 861//861 857//857 618//618
f 670//670 857//857 863//863
f 863//863 675//675 670//670
f 863//863 861//861 867//867
f 857//857 861//861 863//863
f 624//624 631//631 869//869
f 869//869 861//861 624//624
f 194//194 869//869 631//631
f 194//194 810//810 869//869
f 194//194 272//272 810//810
f 861//861 869//869 875//875
f 875//875 867//867 861//861
f 875//875 810//810 816//816
f 869//869 810//810 875//875
f 848//848 863//863 877//877
f 675//675 863//863 848//848
f 877//877 867//867 880//880
f 863//863 867//867 877//877
f 848//848 877//877 886//886
f 886//886 853//853 848//848
f 877//877 880//880 896//896
f 896//896 886//886 877//877
f 880//880 875//875 902//902
f 867//867 875//875 880//880
f 875//875 816//816 840//840
f 840//840 902//902 875//875
f 896//896 902//902 904//904
f 880//880 902//902 896//896
f 902//902 840//840 718//718
f 718//718 904//904 902//902
f 682//682 911//911 915//915
f 915//915 685//685 682//682
f 915//915 917//917 919//919
f 911//911 917//917 915//915
f 685//685 915//915 920//920
f 920//920 702//702 685//685
f 915//915 919//919 922//922
f 922//922 920//920 915//915
f 919//919 925//925 926//926
f 917//917 925//925 919//919
f 925//925 557//557 939//939
f 939//939 926//926 925//925
f 919//919 926//926 947//947
f 947//947 922//922 919//919
f 947//947 939//939 952//952
f 926//926 939//939 947//947
f 784//784 920//920 958//958
f 702//702 920//920 784//784
f 958//958 922//922 971//971
f 920//920 922//922 958//958
f 802//802 958//958 976//976
f 784//784 958//958 802//802
f 958//958 971//971 981//981
f 981//981 976//976 958//958
f 971//971 947//947 983//983
f 922//922 947//947 971//971
f 947//947 952//952 984//984
f 984//984 983//983 947//947
f 981//981 983//983 986//986
f 971//971 983//983 981//981
f 986//986 984//984 988//988
f 983//983 984//984 986//986
f 557//557 568//568 989//989
f 989//989 939//939 557//557
f 124//124 989//989 568//568
f 124//124 277//277 989//989
f 277//277 992//992 989//989
f 939//939 989//989 994//994
f 994//994 952//952 939//939
f 989//989 992//992 996//996
f 996//996 994//994 989//989
f 280//280 992//992 277//277
f 996//996 992//992 280//280
f 280//280 490//490 996//996
f 952//952 994//994 1000//1000
f 1000//1000 984//984 952//952
f 994//994 996//996 1001//1001
f 1001//1001 1000//1000 994//994
f 988//988 1000//1000 1002//1002
f 984//984 1000//1000 988//988
f 1000//1000 1001//1001 1004//1004
f 1004//1004 1002//1002 1000//1000
f 1001//1001 996//996 490//490
f 490//490 491//491 1001//1001
f 1004//1004 1001//1001 491//491
f 491//491 492//492 1004//1004
f 802//802 976//976 1084//1084
f 1084//1084 860//860 802//802
f 976//976 981//981 1085//1085
f 1085//1085 1084//1084 976//976
f 873//873 1084//1084 1086//1086
f 860//860 1084//1084 873//873
f 1086//1086 1085//1085 1087//1087
f 1084//1084 1085//1085 1086//1086
f 981//981 986//986 1088//1088
f 1088//1088 1085//1085 981//981
f 1088//1088 988//988 1089//1089
f 986//986 988//988 1088//1088
f 1087//1087 1088//1088 1090//1090
f 1085//1085 1088//1088 1087//1087
f 1090//1090 1089//1089 551//551
f 1088//1088 1089//1089 1090//1090
f 887//887 1086//1086 1091//1091
f 873//873 1086//1086 887//887
f 1091//1091 1087//1087 1092//1092
f 1086//1086 1087//1087 1091//1091
f 887//887 1091//1091 493//493
f 493//493 325//325 887//887
f 1091//1091 1092//1092 494//494
f 494//494 493//493 1091//1091
f 495//495 496//496 1090//1090
f 496//496 1087//1087 1090//1090
f 496//496 1092//1092 1087//1087
f 1090//1090 551//551 497//497
f 497//497 495//495 1090//1090
f 494//494 1092//1092 496//496
f 1089//1089 1002//1002 1093//1093
f 988//988 1002//1002 1089//1089
f 1093//1093 1004//1004 1094//1094
f 1002//1002 1004//1004 1093//1093
f 498//498 314//314 1093//1093
f 314//314 1089//1089 1093//1093
f 314//314 551//551 1089//1089
f 1093//1093 1094//1094 499//499
f 499//499 498//498 1093//1093
f 1094//1094 1004//1004 492//492
f 492//492 500//500 1094//1094
f 499//499 1094//1094 500//500
f 1173//1173 1177//1177 1185//1185
f 1185//1185 1181//1181 1173//1173
f 1177//1177 1188//1188 1193//1193
f 1193//1193 1185//1185 1177//1177
f 1181//1181 1185//1185 1196//1196
f 1196//1196 1195//1195 1181//1181
f 1185//1185 1193//1193 1197//1197
f 1197//1197 1196//1196 1185//1185
f 1200//1200 1201//1201 1149//1149
f 1149//1149 1141//1141 1200//1200
f 1200//1200 1195//1195 1203//1203
f 1203//1203 1201//1201 1200//1200
f 1149//1149 1201//1201 1150//1150
f 1201//1201 1203//1203 1151//1151
f 1151//1151 1150//1150 1201//1201
f 1195//1195 1196//1196 1206//1206
f 1206//1206 1203//1203 1195//1195
f 1206//1206 1197//1197 1208//1208
f 1196//1196 1197//1197 1206//1206
f 1114//1114 1206//1206 1211//1211
f 1114//1114 1203//1203 1206//1206
f 1114//1114 1151//1151 1203//1203
f 1211//1211 1208//1208 1214//1214
f 1206//1206 1208//1208 1211//1211
f 1626//1626 1621//1621 1629//1629
f 1616//1616 1621//1621 1626//1626
f 1629//1629 1632//1632 1636//1636
f 1621//1621 1632//1632 1629//1629
f 1681//1681 1629//1629 1687//1687
f 1626//1626 1629//1629 1681//1681
f 1629//1629 1636//1636 1692//1692
f 1692//1692 1687//1687 1629//1629
f 1636//1636 1701//1701 1703//1703
f 1632//1632 1701//1701 1636//1636
f 1703//1703 1707//1707 1708//1708
f 1701//1701 1707//1707 1703//1703
f 1636//1636 1703//1703 1710//1710
f 1710//1710 1692//1692 1636//1636
f 1703//1703 1708//1708 1712//1712
f 1712//1712 1710//1710 1703//1703
f 101//101 1681//1681 1687//1687
f 98//98 1681//1681 101//101
f 1715//1715 115//115 1692//1692
f 115//115 101//101 1692//1692
f 101//101 1687//1687 1692//1692
f 115//115 1715//1715 1611//1611
f 1611//1611 121//121 115//115
f 1692//1692 1710//1710 1719//1719
f 1719//1719 1715//1715 1692//1692
f 1719//1719 1712//1712 1724//1724
f 1710//1710 1712//1712 1719//1719
f 1611//1611 1719//1719 1677//1677
f 1715//1715 1719//1719 1611//1611
f 1719//1719 1724//1724 1694//1694
f 1694//1694 1677//1677 1719//1719
f 2117//2117 2104//2104 2129//2129
f 2016//2016 2104//2104 2117//2117
f 177//177 2135//2135 171//171
f 177//177 2104//2104 2135//2135
f 177//177 2129//2129 2104//2104
f 2117//2117 2129//2129 2144//2144
f 2144//2144 2140//2140 2117//2117
f 2150//2150 2144//2144 182//182
f 2144//2144 177//177 182//182
f 2144//2144 2129//2129 177//177
f 2135//2135 185//185 171//171
f 182//182 193//193 2154//2154
f 2154//2154 2150//2150 182//182
f 193//193 208//208 2159//2159
f 2159//2159 2154//2154 193//193
f 2140//2140 2144//2144 2180//2180
f 2180//2180 2171//2171 2140//2140
f 2144//2144 2150//2150 2186//2186
f 2186//2186 2180//2180 2144//2144
f 1707//1707 2180//2180 2216//2216
f 2171//2171 2180//2180 1707//1707
f 2216//2216 2186//2186 2222//2222
f 2180//2180 2186//2186 2216//2216
f 2186//2186 2154//2154 2227//2227
f 2150//2150 2154//2154 2186//2186
f 2154//2154 2159//2159 2234//2234
f 2234//2234 2227//2227 2154//2154
f 2222//2222 2227//2227 2239//2239
f 2186//2186 2227//2227 2222//2222
f 2227//2227 2234//2234 2254//2254
f 2254//2254 2239//2239 2227//2227
f 2159//2159 212//212 2260//2260
f 208//208 212//212 2159//2159
f 2260//2260 212//212 215//215
f 218//218 217//217 2013//2013
f 2159//2159 2260//2260 2265//2265
f 2265//2265 2234//2234 2159//2159
f 2267//2267 2265//2265 221//221
f 2265//2265 215//215 221//221
f 2265//2265 2260//2260 215//215
f 2254//2254 2265//2265 2295//2295
f 2234//2234 2265//2265 2254//2254
f 2265//2265 2267//2267 2298//2298
f 2298//2298 2295//2295 2265//2265
f 2267//2267 223//223 2301//2301
f 221//221 223//223 2267//2267
f 2105//2105 218//218 2013//2013
f 2105//2105 223//223 218//218
f 2105//2105 2301//2301 223//223
f 2298//2298 2301//2301 2303//2303
f 2267//2267 2301//2301 2298//2298
f 2301//2301 2105//2105 2116//2116
f 2116//2116 2303//2303 2301//2301
f 1708//1708 2216//2216 2309//2309
f 1707//1707 2216//2216 1708//1708
f 2309//2309 2222//2222 2315//2315
f 2216//2216 2222//2222 2309//2309
f 1708//1708 2309//2309 2319//2319
f 2319//2319 1712//1712 1708//1708
f 2319//2319 2315//2315 2321//2321
f 2309//2309 2315//2315 2319//2319
f 2222//2222 2239//2239 2328//2328
f 2328//2328 2315//2315 2222//2222
f 2328//2328 2254//2254 2332//2332
f 2239//2239 2254//2254 2328//2328
f 2321//2321 2328//2328 2340//2340
f 2315//2315 2328//2328 2321//2321
f 2340//2340 2332//2332 2342//2342
f 2328//2328 2332//2332 2340//2340
f 1724//1724 2319//2319 2345//2345
f 1712//1712 2319//2319 1724//1724
f 2319//2319 2321//2321 2347//2347
f 2347//2347 2345//2345 2319//2319
f 1724//1724 2345//2345 2230//2230
f 2230//2230 1694//1694 1724//1724
f 2345//2345 2347//2347 2233//2233
f 2233//2233 2230//2230 2345//2345
f 2321//2321 2340//2340 2351//2351
f 2351//2351 2347//2347 2321//2321
f 2351//2351 2342//2342 2356//2356
f 2340//2340 2342//2342 2351//2351
f 2233//2233 2351//2351 2247//2247
f 2347//2347 2351//2351 2233//2233
f 99//99 2351//2351 228//228
f 2351//2351 2356//2356 228//228
f 99//99 2247//2247 2351//2351
f 2332//2332 2295//2295 2363//2363
f 2254//2254 2295//2295 2332//2332
f 2363//2363 2298//2298 2399//2399
f 2295//2295 2298//2298 2363//2363
f 2342//2342 2363//2363 2404//2404
f 2332//2332 2363//2363 2342//2342
f 2404//2404 2399//2399 2405//2405
f 2363//2363 2399//2399 2404//2404
f 2399//2399 2303//2303 2409//2409
f 2298//2298 2303//2303 2399//2399
f 2409//2409 2116//2116 2178//2178
f 2303//2303 2116//2116 2409//2409
f 2399//2399 2409//2409 2411//2411
f 2411//2411 2405//2405 2399//2399
f 2409//2409 2178//2178 2193//2193
f 2193//2193 2411//2411 2409//2409
f 2342//2342 2404//2404 2415//2415
f 2415//2415 2356//2356 2342//2342
f 2404//2404 2405//2405 2420//2420
f 2420//2420 2415//2415 2404//2404
f 228//228 2356//2356 2415//2415
f 2415//2415 233//233 228//228
f 233//233 2415//2415 2420//2420
f 2420//2420 238//238 233//233
f 2420//2420 2411//2411 2428//2428
f 2405//2405 2411//2411 2420//2420
f 250//250 2411//2411 245//245
f 2411//2411 2193//2193 245//245
f 250//250 2428//2428 2411//2411
f 238//238 2420//2420 2428//2428
f 2428//2428 253//253 238//238
f 2428//2428 250//250 253//253
f 273//273 184//184 2343//2343
f 282//282 2343//2343 2346//2346
f 273//273 2343//2343 282//282
f 2435//2435 288//288 2367//2367
f 288//288 2346//2346 2367//2367
f 288//288 282//282 2346//2346
f 2367//2367 2372//2372 2448//2448
f 2448//2448 2435//2435 2367//2367
f 296//296 288//288 2435//2435
f 317//317 2435//2435 2448//2448
f 296//296 2435//2435 317//317
f 2372//2372 2467//2467 2485//2485
f 2485//2485 2448//2448 2372//2372
f 2467//2467 2472//2472 2490//2490
f 2490//2490 2485//2485 2467//2467
f 2492//2492 317//317 2485//2485
f 317//317 2448//2448 2485//2485
f 2492//2492 323//323 317//317
f 2485//2485 2490//2490 2497//2497
f 2497//2497 2492//2492 2485//2485
f 2472//2472 2491//2491 2505//2505
f 2505//2505 2490//2490 2472//2472
f 2491//2491 1722//1722 1738//1738
f 1738//1738 2505//2505 2491//2491
f 2490//2490 2505//2505 2509//2509
f 2509//2509 2497//2497 2490//2490
f 2505//2505 1738//1738 1764//1764
f 1764//1764 2509//2509 2505//2505
f 326//326 323//323 2492//2492
f 2514//2514 329//329 2497//2497
f 329//329 326//326 2497//2497
f 326//326 2492//2492 2497//2497
f 331//331 329//329 2514//2514
f 335//335 2497//2497 333//333
f 2497//2497 2509//2509 333//333
f 335//335 2514//2514 2497//2497
f 333//333 2509//2509 1764//1764
f 1764//1764 137//137 333//333
f 2514//2514 335//335 331//331
f 2531//2531 2528//2528 2535//2535
f 2526//2526 2528//2528 2531//2531
f 2535//2535 2540//2540 2541//2541
f 2528//2528 2540//2540 2535//2535
f 2545//2545 2535//2535 2554//2554
f 2531//2531 2535//2535 2545//2545
f 2554//2554 2541//2541 2565//2565
f 2535//2535 2541//2541 2554//2554
f 2541//2541 2576//2576 2579//2579
f 2540//2540 2576//2576 2541//2541
f 2579//2579 2581//2581 2583//2583
f 2576//2576 2581//2581 2579//2579
f 2565//2565 2579//2579 2595//2595
f 2541//2541 2579//2579 2565//2565
f 2595//2595 2583//2583 2598//2598
f 2579//2579 2583//2583 2595//2595
f 2581//2581 2603//2603 2606//2606
f 2606//2606 2583//2583 2581//2581
f 2603//2603 2612//2612 2644//2644
f 2644//2644 2606//2606 2603//2603
f 2598//2598 2606//2606 2653//2653
f 2583//2583 2606//2606 2598//2598
f 2653//2653 2644//2644 2658//2658
f 2606//2606 2644//2644 2653//2653
f 206//206 2156//2156 2664//2664
f 2664//2664 358//358 206//206
f 258//258 2664//2664 2679//2679
f 358//358 2664//2664 258//258
f 2664//2664 2177//2177 2685//2685
f 2156//2156 2177//2177 2664//2664
f 2177//2177 2181//2181 2712//2712
f 2712//2712 2685//2685 2177//2177
f 2664//2664 2685//2685 2716//2716
f 2716//2716 2679//2679 2664//2664
f 2685//2685 2712//2712 2720//2720
f 2720//2720 2716//2716 2685//2685
f 242//242 239//239 2728//2728
f 2736//2736 258//258 2679//2679
f 2736//2736 239//239 258//258
f 2736//2736 2728//2728 239//239
f 2739//2739 242//242 2728//2728
f 2739//2739 262//262 242//242
f 2739//2739 2406//2406 262//262
f 2728//2728 2736//2736 2743//2743
f 2743//2743 2739//2739 2728//2728
f 2679//2679 2716//2716 2747//2747
f 2747//2747 2736//2736 2679//2679
f 2716//2716 2720//2720 2750//2750
f 2750//2750 2747//2747 2716//2716
f 2736//2736 2747//2747 2751//2751
f 2751//2751 2743//2743 2736//2736
f 2751//2751 2750//2750 2752//2752
f 2747//2747 2750//2750 2751//2751
f 2712//2712 2237//2237 2754//2754
f 2181//2181 2237//2237 2712//2712
f 2754//2754 2245//2245 2759//2759
f 2237//2237 2245//2245 2754//2754
f 2720//2720 2754//2754 2762//2762
f 2712//2712 2754//2754 2720//2720
f 2762//2762 2759//2759 2766//2766
f 2754//2754 2759//2759 2762//2762
f 2759//2759 2257//2257 2773//2773
f 2245//2245 2257//2257 2759//2759
f 2773//2773 2299//2299 2777//2777
f 2257//2257 2299//2299 2773//2773
f 270//270 2759//2759 265//265
f 2759//2759 2773//2773 265//265
f 270//270 2766//2766 2759//2759
f 265//265 2773//2773 2777//2777
f 2777//2777 275//275 265//265
f 2720//2720 2762//2762 2780//2780
f 2780//2780 2750//2750 2720//2720
f 2762//2762 2766//2766 2788//2788
f 2788//2788 2780//2780 2762//2762
f 2752//2752 2780//2780 2792//2792
f 2750//2750 2780//2780 2752//2752
f 2780//2780 2788//2788 2795//2795
f 2795//2795 2792//2792 2780//2780
f 2798//2798 2788//2788 279//279
f 2788//2788 270//270 279//279
f 2788//2788 2766//2766 270//270
f 2798//2798 279//279 286//286
f 2788//2788 2798//2798 2804//2804
f 2804//2804 2795//2795 2788//2788
f 2849//2849 2804//2804 289//289
f 2804//2804 286//286 289//289
f 2804//2804 2798//2798 286//286
f 2406//2406 2739//2739 2858//2858
f 2858//2858 2499//2499 2406//2406
f 2739//2739 2743//2743 2885//2885
f 2885//2885 2858//2858 2739//2739
f 2499//2499 2858//2858 2889//2889
f 2889//2889 2518//2518 2499//2499
f 2858//2858 2885//2885 2891//2891
f 2891//2891 2889//2889 2858//2858
f 2743//2743 2751//2751 2897//2897
f 2897//2897 2885//2885 2743//2743
f 2897//2897 2752//2752 2907//2907
f 2751//2751 2752//2752 2897//2897
f 2891//2891 2897//2897 2912//2912
f 2885//2885 2897//2897 2891//2891
f 2912//2912 2907//2907 2915//2915
f 2897//2897 2907//2907 2912//2912
f 2518//2518 2889//2889 2925//2925
f 2925//2925 2604//2604 2518//2518
f 2925//2925 2891//2891 2928//2928
f 2889//2889 2891//2891 2925//2925
f 2330//2330 2925//2925 2783//2783
f 2604//2604 2925//2925 2330//2330
f 2783//2783 2928//2928 2797//2797
f 2925//2925 2928//2928 2783//2783
f 2928//2928 2912//2912 2931//2931
f 2891//2891 2912//2912 2928//2928
f 298//298 2915//2915 293//293
f 298//298 2912//2912 2915//2915
f 298//298 2931//2931 2912//2912
f 2797//2797 2931//2931 2810//2810
f 2928//2928 2931//2931 2797//2797
f 2931//2931 298//298 302//302
f 302//302 2810//2810 2931//2931
f 2907//2907 2792//2792 2933//2933
f 2752//2752 2792//2792 2907//2907
f 1585//1585 2933//2933 2795//2795
f 2933//2933 2792//2792 2795//2795
f 1585//1585 1586//1586 2933//2933
f 2907//2907 2933//2933 2935//2935
f 2935//2935 2915//2915 2907//2907
f 1586//1586 1587//1587 2933//2933
f 1587//1587 2935//2935 2933//2933
f 1587//1587 2938//2938 2935//2935
f 1585//1585 2804//2804 1588//1588
f 2795//2795 2804//2804 1585//1585
f 2804//2804 2849//2849 1589//1589
f 1589//1589 1588//1588 2804//2804
f 1590//1590 2938//2938 1587//1587
f 293//293 2915//2915 2935//2935
f 2935//2935 310//310 293//293
f 2946//2946 2935//2935 2938//2938
f 2946//2946 330//330 2935//2935
f 330//330 310//310 2935//2935
f 330//330 2946//2946 2896//2896
f 2896//2896 276//276 330//330
f 2946//2946 2938//2938 1590//1590
f 1590//1590 1591//1591 2946//2946
f 1591//1591 1592//1592 2946//2946
f 1592//1592 2896//2896 2946//2946
f 1592//1592 2902//2902 2896//2896
f 1416//1416 2902//2902 1592//1592
f 2777//2777 2953//2953 2956//2956
f 2299//2299 2953//2953 2777//2777
f 2956//2956 1835//1835 2959//2959
f 2953//2953 1835//1835 2956//2956
f 338//338 2777//2777 2956//2956
f 275//275 2777//2777 338//338
f 341//341 2956//2956 2959//2959
f 338//338 2956//2956 341//341
f 2959//2959 1837//1837 2962//2962
f 1835//1835 1837//1837 2959//2959
f 2962//2962 1847//1847 2963//2963
f 1837//1837 1847//1847 2962//2962
f 349//349 2959//2959 2962//2962
f 341//341 2959//2959 349//349
f 2967//2967 359//359 2963//2963
f 359//359 2962//2962 2963//2963
f 359//359 349//349 2962//2962
f 2849//2849 362//362 2972//2972
f 289//289 362//362 2849//2849
f 2972//2972 364//364 2976//2976
f 362//362 364//364 2972//2972
f 368//368 359//359 2967//2967
f 2976//2976 364//364 377//377
f 2963//2963 1936//1936 2986//2986
f 1847//1847 1936//1936 2963//2963
f 2986//2986 1939//1939 2992//2992
f 1936//1936 1939//1939 2986//2986
f 2967//2967 2986//2986 2994//2994
f 2963//2963 2986//2986 2967//2967
f 2994//2994 2992//2992 3010//3010
f 2986//2986 2992//2992 2994//2994
f 1939//1939 1945//1945 3020//3020
f 3020//3020 2992//2992 1939//1939
f 3020//3020 106//106 382//382
f 1945//1945 106//106 3020//3020
f 2992//2992 3020//3020 3025//3025
f 3025//3025 3010//3010 2992//2992
f 3025//3025 382//382 393//393
f 3020//3020 382//382 3025//3025
f 3028//3028 395//395 2994//2994
f 395//395 368//368 2994//2994
f 368//368 2967//2967 2994//2994
f 3028//3028 3010//3010 3031//3031
f 2994//2994 3010//3010 3028//3028
f 395//395 3028//3028 3074//3074
f 3074//3074 396//396 395//395
f 3074//3074 3031//3031 2533//2533
f 3028//3028 3031//3031 3074//3074
f 3031//3031 3025//3025 3085//3085
f 3010//3010 3025//3025 3031//3031
f 3025//3025 393//393 399//399
f 399//399 3085//3085 3025//3025
f 3031//3031 3085//3085 2536//2536
f 2536//2536 2533//2533 3031//3031
f 2536//2536 399//399 401//401
f 3085//3085 399//399 2536//2536
f 1589//1589 2972//2972 1593//1593
f 2849//2849 2972//2972 1589//1589
f 1594//1594 2976//2976 3089//3089
f 1594//1594 2972//2972 2976//2976
f 1594//1594 1593//1593 2972//2972
f 1594//1594 3089//3089 1595//1595
f 3094//3094 3089//3089 404//404
f 3089//3089 377//377 404//404
f 3089//3089 2976//2976 377//377
f 3094//3094 404//404 413//413
f 1596//1596 1595//1595 3100//3100
f 1595//1595 3094//3094 3100//3100
f 1595//1595 3089//3089 3094//3094
f 3100//3100 413//413 415//415
f 3094//3094 413//413 3100//3100
f 1596//1596 3105//3105 1597//1597
f 3100//3100 3105//3105 1596//1596
f 2697//2697 3105//3105 417//417
f 3105//3105 3100//3100 417//417
f 3100//3100 415//415 417//417
f 1597//1597 3064//3064 1444//1444
f 3105//3105 3064//3064 1597//1597
f 420//420 3064//3064 419//419
f 3064//3064 2697//2697 419//419
f 3064//3064 3105//3105 2697//2697
f 421//421 396//396 3074//3074
f 2591//2591 421//421 2533//2533
f 421//421 3074//3074 2533//2533
f 2591//2591 423//423 421//421
f 423//423 2591//2591 2670//2670
f 2670//2670 425//425 423//423
f 1429//1429 1413//1413 3271//3271
f 1413//1413 1434//1434 3287//3287
f 3287//3287 3271//3271 1413//1413
f 1434//1434 1437//1437 3288//3288
f 3288//3288 3287//3287 1434//1434
f 3288//3288 1449//1449 3293//3293
f 1437//1437 1449//1449 3288//3288
f 3293//3293 1455//1455 3296//3296
f 1449//1449 1455//1455 3293//3293
f 3296//3296 1455//1455 1457//1457
f 1418//1418 3372//3372 3373//3373
f 1414//1414 3372//3372 1418//1418
f 1485//1485 1418//1418 3373//3373
f 3374//3374 1494//1494 1501//1501
f 3374//3374 3373//3373 1494//1494
f 3373//3373 3372//3372 1494//1494
f 3374//3374 1501//1501 1525//1525
f 3375//3375 1528//1528 3374//3374
f 1528//1528 1485//1485 3374//3374
f 1485//1485 3373//3373 3374//3374
f 3374//3374 1525//1525 1530//1530
f 1530//1530 3375//3375 3374//3374
f 1540//1540 1535//1535 3376//3376
f 1543//1543 1528//1528 3375//3375
f 3375//3375 1530//1530 1543//1543
f 1548//1548 1546//1546 3377//3377
f 3378//3378 1540//1540 3376//3376
f 3378//3378 1546//1546 1540//1540
f 3378//3378 3377//3377 1546//1546
f 1553//1553 1548//1548 3377//3377
f 3379//3379 1554//1554 3378//3378
f 1554//1554 1553//1553 3378//3378
f 1553//1553 3377//3377 3378//3378
f 1558//1558 1554//1554 3379//3379
f 1535//1535 1561//1561 3380//3380
f 3380//3380 3376//3376 1535//1535
f 3380//3380 1561//1561 1565//1565
f 3378//3378 3380//3380 3381//3381
f 3376//3376 3380//3380 3378//3378
f 3382//3382 3381//3381 1566//1566
f 3381//3381 1565//1565 1566//1566
f 3381//3381 3380//3380 1565//1565
f 3379//3379 3381//3381 3383//3383
f 3378//3378 3381//3381 3379//3379
f 3383//3383 3382//3382 3384//3384
f 3381//3381 3382//3382 3383//3383
f 1566//1566 1567//1567 3385//3385
f 3385//3385 3382//3382 1566//1566
f 1567//1567 1568//1568 3386//3386
f 3386//3386 3385//3385 1567//1567
f 3382//3382 3385//3385 3387//3387
f 3387//3387 3384//3384 3382//3382
f 3385//3385 3386//3386 3388//3388
f 3388//3388 3387//3387 3385//3385
f 3386//3386 1568//1568 1569//1569
f 3389//3389 3388//3388 1570//1570
f 3388//3388 1569//1569 1570//1570
f 3388//3388 3386//3386 1569//1569
f 3389//3389 1570//1570 1571//1571
f 3390//3390 1572//1572 3383//3383
f 1572//1572 1558//1558 3383//3383
f 1558//1558 3379//3379 3383//3383
f 1574//1574 3383//3383 1573//1573
f 3383//3383 3384//3384 1573//1573
f 1574//1574 3390//3390 3383//3383
f 1575//1575 1572//1572 3390//3390
f 3390//3390 1574//1574 1575//1575
f 1573//1573 3384//3384 3387//3387
f 3387//3387 1576//1576 1573//1573
f 3391//3391 1577//1577 3388//3388
f 1577//1577 1576//1576 3388//3388
f 1576//1576 3387//3387 3388//3388
f 1578//1578 1577//1577 3391//3391
f 3388//3388 3389//3389 3392//3392
f 3392//3392 3391//3391 3388//3388
f 3392//3392 1571//1571 1579//1579
f 3389//3389 1571//1571 3392//3392
f 3393//3393 1580//1580 3392//3392
f 1580//1580 1578//1578 3392//3392
f 1578//1578 3391//3391 3392//3392
f 3392//3392 1579//1579 1581//1581
f 1581//1581 3393//3393 3392//3392
f 1582//1582 3393//3393 3394//3394
f 1580//1580 3393//3393 1582//1582
f 3395//3395 3394//3394 1583//1583
f 3394//3394 1581//1581 1583//1583
f 3394//3394 3393//3393 1581//1581
f 1532//1532 3394//3394 3272//3272
f 1582//1582 3394//3394 1532//1532
f 3394//3394 3395//3395 3276//3276
f 3276//3276 3272//3272 3394//3394
f 3395//3395 1583//1583 1584//1584
f 3276//3276 1584//1584 1534//1534
f 3395//3395 1584//1584 3276//3276
f 3476//3476 3472//3472 3479//3479
f 3450//3450 3472//3472 3476//3476
f 1100//1100 3472//3472 1097//1097
f 3472//3472 3485//3485 1097//1097
f 1100//1100 3479//3479 3472//3472
f 3495//3495 3479//3479 3497//3497
f 3476//3476 3479//3479 3495//3495
f 3479//3479 1100//1100 1102//1102
f 1102//1102 3497//3497 3479//3479
f 3503//3503 3504//3504 3510//3510
f 3510//3510 3507//3507 3503//3503
f 3510//3510 3495//3495 3512//3512
f 3504//3504 3495//3495 3510//3510
f 3507//3507 3510//3510 3519//3519
f 3519//3519 3516//3516 3507//3507
f 3510//3510 3512//3512 3522//3522
f 3522//3522 3519//3519 3510//3510
f 3512//3512 3497//3497 3523//3523
f 3495//3495 3497//3497 3512//3512
f 3497//3497 1102//1102 1104//1104
f 1104//1104 3523//3523 3497//3497
f 3522//3522 3523//3523 3524//3524
f 3512//3512 3523//3523 3522//3522
f 3523//3523 1104//1104 1105//1105
f 1105//1105 3524//3524 3523//3523
f 3051//3051 3048//3048 3461//3461
f 3048//3048 3040//3040 3461//3461
f 3040//3040 3039//3039 3461//3461
f 3048//3048 3044//3044 3040//3040
f 3067//3067 3056//3056 1116//1116
f 3056//3056 1114//1114 1116//1116
f 3056//3056 3051//3051 1114//1114
f 3051//3051 3461//3461 1114//1114
f 3067//3067 1118//1118 3533//3533
f 1116//1116 1118//1118 3067//3067
f 3538//3538 3068//3068 3533//3533
f 3068//3068 3067//3067 3533//3533
f 3538//3538 3076//3076 3068//3068
f 3225//3225 3223//3223 3538//3538
f 3223//3223 3221//3221 3538//3538
f 3221//3221 3076//3076 3538//3538
f 3223//3223 3222//3222 3221//3221
f 564//564 570//570 123//123
f 123//123 99//99 564//564
f 570//570 622//622 128//128
f 128//128 123//123 570//570
f 128//128 632//632 254//254
f 622//622 632//632 128//128
f 632//632 640//640 268//268
f 268//268 254//254 632//632
f 570//570 646//646 649//649
f 564//564 646//646 570//570
f 646//646 651//651 652//652
f 652//652 649//649 646//646
f 570//570 649//649 655//655
f 655//655 622//622 570//570
f 649//649 652//652 659//659
f 659//659 655//655 649//649
f 651//651 664//664 665//665
f 665//665 652//652 651//651
f 664//664 682//682 685//685
f 685//685 665//665 664//664
f 659//659 665//665 686//686
f 652//652 665//665 659//659
f 686//686 685//685 702//702
f 665//665 685//685 686//686
f 622//622 655//655 709//709
f 709//709 632//632 622//622
f 709//709 659//659 713//713
f 655//655 659//659 709//709
f 640//640 709//709 764//764
f 632//632 709//709 640//640
f 709//709 713//713 773//773
f 773//773 764//764 709//709
f 713//713 686//686 777//777
f 659//659 686//686 713//713
f 777//777 702//702 784//784
f 686//686 702//702 777//777
f 713//713 777//777 798//798
f 798//798 773//773 713//713
f 798//798 784//784 802//802
f 777//777 784//784 798//798
f 640//640 808//808 274//274
f 274//274 268//268 640//640
f 808//808 812//812 281//281
f 281//281 274//274 808//808
f 281//281 812//812 284//284
f 808//808 764//764 822//822
f 640//640 764//764 808//808
f 822//822 773//773 826//826
f 764//764 773//773 822//822
f 808//808 822//822 831//831
f 831//831 812//812 808//808
f 831//831 826//826 835//835
f 822//822 826//826 831//831
f 773//773 798//798 846//846
f 846//846 826//826 773//773
f 798//798 802//802 860//860
f 860//860 846//846 798//798
f 835//835 846//846 871//871
f 826//826 846//846 835//835
f 846//846 860//860 873//873
f 873//873 871//871 846//846
f 287//287 831//831 876//876
f 287//287 284//284 831//831
f 284//284 812//812 831//831
f 831//831 835//835 878//878
f 878//878 876//876 831//831
f 287//287 876//876 292//292
f 876//876 878//878 297//297
f 297//297 292//292 876//876
f 878//878 871//871 882//882
f 835//835 871//871 878//878
f 882//882 873//873 887//887
f 871//871 873//873 882//882
f 878//878 882//882 321//321
f 321//321 297//297 878//878
f 321//321 887//887 325//325
f 882//882 887//887 321//321
f 336//336 893//893 339//339
f 133//133 893//893 336//336
f 556//556 893//893 133//133
f 339//339 897//897 346//346
f 893//893 897//897 339//339
f 897//897 556//556 559//559
f 893//893 556//556 897//897
f 346//346 897//897 350//350
f 350//350 559//559 159//159
f 897//897 559//559 350//350
f 706//706 701//701 347//347
f 347//347 354//354 706//706
f 356//356 706//706 354//354
f 711//711 706//706 356//356
f 356//356 370//370 711//711
f 370//370 363//363 711//711
f 370//370 722//722 363//363
f 722//722 378//378 363//363
f 403//403 722//722 370//370
f 378//378 722//722 407//407
f 403//403 410//410 722//722
f 410//410 407//407 722//722
f 403//403 408//408 410//410
f 408//408 756//756 410//410
f 411//411 756//756 408//408
f 770//770 756//756 411//411
f 414//414 770//770 411//411
f 410//410 756//756 416//416
f 416//416 770//770 418//418
f 756//756 770//770 416//416
f 418//418 770//770 414//414
f 422//422 792//792 397//397
f 805//805 792//792 422//422
f 422//422 424//424 805//805
f 426//426 809//809 428//428
f 430//430 809//809 426//426
f 432//432 424//424 809//809
f 424//424 428//428 809//809
f 432//432 402//402 424//424
f 402//402 805//805 424//424
f 432//432 809//809 430//430
f 1152//1152 1171//1171 1153//1153
f 1334//1334 1171//1171 1152//1152
f 1152//1152 1154//1154 1334//1334
f 1155//1155 1335//1335 1156//1156
f 1336//1336 1334//1334 1154//1154
f 1154//1154 1157//1157 1336//1336
f 1157//1157 1156//1156 1336//1336
f 1156//1156 1337//1337 1336//1336
f 1156//1156 1335//1335 1337//1337
f 1338//1338 1335//1335 1155//1155
f 1155//1155 1158//1158 1338//1338
f 1339//1339 1338//1338 1158//1158
f 1158//1158 1159//1159 1339//1339
f 1337//1337 1338//1338 1340//1340
f 1335//1335 1338//1338 1337//1337
f 1340//1340 1339//1339 1341//1341
f 1338//1338 1339//1339 1340//1340
f 1342//1342 1339//1339 1159//1159
f 1159//1159 1160//1160 1342//1342
f 1343//1343 1342//1342 1160//1160
f 1160//1160 1161//1161 1343//1343
f 1341//1341 1342//1342 1344//1344
f 1339//1339 1342//1342 1341//1341
f 1344//1344 1343//1343 1345//1345
f 1342//1342 1343//1343 1344//1344
f 1097//1097 1346//1346 1210//1210
f 1097//1097 1153//1153 1346//1346
f 1153//1153 1171//1171 1346//1346
f 1346//1346 1334//1334 1347//1347
f 1171//1171 1334//1334 1346//1346
f 1219//1219 1346//1346 1348//1348
f 1210//1210 1346//1346 1219//1219
f 1348//1348 1347//1347 1349//1349
f 1346//1346 1347//1347 1348//1348
f 1347//1347 1336//1336 1350//1350
f 1334//1334 1336//1336 1347//1347
f 1350//1350 1337//1337 1351//1351
f 1336//1336 1337//1337 1350//1350
f 1349//1349 1350//1350 1352//1352
f 1347//1347 1350//1350 1349//1349
f 1352//1352 1351//1351 1353//1353
f 1350//1350 1351//1351 1352//1352
f 1222//1222 1348//1348 1354//1354
f 1219//1219 1348//1348 1222//1222
f 1354//1354 1349//1349 1355//1355
f 1348//1348 1349//1349 1354//1354
f 1224//1224 1354//1354 1356//1356
f 1222//1222 1354//1354 1224//1224
f 1356//1356 1355//1355 1357//1357
f 1354//1354 1355//1355 1356//1356
f 1355//1355 1352//1352 1358//1358
f 1349//1349 1352//1352 1355//1355
f 1358//1358 1353//1353 1359//1359
f 1352//1352 1353//1353 1358//1358
f 1357//1357 1358//1358 1360//1360
f 1355//1355 1358//1358 1357//1357
f 1360//1360 1359//1359 1361//1361
f 1358//1358 1359//1359 1360//1360
f 1351//1351 1340//1340 1362//1362
f 1337//1337 1340//1340 1351//1351
f 1362//1362 1341//1341 1363//1363
f 1340//1340 1341//1341 1362//1362
f 1353//1353 1362//1362 1364//1364
f 1351//1351 1362//1362 1353//1353
f 1364//1364 1363//1363 1365//1365
f 1362//1362 1363//1363 1364//1364
f 1363//1363 1344//1344 1366//1366
f 1341//1341 1344//1344 1363//1363
f 1366//1366 1345//1345 1367//1367
f 1344//1344 1345//1345 1366//1366
f 1365//1365 1366//1366 1368//1368
f 1363//1363 1366//1366 1365//1365
f 1368//1368 1367//1367 1369//1369
f 1366//1366 1367//1367 1368//1368
f 1359//1359 1364//1364 1370//1370
f 1353//1353 1364//1364 1359//1359
f 1370//1370 1365//1365 1371//1371
f 1364//1364 1365//1365 1370//1370
f 1361//1361 1370//1370 1372//1372
f 1359//1359 1370//1370 1361//1361
f 1372//1372 1371//1371 1373//1373
f 1370//1370 1371//1371 1372//1372
f 1371//1371 1368//1368 1374//1374
f 1365//1365 1368//1368 1371//1371
f 1374//1374 1369//1369 1375//1375
f 1368//1368 1369//1369 1374//1374
f 1373//1373 1374//1374 1376//1376
f 1371//1371 1374//1374 1373//1373
f 1376//1376 1375//1375 1377//1377
f 1374//1374 1375//1375 1376//1376
f 1378//1378 1343//1343 1161//1161
f 1161//1161 1162//1162 1378//1378
f 1379//1379 1378//1378 1162//1162
f 1162//1162 1163//1163 1379//1379
f 1345//1345 1378//1378 1380//1380
f 1343//1343 1378//1378 1345//1345
f 1380//1380 1379//1379 1381//1381
f 1378//1378 1379//1379 1380//1380
f 1382//1382 1379//1379 1163//1163
f 1163//1163 1164//1164 1382//1382
f 1383//1383 1382//1382 1164//1164
f 1164//1164 1165//1165 1383//1383
f 1381//1381 1382//1382 1384//1384
f 1379//1379 1382//1382 1381//1381
f 1382//1382 1383//1383 1385//1385
f 1385//1385 1384//1384 1382//1382
f 1166//1166 1386//1386 1167//1167
f 1387//1387 1386//1386 1166//1166
f 1166//1166 1168//1168 1387//1387
f 1169//1169 1387//1387 1168//1168
f 1388//1388 1387//1387 1169//1169
f 1389//1389 1388//1388 1169//1169
f 1169//1169 1170//1170 1389//1389
f 1165//1165 1390//1390 1383//1383
f 1165//1165 1167//1167 1390//1390
f 1167//1167 1386//1386 1390//1390
f 1390//1390 1387//1387 1391//1391
f 1386//1386 1387//1387 1390//1390
f 1383//1383 1390//1390 1392//1392
f 1392//1392 1385//1385 1383//1383
f 1390//1390 1391//1391 1176//1176
f 1176//1176 1392//1392 1390//1390
f 1391//1391 1388//1388 1393//1393
f 1387//1387 1388//1388 1391//1391
f 1388//1388 1389//1389 1394//1394
f 1394//1394 1393//1393 1388//1388
f 1391//1391 1393//1393 1178//1178
f 1178//1178 1176//1176 1391//1391
f 1393//1393 1394//1394 1186//1186
f 1186//1186 1178//1178 1393//1393
f 1367//1367 1380//1380 1395//1395
f 1345//1345 1380//1380 1367//1367
f 1395//1395 1381//1381 1396//1396
f 1380//1380 1381//1381 1395//1395
f 1369//1369 1395//1395 1397//1397
f 1367//1367 1395//1395 1369//1369
f 1397//1397 1396//1396 1398//1398
f 1395//1395 1396//1396 1397//1397
f 1396//1396 1384//1384 1399//1399
f 1381//1381 1384//1384 1396//1396
f 1384//1384 1385//1385 1400//1400
f 1400//1400 1399//1399 1384//1384
f 1398//1398 1399//1399 1401//1401
f 1396//1396 1399//1399 1398//1398
f 1399//1399 1400//1400 1192//1192
f 1192//1192 1401//1401 1399//1399
f 1375//1375 1397//1397 1402//1402
f 1369//1369 1397//1397 1375//1375
f 1402//1402 1398//1398 1403//1403
f 1397//1397 1398//1398 1402//1402
f 1377//1377 1402//1402 1404//1404
f 1375//1375 1402//1402 1377//1377
f 1404//1404 1403//1403 1405//1405
f 1402//1402 1403//1403 1404//1404
f 1398//1398 1401//1401 1406//1406
f 1406//1406 1403//1403 1398//1398
f 13//13 1401//1401 6//6
f 1401//1401 1192//1192 6//6
f 13//13 1406//1406 1401//1401
f 15//15 1405//1405 14//14
f 1405//1405 1403//1403 14//14
f 1403//1403 1406//1406 14//14
f 1406//1406 13//13 14//14
f 1385//1385 1392//1392 1407//1407
f 1407//1407 1400//1400 1385//1385
f 1392//1392 1176//1176 1180//1180
f 1180//1180 1407//1407 1392//1392
f 5//5 1400//1400 17//17
f 1400//1400 1407//1407 17//17
f 5//5 1192//1192 1400//1400
f 17//17 1407//1407 1180//1180
f 1180//1180 3//3 17//17
f 1615//1615 1620//1620 1628//1628
f 1628//1628 1623//1623 1615//1615
f 1620//1620 1631//1631 1633//1633
f 1633//1633 1628//1628 1620//1620
f 1639//1639 1628//1628 1655//1655
f 1623//1623 1628//1628 1639//1639
f 1655//1655 1633//1633 1658//1658
f 1628//1628 1633//1633 1655//1655
f 1631//1631 1663//1663 1664//1664
f 1664//1664 1633//1633 1631//1631
f 1663//1663 1669//1669 1673//1673
f 1673//1673 1664//1664 1663//1663
f 1633//1633 1664//1664 1684//1684
f 1684//1684 1658//1658 1633//1633
f 1664//1664 1673//1673 1689//1689
f 1689//1689 1684//1684 1664//1664
f 1695//1695 1655//1655 1697//1697
f 1639//1639 1655//1655 1695//1695
f 1697//1697 1658//1658 1709//1709
f 1655//1655 1658//1658 1697//1697
f 119//119 1695//1695 1697//1697
f 100//100 1695//1695 119//119
f 1716//1716 124//124 1709//1709
f 124//124 119//119 1709//1709
f 119//119 1697//1697 1709//1709
f 1709//1709 1684//1684 1725//1725
f 1658//1658 1684//1684 1709//1709
f 1725//1725 1689//1689 1732//1732
f 1684//1684 1689//1689 1725//1725
f 1716//1716 1725//1725 1733//1733
f 1709//1709 1725//1725 1716//1716
f 1733//1733 1732//1732 1736//1736
f 1725//1725 1732//1732 1733//1733
f 1741//1741 1739//1739 158//158
f 1739//1739 152//152 158//158
f 1739//1739 1713//1713 152//152
f 1963//1963 169//169 1950//1950
f 1963//1963 158//158 169//169
f 1963//1963 1741//1741 158//158
f 1739//1739 1741//1741 1973//1973
f 1973//1973 1970//1970 1739//1739
f 1741//1741 1963//1963 1974//1974
f 1974//1974 1973//1973 1741//1741
f 1963//1963 1954//1954 1976//1976
f 1950//1950 1954//1954 1963//1963
f 1954//1954 1957//1957 1978//1978
f 1978//1978 1976//1976 1954//1954
f 1974//1974 1976//1976 1982//1982
f 1963//1963 1976//1976 1974//1974
f 1982//1982 1978//1978 1988//1988
f 1976//1976 1978//1978 1982//1982
f 2110//2110 1973//1973 2113//2113
f 1970//1970 1973//1973 2110//2110
f 2113//2113 1974//1974 2115//2115
f 1973//1973 1974//1974 2113//2113
f 1669//1669 2113//2113 2121//2121
f 2110//2110 2113//2113 1669//1669
f 2121//2121 2115//2115 2124//2124
f 2113//2113 2115//2115 2121//2121
f 1974//1974 1982//1982 2132//2132
f 2132//2132 2115//2115 1974//1974
f 2132//2132 1988//1988 2149//2149
f 1982//1982 1988//1988 2132//2132
f 2115//2115 2132//2132 2152//2152
f 2152//2152 2124//2124 2115//2115
f 2152//2152 2149//2149 2155//2155
f 2132//2132 2149//2149 2152//2152
f 2160//2160 1978//1978 285//285
f 1978//1978 216//216 285//285
f 1978//1978 1957//1957 216//216
f 285//285 343//343 2163//2163
f 2163//2163 2160//2160 285//285
f 1988//1988 2160//2160 2165//2165
f 1978//1978 2160//2160 1988//1988
f 2165//2165 2163//2163 2169//2169
f 2160//2160 2163//2163 2165//2165
f 343//343 348//348 2175//2175
f 2175//2175 2163//2163 343//343
f 2175//2175 348//348 352//352
f 2169//2169 2175//2175 2297//2297
f 2163//2163 2175//2175 2169//2169
f 1875//1875 352//352 142//142
f 1875//1875 2297//2297 352//352
f 2297//2297 2175//2175 352//352
f 2149//2149 2165//2165 2306//2306
f 1988//1988 2165//2165 2149//2149
f 2165//2165 2169//2169 2335//2335
f 2335//2335 2306//2306 2165//2165
f 2155//2155 2306//2306 2339//2339
f 2149//2149 2306//2306 2155//2155
f 2306//2306 2335//2335 2341//2341
f 2341//2341 2339//2339 2306//2306
f 2169//2169 2297//2297 2349//2349
f 2349//2349 2335//2335 2169//2169
f 2297//2297 1875//1875 1895//1895
f 1895//1895 2349//2349 2297//2297
f 2335//2335 2349//2349 2354//2354
f 2354//2354 2341//2341 2335//2335
f 2354//2354 1895//1895 1905//1905
f 2349//2349 1895//1895 2354//2354
f 1669//1669 2121//2121 2358//2358
f 2358//2358 1673//1673 1669//1669
f 2121//2121 2124//2124 2366//2366
f 2366//2366 2358//2358 2121//2121
f 1673//1673 2358//2358 2370//2370
f 2370//2370 1689//1689 1673//1673
f 2358//2358 2366//2366 2373//2373
f 2373//2373 2370//2370 2358//2358
f 2124//2124 2152//2152 2388//2388
f 2388//2388 2366//2366 2124//2124
f 2152//2152 2155//2155 2394//2394
f 2394//2394 2388//2388 2152//2152
f 2366//2366 2388//2388 2403//2403
f 2403//2403 2373//2373 2366//2366
f 2403//2403 2394//2394 2480//2480
f 2388//2388 2394//2394 2403//2403
f 1689//1689 2370//2370 2488//2488
f 2488//2488 1732//1732 1689//1689
f 2370//2370 2373//2373 2502//2502
f 2502//2502 2488//2488 2370//2370
f 1736//1736 2488//2488 2316//2316
f 1732//1732 2488//2488 1736//1736
f 2316//2316 2502//2502 2333//2333
f 2488//2488 2502//2502 2316//2316
f 2502//2502 2403//2403 2507//2507
f 2373//2373 2403//2403 2502//2502
f 2507//2507 2480//2480 2517//2517
f 2403//2403 2480//2480 2507//2507
f 2333//2333 2507//2507 2359//2359
f 2502//2502 2507//2507 2333//2333
f 361//361 2507//2507 357//357
f 2507//2507 2517//2517 357//357
f 361//361 2359//2359 2507//2507
f 2155//2155 2339//2339 2539//2539
f 2539//2539 2394//2394 2155//2155
f 2539//2539 2341//2341 2543//2543
f 2339//2339 2341//2341 2539//2539
f 2480//2480 2539//2539 2547//2547
f 2394//2394 2539//2539 2480//2480
f 2547//2547 2543//2543 2550//2550
f 2539//2539 2543//2543 2547//2547
f 2543//2543 2354//2354 2592//2592
f 2341//2341 2354//2354 2543//2543
f 2592//2592 1905//1905 1993//1993
f 2354//2354 1905//1905 2592//2592
f 367//367 2592//2592 365//365
f 367//367 2543//2543 2592//2592
f 367//367 2550//2550 2543//2543
f 2005//2005 369//369 1993//1993
f 369//369 365//365 1993//1993
f 365//365 2592//2592 1993//1993
f 372//372 2480//2480 371//371
f 2480//2480 2547//2547 371//371
f 372//372 2517//2517 2480//2480
f 371//371 2547//2547 2550//2550
f 2550//2550 375//375 371//371
f 2517//2517 372//372 357//357
f 2550//2550 367//367 375//375
f 190//190 369//369 2005//2005
f 2605//2605 2608//2608 2618//2618
f 2618//2618 2611//2611 2605//2605
f 2608//2608 2629//2629 2639//2639
f 2639//2639 2618//2618 2608//2608
f 2611//2611 2618//2618 2645//2645
f 2645//2645 2642//2642 2611//2611
f 2618//2618 2639//2639 2660//2660
f 2660//2660 2645//2645 2618//2618
f 2639//2639 2663//2663 2666//2666
f 2629//2629 2663//2663 2639//2639
f 2663//2663 2671//2671 2675//2675
f 2675//2675 2666//2666 2663//2663
f 2639//2639 2666//2666 2709//2709
f 2709//2709 2660//2660 2639//2639
f 2709//2709 2675//2675 2729//2729
f 2666//2666 2675//2675 2709//2709
f 2642//2642 2645//2645 2737//2737
f 2737//2737 2733//2733 2642//2642
f 2645//2645 2660//2660 2770//2770
f 2770//2770 2737//2737 2645//2645
f 1711//1711 2737//2737 1714//1714
f 2733//2733 2737//2737 1711//1711
f 1714//1714 2770//2770 1749//1749
f 2737//2737 2770//2770 1714//1714
f 2660//2660 2709//2709 2813//2813
f 2813//2813 2770//2770 2660//2660
f 2709//2709 2729//2729 2866//2866
f 2866//2866 2813//2813 2709//2709
f 2770//2770 2813//2813 1772//1772
f 1772//1772 1749//1749 2770//2770
f 2813//2813 2866//2866 1791//1791
f 1791//1791 1772//1772 2813//2813
f 2675//2675 3093//3093 3098//3098
f 2671//2671 3093//3093 2675//2675
f 3093//3093 3101//3101 3104//3104
f 3104//3104 3098//3098 3093//3093
f 2729//2729 3098//3098 3109//3109
f 2675//2675 3098//3098 2729//2729
f 3109//3109 3104//3104 3111//3111
f 3098//3098 3104//3104 3109//3109
f 3101//3101 3115//3115 3117//3117
f 3117//3117 3104//3104 3101//3101
f 1410//1410 1411//1411 3121//3121
f 1411//1411 3115//3115 3121//3121
f 1411//1411 3117//3117 3115//3115
f 1412//1412 3104//3104 3117//3117
f 1412//1412 1415//1415 3104//3104
f 1415//1415 3111//3111 3104//3104
f 1412//1412 3117//3117 1411//1411
f 2866//2866 3109//3109 3126//3126
f 2729//2729 3109//3109 2866//2866
f 1417//1417 3109//3109 3111//3111
f 1417//1417 1419//1419 3109//3109
f 1419//1419 3126//3126 3109//3109
f 1791//1791 3126//3126 1933//1933
f 2866//2866 3126//3126 1791//1791
f 1933//1933 3126//3126 1419//1419
f 1419//1419 1424//1424 1933//1933
f 1417//1417 3111//3111 1415//1415
f 1410//1410 3130//3130 1426//1426
f 3121//3121 3130//3130 1410//1410
f 1426//1426 3130//3130 1430//1430
f 1439//1439 2038//2038 1441//1441
f 2042//2042 2038//2038 1439//1439
f 1439//1439 1445//1445 2042//2042
f 1452//1452 2042//2042 1445//1445
f 2054//2054 2042//2042 1452//1452
f 1459//1459 2054//2054 1452//1452
f 1586//1586 1585//1585 3233//3233
f 1587//1587 1586//1586 3233//3233
f 3233//3233 1588//1588 3240//3240
f 1585//1585 1588//1588 3233//3233
f 3240//3240 1589//1589 3244//3244
f 1588//1588 1589//1589 3240//3240
f 3246//3246 1587//1587 3240//3240
f 1587//1587 3233//3233 3240//3240
f 3246//3246 1590//1590 1587//1587
f 3246//3246 3244//3244 3248//3248
f 3240//3240 3244//3244 3246//3246
f 1590//1590 3246//3246 3251//3251
f 3251//3251 1591//1591 1590//1590
f 3251//3251 3248//3248 3283//3283
f 3246//3246 3248//3248 3251//3251
f 1592//1592 1591//1591 3251//3251
f 3232//3232 1592//1592 3283//3283
f 1592//1592 3251//3251 3283//3283
f 3232//3232 1416//1416 1592//1592
f 1589//1589 1593//1593 3292//3292
f 3292//3292 3244//3244 1589//1589
f 3292//3292 1593//1593 1594//1594
f 3244//3244 3292//3292 3295//3295
f 3295//3295 3248//3248 3244//3244
f 3298//3298 3295//3295 1595//1595
f 3295//3295 1594//1594 1595//1595
f 3295//3295 3292//3292 1594//1594
f 3298//3298 1595//1595 1596//1596
f 3248//3248 3295//3295 3303//3303
f 3303//3303 3283//3283 3248//3248
f 3295//3295 3298//3298 3306//3306
f 3306//3306 3303//3303 3295//3295
f 3232//3232 3303//3303 3237//3237
f 3283//3283 3303//3303 3232//3232
f 3237//3237 3306//3306 3242//3242
f 3303//3303 3306//3306 3237//3237
f 3306//3306 1596//1596 1597//1597
f 3298//3298 1596//1596 3306//3306
f 3306//3306 1597//1597 1444//1444
f 1444//1444 3242//3242 3306//3306
f 3456//3456 1141//1141 1149//1149
f 3453//3453 1141//1141 3456//3456
f 3039//3039 3030//3030 1150//1150
f 3030//3030 1149//1149 1150//1150
f 3030//3030 3456//3456 1149//1149
f 3030//3030 2917//2917 3456//3456
f 1150//1150 1151//1151 3461//3461
f 3461//3461 3039//3039 1150//1150
f 3461//3461 1151//1151 1114//1114
f 2002//2002 3482//3482 1886//1886
f 3482//3482 1854//1854 1886//1886
f 1854//1854 1859//1859 1886//1886
f 3482//3482 1845//1845 1854//1854
f 2654//2654 3490//3490 2646//2646
f 3490//3490 3482//3482 2646//2646
f 3482//3482 2002//2002 2646//2646
f 1650//1650 3494//3494 2787//2787
f 3494//3494 3490//3490 2787//2787
f 3490//3490 2654//2654 2787//2787
f 1735//1735 3499//3499 1686//1686
f 3499//3499 1650//1650 1686//1686
f 3499//3499 3494//3494 1650//1650
f 1771//1771 3432//3432 1745//1745
f 3432//3432 3499//3499 1745//1745
f 3499//3499 1735//1735 1745//1745
f 568//568 557//557 100//100
f 100//100 119//119 568//568
f 124//124 568//568 119//119
f 152//152 575//575 158//158
f 158//158 575//575 169//169
f 216//216 580//580 285//285
f 285//285 583//583 343//343
f 580//580 583//583 285//285
f 583//583 587//587 348//348
f 348//348 343//343 583//583
f 352//352 567//567 581//581
f 352//352 348//348 567//567
f 348//348 587//587 567//567
f 352//352 581//581 142//142
f 357//357 579//579 361//361
f 365//365 595//595 367//367
f 369//369 595//595 365//365
f 371//371 597//597 372//372
f 604//604 597//597 371//371
f 371//371 375//375 604//604
f 357//357 610//610 579//579
f 357//357 372//372 610//610
f 372//372 597//597 610//610
f 597//597 604//604 614//614
f 614//614 610//610 597//597
f 375//375 367//367 604//604
f 367//367 619//619 604//604
f 367//367 595//595 619//619
f 369//369 619//619 595//595
f 369//369 623//623 619//619
f 369//369 190//190 623//623
f 604//604 619//619 626//626
f 626//626 614//614 604//604
f 619//619 623//623 628//628
f 628//628 626//626 619//619
f 607//607 611//611 615//615
f 615//615 613//613 607//607
f 615//615 620//620 627//627
f 611//611 620//620 615//615
f 630//630 615//615 634//634
f 613//613 615//615 630//630
f 615//615 627//627 638//638
f 638//638 634//634 615//615
f 620//620 643//643 647//647
f 647//647 627//627 620//620
f 647//647 654//654 657//657
f 643//643 654//654 647//647
f 627//627 647//647 661//661
f 661//661 638//638 627//627
f 647//647 657//657 666//666
f 666//666 661//661 647//647
f 103//103 674//674 105//105
f 107//107 681//681 108//108
f 688//688 674//674 103//103
f 103//103 110//110 688//688
f 110//110 694//694 688//688
f 110//110 108//108 694//694
f 108//108 681//681 694//694
f 697//697 681//681 107//107
f 107//107 112//112 697//697
f 117//117 697//697 112//112
f 694//694 697//697 708//708
f 681//681 697//697 694//694
f 117//117 708//708 697//697
f 117//117 710//710 708//708
f 117//117 122//122 710//710
f 127//127 710//710 122//122
f 726//726 724//724 435//435
f 435//435 436//436 726//726
f 436//436 105//105 726//726
f 105//105 729//729 726//726
f 105//105 674//674 729//729
f 654//654 726//726 747//747
f 724//724 726//726 654//654
f 747//747 729//729 751//751
f 726//726 729//729 747//747
f 729//729 688//688 766//766
f 674//674 688//688 729//729
f 688//688 694//694 772//772
f 772//772 766//766 688//688
f 729//729 766//766 778//778
f 778//778 751//751 729//729
f 778//778 772//772 813//813
f 766//766 772//772 778//778
f 654//654 747//747 821//821
f 821//821 657//657 654//654
f 747//747 751//751 827//827
f 827//827 821//821 747//747
f 666//666 821//821 833//833
f 657//657 821//821 666//666
f 833//833 827//827 838//838
f 821//821 827//827 833//833
f 827//827 778//778 868//868
f 751//751 778//778 827//827
f 437//437 438//438 813//813
f 438//438 778//778 813//813
f 438//438 868//868 778//778
f 439//439 827//827 868//868
f 439//439 353//353 827//827
f 353//353 838//838 827//827
f 439//439 868//868 438//438
f 694//694 708//708 889//889
f 889//889 772//772 694//694
f 889//889 710//710 894//894
f 708//708 710//710 889//889
f 813//813 889//889 899//899
f 772//772 889//889 813//813
f 440//440 889//889 894//894
f 440//440 441//441 889//889
f 441//441 899//899 889//889
f 442//442 710//710 127//127
f 894//894 710//710 442//442
f 440//440 894//894 442//442
f 813//813 899//899 443//443
f 443//443 437//437 813//813
f 443//443 899//899 441//441
f 444//444 910//910 445//445
f 910//910 913//913 446//446
f 446//446 445//445 910//910
f 446//446 913//913 447//447
f 444//444 921//921 910//910
f 444//444 815//815 921//921
f 444//444 267//267 815//815
f 921//921 824//824 927//927
f 815//815 824//824 921//921
f 910//910 921//921 931//931
f 931//931 913//913 910//910
f 921//921 927//927 935//935
f 935//935 931//931 921//921
f 824//824 851//851 941//941
f 941//941 927//927 824//824
f 851//851 853//853 943//943
f 943//943 941//941 851//851
f 927//927 941//941 945//945
f 945//945 935//935 927//927
f 941//941 943//943 635//635
f 635//635 945//945 941//941
f 913//913 931//931 448//448
f 448//448 447//447 913//913
f 931//931 935//935 449//449
f 449//449 448//448 931//931
f 449//449 945//945 450//450
f 935//935 945//945 449//449
f 451//451 635//635 684//684
f 451//451 945//945 635//635
f 451//451 450//450 945//945
f 451//451 684//684 197//197
f 943//943 886//886 956//956
f 853//853 886//886 943//943
f 886//886 896//896 963//963
f 963//963 956//956 886//886
f 635//635 956//956 642//642
f 943//943 956//956 635//635
f 642//642 963//963 692//692
f 956//956 963//963 642//642
f 896//896 904//904 967//967
f 967//967 963//963 896//896
f 967//967 718//718 732//732
f 904//904 718//718 967//967
f 692//692 967//967 700//700
f 963//963 967//967 692//692
f 967//967 732//732 712//712
f 712//712 700//700 967//967
f 1625//1625 339//339 346//346
f 1612//1612 339//339 1625//1625
f 1642//1642 1625//1625 350//350
f 1625//1625 346//346 350//350
f 1642//1642 1634//1634 1625//1625
f 350//350 159//159 1646//1646
f 1646//1646 1642//1642 350//350
f 1650//1650 1683//1683 1690//1690
f 1690//1690 1686//1686 1650//1650
f 1683//1683 1699//1699 1705//1705
f 1705//1705 1690//1690 1683//1683
f 1686//1686 1690//1690 1737//1737
f 1737//1737 1735//1735 1686//1686
f 1690//1690 1705//1705 1740//1740
f 1740//1740 1737//1737 1690//1690
f 1745//1745 1737//1737 1751//1751
f 1735//1735 1737//1737 1745//1745
f 1737//1737 1740//1740 1757//1757
f 1757//1757 1751//1751 1737//1737
f 1771//1771 1751//1751 1781//1781
f 1745//1745 1751//1751 1771//1771
f 1751//1751 1757//1757 1783//1783
f 1783//1783 1781//1781 1751//1751
f 1699//1699 1787//1787 1789//1789
f 1789//1789 1705//1705 1699//1699
f 1789//1789 1634//1634 1810//1810
f 1787//1787 1634//1634 1789//1789
f 1705//1705 1789//1789 1814//1814
f 1814//1814 1740//1740 1705//1705
f 1789//1789 1810//1810 1816//1816
f 1816//1816 1814//1814 1789//1789
f 1634//1634 1642//1642 1820//1820
f 1820//1820 1810//1810 1634//1634
f 1642//1642 1646//1646 1833//1833
f 1833//1833 1820//1820 1642//1642
f 1810//1810 1820//1820 1842//1842
f 1842//1842 1816//1816 1810//1810
f 1820//1820 1833//1833 1848//1848
f 1848//1848 1842//1842 1820//1820
f 1740//1740 1814//1814 1853//1853
f 1853//1853 1757//1757 1740//1740
f 1853//1853 1816//1816 1891//1891
f 1814//1814 1816//1816 1853//1853
f 1757//1757 1853//1853 2463//2463
f 2463//2463 1783//1783 1757//1757
f 1853//1853 1891//1891 2465//2465
f 2465//2465 2463//2463 1853//1853
f 1891//1891 1842//1842 2475//2475
f 1816//1816 1842//1842 1891//1891
f 2475//2475 1848//1848 2482//2482
f 1842//1842 1848//1848 2475//2475
f 2465//2465 2475//2475 2512//2512
f 1891//1891 2475//2475 2465//2465
f 2512//2512 2482//2482 2516//2516
f 2475//2475 2482//2482 2512//2512
f 2223//2223 2522//2522 2530//2530
f 2530//2530 2527//2527 2223//2223
f 2530//2530 2532//2532 2556//2556
f 2522//2522 2532//2532 2530//2530
f 2560//2560 141//141 2530//2530
f 141//141 133//133 2530//2530
f 133//133 2527//2527 2530//2530
f 2560//2560 2556//2556 2568//2568
f 2530//2530 2556//2556 2560//2560
f 2556//2556 2572//2572 2586//2586
f 2532//2532 2572//2572 2556//2556
f 2586//2586 2587//2587 2590//2590
f 2572//2572 2587//2587 2586//2586
f 2568//2568 2586//2586 2594//2594
f 2556//2556 2586//2586 2568//2568
f 2586//2586 2590//2590 2602//2602
f 2602//2602 2594//2594 2586//2586
f 147//147 141//141 2560//2560
f 153//153 2560//2560 2568//2568
f 147//147 2560//2560 153//153
f 1646//1646 159//159 168//168
f 2607//2607 176//176 2594//2594
f 176//176 153//153 2594//2594
f 153//153 2568//2568 2594//2594
f 2607//2607 2602//2602 2615//2615
f 2594//2594 2602//2602 2607//2607
f 176//176 2607//2607 2621//2621
f 2621//2621 178//178 176//176
f 181//181 2621//2621 179//179
f 2621//2621 2607//2607 179//179
f 2607//2607 2615//2615 179//179
f 2590//2590 2633//2633 2689//2689
f 2587//2587 2633//2633 2590//2590
f 2633//2633 2636//2636 2699//2699
f 2699//2699 2689//2689 2633//2633
f 2590//2590 2689//2689 2715//2715
f 2715//2715 2602//2602 2590//2590
f 2715//2715 2699//2699 2719//2719
f 2689//2689 2699//2699 2715//2715
f 2699//2699 2640//2640 2724//2724
f 2636//2636 2640//2640 2699//2699
f 2724//2724 1638//1638 2617//2617
f 2640//2640 1638//1638 2724//2724
f 2719//2719 2724//2724 2730//2730
f 2699//2699 2724//2724 2719//2719
f 2724//2724 2617//2617 2656//2656
f 2656//2656 2730//2730 2724//2724
f 2602//2602 2715//2715 2756//2756
f 2756//2756 2615//2615 2602//2602
f 2756//2756 2719//2719 2761//2761
f 2715//2715 2719//2719 2756//2756
f 179//179 2615//2615 2756//2756
f 2756//2756 187//187 179//179
f 189//189 2756//2756 2761//2761
f 187//187 2756//2756 189//189
f 2761//2761 2730//2730 2768//2768
f 2719//2719 2730//2730 2761//2761
f 2730//2730 2656//2656 2698//2698
f 2698//2698 2768//2768 2730//2730
f 192//192 2761//2761 2768//2768
f 189//189 2761//2761 192//192
f 2711//2711 194//194 2698//2698
f 194//194 2768//2768 2698//2698
f 194//194 192//192 2768//2768
f 2771//2771 1833//1833 225//225
f 1833//1833 168//168 225//225
f 1833//1833 1646//1646 168//168
f 2771//2771 225//225 229//229
f 1848//1848 2771//2771 2775//2775
f 1833//1833 2771//2771 1848//1848
f 2771//2771 229//229 231//231
f 231//231 2775//2775 2771//2771
f 236//236 178//178 2621//2621
f 2621//2621 181//181 236//236
f 248//248 2482//2482 244//244
f 2482//2482 1848//1848 244//244
f 1848//1848 2775//2775 244//244
f 2775//2775 231//231 244//244
f 2482//2482 248//248 267//267
f 267//267 2516//2516 2482//2482
f 272//272 194//194 2711//2711
f 277//277 124//124 1716//1716
f 2801//2801 277//277 1733//1733
f 277//277 1716//1716 1733//1733
f 2801//2801 280//280 277//277
f 1733//1733 1736//1736 2324//2324
f 2324//2324 2801//2801 1733//1733
f 280//280 2801//2801 2814//2814
f 2814//2814 490//490 280//280
f 2814//2814 2324//2324 2352//2352
f 2801//2801 2324//2324 2814//2814
f 490//490 2814//2814 2831//2831
f 2831//2831 491//491 490//490
f 2831//2831 2352//2352 2364//2364
f 2814//2814 2352//2352 2831//2831
f 492//492 2831//2831 2024//2024
f 491//491 2831//2831 492//492
f 2831//2831 2364//2364 2044//2044
f 2044//2044 2024//2024 2831//2831
f 447//447 448//448 2086//2086
f 2086//2086 2083//2083 447//447
f 2086//2086 449//449 2088//2088
f 448//448 449//449 2086//2086
f 2083//2083 2086//2086 2106//2106
f 2106//2106 2100//2100 2083//2083
f 2106//2106 2088//2088 2112//2112
f 2086//2086 2088//2088 2106//2106
f 449//449 450//450 2119//2119
f 2119//2119 2088//2088 449//449
f 2119//2119 450//450 451//451
f 2088//2088 2119//2119 2123//2123
f 2123//2123 2112//2112 2088//2088
f 2133//2133 2123//2123 197//197
f 2123//2123 451//451 197//197
f 2123//2123 2119//2119 451//451
f 197//197 201//201 2143//2143
f 2143//2143 2133//2133 197//197
f 2143//2143 204//204 2148//2148
f 201//201 204//204 2143//2143
f 204//204 209//209 2157//2157
f 2157//2157 2148//2148 204//204
f 2157//2157 259//259 2164//2164
f 209//209 259//259 2157//2157
f 2172//2172 2106//2106 2174//2174
f 2100//2100 2106//2106 2172//2172
f 2174//2174 2112//2112 2182//2182
f 2106//2106 2112//2112 2174//2174
f 2189//2189 2174//2174 2194//2194
f 2172//2172 2174//2174 2189//2189
f 2194//2194 2182//2182 2197//2197
f 2174//2174 2182//2182 2194//2194
f 2182//2182 2123//2123 2202//2202
f 2112//2112 2123//2123 2182//2182
f 2202//2202 2133//2133 2206//2206
f 2123//2123 2133//2133 2202//2202
f 2197//2197 2202//2202 2211//2211
f 2182//2182 2202//2202 2197//2197
f 2211//2211 2206//2206 2214//2214
f 2202//2202 2206//2206 2211//2211
f 2206//2206 2143//2143 2220//2220
f 2133//2133 2143//2143 2206//2206
f 2220//2220 2148//2148 2226//2226
f 2143//2143 2148//2148 2220//2220
f 2214//2214 2220//2220 2232//2232
f 2206//2206 2220//2220 2214//2214
f 1413//1413 1429//1429 2226//2226
f 1429//1429 2220//2220 2226//2226
f 1429//1429 2232//2232 2220//2220
f 2148//2148 2157//2157 2243//2243
f 2243//2243 2226//2226 2148//2148
f 2157//2157 2164//2164 2248//2248
f 2248//2248 2243//2243 2157//2157
f 2226//2226 2243//2243 1434//1434
f 1434//1434 1413//1413 2226//2226
f 2243//2243 2248//2248 1437//1437
f 1437//1437 1434//1434 2243//2243
f 263//263 261//261 2258//2258
f 261//261 312//312 2264//2264
f 2264//2264 2258//2258 261//261
f 2266//2266 263//263 2258//2258
f 2266//2266 259//259 263//263
f 2266//2266 2164//2164 259//259
f 2258//2258 2264//2264 2268//2268
f 2268//2268 2266//2266 2258//2258
f 312//312 316//316 2271//2271
f 2271//2271 2264//2264 312//312
f 316//316 318//318 2293//2293
f 2293//2293 2271//2271 316//316
f 2264//2264 2271//2271 2310//2310
f 2310//2310 2268//2268 2264//2264
f 2271//2271 2293//2293 2312//2312
f 2312//2312 2310//2310 2271//2271
f 320//320 319//319 2314//2314
f 319//319 322//322 2320//2320
f 2320//2320 2314//2314 319//319
f 322//322 324//324 2325//2325
f 2325//2325 2320//2320 322//322
f 324//324 327//327 2374//2374
f 2374//2374 2325//2325 324//324
f 2379//2379 320//320 2314//2314
f 2379//2379 2293//2293 320//320
f 2293//2293 318//318 320//320
f 2314//2314 2320//2320 2381//2381
f 2381//2381 2379//2379 2314//2314
f 2293//2293 2379//2379 2382//2382
f 2382//2382 2312//2312 2293//2293
f 2382//2382 2381//2381 2389//2389
f 2379//2379 2381//2381 2382//2382
f 2381//2381 2325//2325 2393//2393
f 2320//2320 2325//2325 2381//2381
f 2325//2325 2374//2374 2395//2395
f 2395//2395 2393//2393 2325//2325
f 2389//2389 2393//2393 2412//2412
f 2381//2381 2393//2393 2389//2389
f 2412//2412 2395//2395 2417//2417
f 2393//2393 2395//2395 2412//2412
f 2164//2164 2266//2266 2433//2433
f 2433//2433 2248//2248 2164//2164
f 2266//2266 2268//2268 2438//2438
f 2438//2438 2433//2433 2266//2266
f 2248//2248 2433//2433 1449//1449
f 1449//1449 1437//1437 2248//2248
f 1449//1449 2438//2438 1455//1455
f 2433//2433 2438//2438 1449//1449
f 2438//2438 2310//2310 2446//2446
f 2268//2268 2310//2310 2438//2438
f 2446//2446 2312//2312 2451//2451
f 2310//2310 2312//2312 2446//2446
f 1457//1457 2446//2446 2456//2456
f 1457//1457 1455//1455 2446//2446
f 1455//1455 2438//2438 2446//2446
f 2456//2456 2451//2451 2460//2460
f 2446//2446 2451//2451 2456//2456
f 2451//2451 2382//2382 2464//2464
f 2312//2312 2382//2382 2451//2451
f 2464//2464 2389//2389 2469//2469
f 2382//2382 2389//2389 2464//2464
f 2460//2460 2464//2464 2525//2525
f 2451//2451 2464//2464 2460//2460
f 2525//2525 2469//2469 2610//2610
f 2464//2464 2469//2469 2525//2525
f 2469//2469 2412//2412 2619//2619
f 2389//2389 2412//2412 2469//2469
f 2619//2619 2417//2417 2625//2625
f 2412//2412 2417//2417 2619//2619
f 2610//2610 2619//2619 2627//2627
f 2469//2469 2619//2619 2610//2610
f 2627//2627 2625//2625 2630//2630
f 2619//2619 2625//2625 2627//2627
f 337//337 334//334 2634//2634
f 334//334 342//342 2637//2637
f 2637//2637 2634//2634 334//334
f 2641//2641 337//337 2634//2634
f 2641//2641 327//327 337//337
f 2641//2641 2374//2374 327//327
f 2634//2634 2637//2637 2647//2647
f 2647//2647 2641//2641 2634//2634
f 2657//2657 353//353 2494//2494
f 2657//2657 342//342 353//353
f 2657//2657 2637//2637 342//342
f 2494//2494 2504//2504 2672//2672
f 2672//2672 2657//2657 2494//2494
f 2637//2637 2657//2657 2704//2704
f 2704//2704 2647//2647 2637//2637
f 2657//2657 2672//2672 2767//2767
f 2767//2767 2704//2704 2657//2657
f 2374//2374 2641//2641 2772//2772
f 2772//2772 2395//2395 2374//2374
f 2641//2641 2647//2647 2776//2776
f 2776//2776 2772//2772 2641//2641
f 2417//2417 2772//2772 2779//2779
f 2395//2395 2772//2772 2417//2417
f 2779//2779 2776//2776 2526//2526
f 2772//2772 2776//2776 2779//2779
f 2776//2776 2704//2704 2782//2782
f 2647//2647 2704//2704 2776//2776
f 2704//2704 2767//2767 2784//2784
f 2784//2784 2782//2782 2704//2704
f 2526//2526 2782//2782 2528//2528
f 2776//2776 2782//2782 2526//2526
f 2528//2528 2784//2784 2540//2540
f 2782//2782 2784//2784 2528//2528
f 2504//2504 2575//2575 2796//2796
f 2796//2796 2672//2672 2504//2504
f 2796//2796 2577//2577 2802//2802
f 2575//2575 2577//2577 2796//2796
f 2767//2767 2796//2796 2807//2807
f 2672//2672 2796//2796 2767//2767
f 2807//2807 2802//2802 2811//2811
f 2796//2796 2802//2802 2807//2807
f 2577//2577 2588//2588 2816//2816
f 2816//2816 2802//2802 2577//2577
f 2588//2588 2589//2589 2821//2821
f 2821//2821 2816//2816 2588//2588
f 2811//2811 2816//2816 2829//2829
f 2802//2802 2816//2816 2811//2811
f 2829//2829 2821//2821 2833//2833
f 2816//2816 2821//2821 2829//2829
f 2767//2767 2807//2807 2843//2843
f 2843//2843 2784//2784 2767//2767
f 2807//2807 2811//2811 2848//2848
f 2848//2848 2843//2843 2807//2807
f 2784//2784 2843//2843 2576//2576
f 2576//2576 2540//2540 2784//2784
f 2843//2843 2848//2848 2581//2581
f 2581//2581 2576//2576 2843//2843
f 2848//2848 2829//2829 2856//2856
f 2811//2811 2829//2829 2848//2848
f 2856//2856 2833//2833 2859//2859
f 2829//2829 2833//2833 2856//2856
f 2848//2848 2856//2856 2603//2603
f 2603//2603 2581//2581 2848//2848
f 2603//2603 2859//2859 2612//2612
f 2856//2856 2859//2859 2603//2603
f 2625//2625 2779//2779 2861//2861
f 2417//2417 2779//2779 2625//2625
f 2861//2861 2526//2526 2531//2531
f 2779//2779 2526//2526 2861//2861
f 2630//2630 2861//2861 2863//2863
f 2625//2625 2861//2861 2630//2630
f 2863//2863 2531//2531 2545//2545
f 2861//2861 2531//2531 2863//2863
f 1435//1435 1656//1656 1644//1644
f 1435//1435 1443//1443 1656//1656
f 1443//1443 1657//1657 1656//1656
f 1450//1450 1657//1657 1443//1443
f 1656//1656 1657//1657 1666//1666
f 1666//1666 1661//1661 1656//1656
f 1450//1450 1666//1666 1657//1657
f 1450//1450 1454//1454 1666//1666
f 1454//1454 1674//1674 1666//1666
f 1460//1460 1680//1680 1462//1462
f 1702//1702 1728//1728 1469//1469
f 1469//1469 1465//1465 1702//1702
f 1702//1702 1793//1793 1826//1826
f 1826//1826 1728//1728 1702//1702
f 1460//1460 1836//1836 1680//1680
f 1460//1460 1728//1728 1836//1836
f 1460//1460 1469//1469 1728//1728
f 1728//1728 1826//1826 1839//1839
f 1839//1839 1836//1836 1728//1728
f 1462//1462 1846//1846 1472//1472
f 1680//1680 1846//1846 1462//1462
f 1478//1478 1674//1674 1454//1454
f 1846//1846 1851//1851 1480//1480
f 1480//1480 1472//1472 1846//1846
f 1846//1846 1836//1836 1855//1855
f 1680//1680 1836//1836 1846//1846
f 134//134 1836//1836 130//130
f 1836//1836 1839//1839 130//130
f 134//134 1855//1855 1836//1836
f 1846//1846 1855//1855 1864//1864
f 1864//1864 1851//1851 1846//1846
f 1864//1864 134//134 136//136
f 1855//1855 134//134 1864//1864
f 142//142 143//143 1878//1878
f 1878//1878 1875//1875 142//142
f 1878//1878 148//148 1882//1882
f 143//143 148//148 1878//1878
f 1882//1882 151//151 1888//1888
f 148//148 151//151 1882//1882
f 151//151 157//157 1890//1890
f 1890//1890 1888//1888 151//151
f 1875//1875 1878//1878 1897//1897
f 1897//1897 1895//1895 1875//1875
f 1878//1878 1882//1882 1900//1900
f 1900//1900 1897//1897 1878//1878
f 1905//1905 1897//1897 1908//1908
f 1895//1895 1897//1897 1905//1905
f 1908//1908 1900//1900 1911//1911
f 1897//1897 1900//1900 1908//1908
f 1882//1882 1888//1888 1913//1913
f 1913//1913 1900//1900 1882//1882
f 1913//1913 1890//1890 1916//1916
f 1888//1888 1890//1890 1913//1913
f 1911//1911 1913//1913 1919//1919
f 1900//1900 1913//1913 1911//1911
f 1919//1919 1916//1916 1921//1921
f 1913//1913 1916//1916 1919//1919
f 166//166 161//161 1925//1925
f 157//157 172//172 1929//1929
f 1929//1929 1890//1890 157//157
f 1931//1931 166//166 1925//1925
f 1931//1931 172//172 166//166
f 1931//1931 1929//1929 172//172
f 1947//1947 180//180 1938//1938
f 1947//1947 161//161 180//180
f 1947//1947 1925//1925 161//161
f 1938//1938 1951//1951 1956//1956
f 1956//1956 1947//1947 1938//1938
f 1925//1925 1947//1947 1960//1960
f 1960//1960 1931//1931 1925//1925
f 1947//1947 1956//1956 1965//1965
f 1965//1965 1960//1960 1947//1947
f 1890//1890 1929//1929 1968//1968
f 1968//1968 1916//1916 1890//1890
f 1929//1929 1931//1931 1972//1972
f 1972//1972 1968//1968 1929//1929
f 1916//1916 1968//1968 1975//1975
f 1975//1975 1921//1921 1916//1916
f 1968//1968 1972//1972 1977//1977
f 1977//1977 1975//1975 1968//1968
f 1931//1931 1960//1960 1979//1979
f 1979//1979 1972//1972 1931//1931
f 1960//1960 1965//1965 1981//1981
f 1981//1981 1979//1979 1960//1960
f 1972//1972 1979//1979 1984//1984
f 1984//1984 1977//1977 1972//1972
f 1979//1979 1981//1981 1989//1989
f 1989//1989 1984//1984 1979//1979
f 1993//1993 1908//1908 1995//1995
f 1905//1905 1908//1908 1993//1993
f 1995//1995 1911//1911 2001//2001
f 1908//1908 1911//1911 1995//1995
f 2005//2005 1995//1995 2008//2008
f 1993//1993 1995//1995 2005//2005
f 2008//2008 2001//2001 2012//2012
f 1995//1995 2001//2001 2008//2008
f 1911//1911 1919//1919 2120//2120
f 2120//2120 2001//2001 1911//1911
f 1919//1919 1921//1921 2127//2127
f 2127//2127 2120//2120 1919//1919
f 2012//2012 2120//2120 2134//2134
f 2001//2001 2120//2120 2012//2012
f 2134//2134 2127//2127 2139//2139
f 2120//2120 2127//2127 2134//2134
f 198//198 2005//2005 2008//2008
f 190//190 2005//2005 198//198
f 2146//2146 198//198 2012//2012
f 198//198 2008//2008 2012//2012
f 2146//2146 203//203 198//198
f 203//203 2146//2146 2156//2156
f 2156//2156 206//206 203//203
f 2146//2146 2134//2134 2162//2162
f 2012//2012 2134//2134 2146//2146
f 2162//2162 2139//2139 2166//2166
f 2134//2134 2139//2139 2162//2162
f 2156//2156 2162//2162 2177//2177
f 2146//2146 2162//2162 2156//2156
f 2177//2177 2166//2166 2181//2181
f 2162//2162 2166//2166 2177//2177
f 1921//1921 1975//1975 2198//2198
f 2198//2198 2127//2127 1921//1921
f 2198//2198 1977//1977 2199//2199
f 1975//1975 1977//1977 2198//2198
f 2127//2127 2198//2198 2201//2201
f 2201//2201 2139//2139 2127//2127
f 2198//2198 2199//2199 2204//2204
f 2204//2204 2201//2201 2198//2198
f 1977//1977 1984//1984 2207//2207
f 2207//2207 2199//2199 1977//1977
f 1984//1984 1989//1989 2212//2212
f 2212//2212 2207//2207 1984//1984
f 2204//2204 2207//2207 2221//2221
f 2199//2199 2207//2207 2204//2204
f 2221//2221 2212//2212 2224//2224
f 2207//2207 2212//2212 2221//2221
f 2139//2139 2201//2201 2228//2228
f 2228//2228 2166//2166 2139//2139
f 2228//2228 2204//2204 2229//2229
f 2201//2201 2204//2204 2228//2228
f 2166//2166 2228//2228 2237//2237
f 2237//2237 2181//2181 2166//2166
f 2237//2237 2229//2229 2245//2245
f 2228//2228 2229//2229 2237//2237
f 2229//2229 2221//2221 2249//2249
f 2204//2204 2221//2221 2229//2229
f 2249//2249 2224//2224 2253//2253
f 2221//2221 2224//2224 2249//2249
f 2245//2245 2249//2249 2257//2257
f 2229//2229 2249//2249 2245//2245
f 2257//2257 2253//2253 2299//2299
f 2249//2249 2253//2253 2257//2257
f 1951//1951 2074//2074 2305//2305
f 2305//2305 1956//1956 1951//1951
f 2074//2074 1661//1661 2380//2380
f 2380//2380 2305//2305 2074//2074
f 1956//1956 2305//2305 2385//2385
f 2385//2385 1965//1965 1956//1956
f 2305//2305 2380//2380 2422//2422
f 2422//2422 2385//2385 2305//2305
f 1661//1661 1666//1666 2426//2426
f 2426//2426 2380//2380 1661//1661
f 1666//1666 1674//1674 2430//2430
f 2430//2430 2426//2426 1666//1666
f 2422//2422 2426//2426 2436//2436
f 2380//2380 2426//2426 2422//2422
f 2426//2426 2430//2430 2441//2441
f 2441//2441 2436//2436 2426//2426
f 1981//1981 2385//2385 2548//2548
f 1965//1965 2385//2385 1981//1981
f 2548//2548 2422//2422 2553//2553
f 2385//2385 2422//2422 2548//2548
f 1981//1981 2548//2548 2566//2566
f 2566//2566 1989//1989 1981//1981
f 2566//2566 2553//2553 2573//2573
f 2548//2548 2553//2553 2566//2566
f 2553//2553 2436//2436 2580//2580
f 2422//2422 2436//2436 2553//2553
f 2436//2436 2441//2441 2609//2609
f 2609//2609 2580//2580 2436//2436
f 2573//2573 2580//2580 2614//2614
f 2553//2553 2580//2580 2573//2573
f 2614//2614 2609//2609 1857//1857
f 2580//2580 2609//2609 2614//2614
f 1478//1478 2430//2430 1674//1674
f 1478//1478 1496//1496 2430//2430
f 1496//1496 2622//2622 2430//2430
f 1496//1496 2628//2628 2622//2622
f 1496//1496 1480//1480 2628//2628
f 1480//1480 1851//1851 2628//2628
f 2430//2430 2622//2622 2632//2632
f 2632//2632 2441//2441 2430//2430
f 2622//2622 2628//2628 2635//2635
f 2635//2635 2632//2632 2622//2622
f 1851//1851 1864//1864 2638//2638
f 2638//2638 2628//2628 1851//1851
f 2137//2137 2638//2638 191//191
f 2638//2638 1864//1864 191//191
f 1864//1864 136//136 191//191
f 2628//2628 2638//2638 2753//2753
f 2753//2753 2635//2635 2628//2628
f 2753//2753 2137//2137 2151//2151
f 2638//2638 2137//2137 2753//2753
f 2441//2441 2632//2632 2778//2778
f 2778//2778 2609//2609 2441//2441
f 2778//2778 2635//2635 2785//2785
f 2632//2632 2635//2635 2778//2778
f 2609//2609 2778//2778 1863//1863
f 1863//1863 1857//1857 2609//2609
f 1863//1863 2785//2785 1876//1876
f 2778//2778 2785//2785 1863//1863
f 2785//2785 2753//2753 2793//2793
f 2635//2635 2753//2753 2785//2785
f 213//213 2753//2753 195//195
f 2753//2753 2151//2151 195//195
f 213//213 2793//2793 2753//2753
f 1876//1876 2793//2793 1893//1893
f 2785//2785 2793//2793 1876//1876
f 2793//2793 213//213 226//226
f 226//226 1893//1893 2793//2793
f 1989//1989 2566//2566 3208//3208
f 3208//3208 2212//2212 1989//1989
f 3208//3208 2573//2573 3209//3209
f 2566//2566 2573//2573 3208//3208
f 2224//2224 3208//3208 3210//3210
f 2212//2212 3208//3208 2224//2224
f 3208//3208 3209//3209 1775//1775
f 1775//1775 3210//3210 3208//3208
f 3209//3209 2614//2614 3211//3211
f 2573//2573 2614//2614 3209//3209
f 2614//2614 1857//1857 1869//1869
f 1869//1869 3211//3211 2614//2614
f 1775//1775 3211//3211 1779//1779
f 3209//3209 3211//3211 1775//1775
f 1779//1779 1869//1869 1821//1821
f 3211//3211 1869//1869 1779//1779
f 2253//2253 3210//3210 3212//3212
f 2224//2224 3210//3210 2253//2253
f 3210//3210 1775//1775 1782//1782
f 1782//1782 3212//3212 3210//3210
f 2253//2253 3212//3212 2953//2953
f 2953//2953 2299//2299 2253//2253
f 2953//2953 1782//1782 1835//1835
f 3212//3212 1782//1782 2953//2953
f 1438//1438 1432//1432 3231//3231
f 1432//1432 1448//1448 3236//3236
f 3236//3236 3231//3231 1432//1432
f 1466//1466 1461//1461 3243//3243
f 1474//1474 1470//1470 3249//3249
f 3253//3253 1466//1466 3243//3243
f 3253//3253 1470//1470 1466//1466
f 3253//3253 3249//3249 1470//1470
f 1486//1486 1483//1483 3255//3255
f 1495//1495 1486//1486 3255//3255
f 3260//3260 1474//1474 3249//3249
f 3260//3260 3255//3255 1474//1474
f 3255//3255 1483//1483 1474//1474
f 3249//3249 3253//3253 3262//3262
f 3262//3262 3260//3260 3249//3249
f 3264//3264 1527//1527 3260//3260
f 1527//1527 1495//1495 3260//3260
f 1495//1495 3255//3255 3260//3260
f 3264//3264 3262//3262 3267//3267
f 3260//3260 3262//3262 3264//3264
f 3274//3274 1461//1461 3272//3272
f 1461//1461 1532//1532 3272//3272
f 3274//3274 3243//3243 1461//1461
f 3274//3274 3276//3276 3277//3277
f 3272//3272 3276//3276 3274//3274
f 3243//3243 3274//3274 3281//3281
f 3281//3281 3253//3253 3243//3243
f 3274//3274 3277//3277 3284//3284
f 3284//3284 3281//3281 3274//3274
f 3277//3277 1534//1534 1537//1537
f 3276//3276 1534//1534 3277//3277
f 3284//3284 1537//1537 1538//1538
f 3277//3277 1537//1537 3284//3284
f 3262//3262 3281//3281 3289//3289
f 3253//3253 3281//3281 3262//3262
f 3281//3281 3284//3284 3294//3294
f 3294//3294 3289//3289 3281//3281
f 3267//3267 3289//3289 3300//3300
f 3262//3262 3289//3289 3267//3267
f 3300//3300 3294//3294 3305//3305
f 3289//3289 3294//3294 3300//3300
f 3294//3294 1538//1538 1541//1541
f 3284//3284 1538//1538 3294//3294
f 3313//3313 3305//3305 1544//1544
f 3305//3305 3294//3294 1544//1544
f 3294//3294 1541//1541 1544//1544
f 3313//3313 1544//1544 1550//1550
f 1555//1555 1527//1527 3264//3264
f 1556//1556 3264//3264 3267//3267
f 1555//1555 3264//3264 1556//1556
f 1448//1448 1557//1557 3238//3238
f 3238//3238 3236//3236 1448//1448
f 3238//3238 1557//1557 1508//1508
f 1514//1514 1559//1559 3245//3245
f 3325//3325 1560//1560 3300//3300
f 1560//1560 1556//1556 3300//3300
f 1556//1556 3267//3267 3300//3300
f 3300//3300 3305//3305 3329//3329
f 3329//3329 3325//3325 3300//3300
f 1560//1560 3325//3325 3332//3332
f 3332//3332 1562//1562 1560//1560
f 3332//3332 3329//3329 3333//3333
f 3325//3325 3329//3329 3332//3332
f 1563//1563 3332//3332 3336//3336
f 1562//1562 3332//3332 1563//1563
f 3332//3332 3333//3333 3338//3338
f 3338//3338 3336//3336 3332//3332
f 3252//3252 1563//1563 3336//3336
f 3252//3252 1559//1559 1563//1563
f 3252//3252 3245//3245 1559//1559
f 1521//1521 3252//3252 1564//1564
f 3252//3252 3336//3336 1564//1564
f 3336//3336 3338//3338 1564//1564
f 2727//2727 3448//3448 2596//2596
f 3448//3448 3432//3432 2596//2596
f 3432//3432 1771//1771 2596//2596
f 3181//3181 3454//3454 2741//2741
f 3454//3454 3448//3448 2741//2741
f 3448//3448 2727//2727 2741//2741
f 3454//3454 3181//3181 3463//3463
f 3463//3463 3459//3459 3454//3454
f 3203//3203 3463//3463 3200//3200
f 3463//3463 3183//3183 3200//3200
f 3183//3183 3184//3184 3200//3200
f 3463//3463 3181//3181 3183//3183
f 3459//3459 3463//3463 3477//3477
f 3477//3477 3467//3467 3459//3459
f 3477//3477 3203//3203 3480//3480
f 3463//3463 3203//3203 3477//3477
f 3548//3548 3204//3204 3205//3205
f 3548//3548 3480//3480 3204//3204
f 3480//3480 3203//3203 3204//3204
f 3549//3549 3207//3207 2189//2189
f 3549//3549 3548//3548 3207//3207
f 3548//3548 3205//3205 3207//3207
f 3550//3550 2194//2194 2197//2197
f 3550//3550 3549//3549 2194//2194
f 3549//3549 2189//2189 2194//2194
f 3551//3551 2211//2211 2214//2214
f 3551//3551 3550//3550 2211//2211
f 3550//3550 2197//2197 2211//2211
f 3552//3552 1429//1429 3271//3271
f 3552//3552 2232//2232 1429//1429
f 3552//3552 3551//3551 2232//2232
f 3551//3551 2214//2214 2232//2232
f 3553//3553 3287//3287 3288//3288
f 3553//3553 3552//3552 3287//3287
f 3552//3552 3271//3271 3287//3287
f 3554//3554 3477//3477 3555//3555
f 3467//3467 3477//3477 3554//3554
f 3555//3555 3480//3480 3556//3556
f 3477//3477 3480//3480 3555//3555
f 3557//3557 3555//3555 3558//3558
f 3554//3554 3555//3555 3557//3557
f 3555//3555 3556//3556 3559//3559
f 3559//3559 3558//3558 3555//3555
f 3556//3556 3548//3548 3560//3560
f 3480//3480 3548//3548 3556//3556
f 3548//3548 3549//3549 3561//3561
f 3561//3561 3560//3560 3548//3548
f 3556//3556 3560//3560 3562//3562
f 3562//3562 3559//3559 3556//3556
f 3560//3560 3561//3561 3563//3563
f 3563//3563 3562//3562 3560//3560
f 3557//3557 3558//3558 3565//3565
f 3565//3565 3564//3564 3557//3557
f 3558//3558 3559//3559 3566//3566
f 3566//3566 3565//3565 3558//3558
f 3564//3564 3565//3565 3568//3568
f 3568//3568 3567//3567 3564//3564
f 3565//3565 3566//3566 3569//3569
f 3569//3569 3568//3568 3565//3565
f 3559//3559 3562//3562 3570//3570
f 3570//3570 3566//3566 3559//3559
f 3562//3562 3563//3563 3571//3571
f 3571//3571 3570//3570 3562//3562
f 3566//3566 3570//3570 3572//3572
f 3572//3572 3569//3569 3566//3566
f 3570//3570 3571//3571 3573//3573
f 3573//3573 3572//3572 3570//3570
f 3549//3549 3550//3550 3574//3574
f 3574//3574 3561//3561 3549//3549
f 3550//3550 3551//3551 3575//3575
f 3575//3575 3574//3574 3550//3550
f 3561//3561 3574//3574 3576//3576
f 3576//3576 3563//3563 3561//3561
f 3574//3574 3575//3575 3577//3577
f 3577//3577 3576//3576 3574//3574
f 3551//3551 3552//3552 3578//3578
f 3578//3578 3575//3575 3551//3551
f 3552//3552 3553//3553 3579//3579
f 3579//3579 3578//3578 3552//3552
f 3575//3575 3578//3578 3580//3580
f 3580//3580 3577//3577 3575//3575
f 3580//3580 3579//3579 3581//3581
f 3578//3578 3579//3579 3580//3580
f 3563//3563 3576//3576 3582//3582
f 3582//3582 3571//3571 3563//3563
f 3576//3576 3577//3577 3583//3583
f 3583//3583 3582//3582 3576//3576
f 3571//3571 3582//3582 3584//3584
f 3584//3584 3573//3573 3571//3571
f 3582//3582 3583//3583 3585//3585
f 3585//3585 3584//3584 3582//3582
f 3577//3577 3580//3580 3586//3586
f 3586//3586 3583//3583 3577//3577
f 3586//3586 3581//3581 3587//3587
f 3580//3580 3581//3581 3586//3586
f 3585//3585 3586//3586 3588//3588
f 3583//3583 3586//3586 3585//3585
f 3588//3588 3587//3587 3589//3589
f 3586//3586 3587//3587 3588//3588
f 3590//3590 3293//3293 3296//3296
f 3590//3590 3553//3553 3293//3293
f 3553//3553 3288//3288 3293//3293
f 3591//3591 2456//2456 2460//2460
f 3591//3591 3590//3590 2456//2456
f 3590//3590 1457//1457 2456//2456
f 3590//3590 3296//3296 1457//1457
f 3592//3592 2525//2525 2610//2610
f 3592//3592 3591//3591 2525//2525
f 3591//3591 2460//2460 2525//2525
f 3593//3593 2610//2610 2630//2630
f 2610//2610 2627//2627 2630//2630
f 3593//3593 3592//3592 2610//2610
f 3594//3594 2863//2863 2545//2545
f 3594//3594 3593//3593 2863//2863
f 3593//3593 2630//2630 2863//2863
f 3450//3450 2554//2554 2565//2565
f 3450//3450 3594//3594 2554//2554
f 3594//3594 2545//2545 2554//2554
f 3472//3472 2595//2595 2598//2598
f 3472//3472 3450//3450 2595//2595
f 3450//3450 2565//2565 2595//2595
f 3485//3485 2653//2653 2658//2658
f 3485//3485 3472//3472 2653//2653
f 3472//3472 2598//2598 2653//2653
f 3579//3579 3590//3590 3595//3595
f 3553//3553 3590//3590 3579//3579
f 3590//3590 3591//3591 3596//3596
f 3596//3596 3595//3595 3590//3590
f 3581//3581 3595//3595 3597//3597
f 3579//3579 3595//3595 3581//3581
f 3595//3595 3596//3596 3598//3598
f 3598//3598 3597//3597 3595//3595
f 3591//3591 3592//3592 3599//3599
f 3599//3599 3596//3596 3591//3591
f 3592//3592 3593//3593 3600//3600
f 3600//3600 3599//3599 3592//3592
f 3596//3596 3599//3599 3601//3601
f 3601//3601 3598//3598 3596//3596
f 3599//3599 3600//3600 3503//3503
f 3503//3503 3601//3601 3599//3599
f 3587//3587 3597//3597 3602//3602
f 3581//3581 3597//3597 3587//3587
f 3597//3597 3598//3598 3603//3603
f 3603//3603 3602//3602 3597//3597
f 3589//3589 3602//3602 3604//3604
f 3587//3587 3602//3602 3589//3589
f 3602//3602 3603//3603 3605//3605
f 3605//3605 3604//3604 3602//3602
f 3598//3598 3601//3601 3606//3606
f 3606//3606 3603//3603 3598//3598
f 3601//3601 3503//3503 3507//3507
f 3507//3507 3606//3606 3601//3601
f 3603//3603 3606//3606 3607//3607
f 3607//3607 3605//3605 3603//3603
f 3606//3606 3507//3507 3516//3516
f 3516//3516 3607//3607 3606//3606
f 3600//3600 3594//3594 3608//3608
f 3593//3593 3594//3594 3600//3600
f 3608//3608 3450//3450 3476//3476
f 3594//3594 3450//3450 3608//3608
f 3600//3600 3608//3608 3504//3504
f 3504//3504 3503//3503 3600//3600
f 3504//3504 3476//3476 3495//3495
f 3608//3608 3476//3476 3504//3504
f 101//101 554//554 98//98
f 558//558 554//554 101//101
f 115//115 558//558 101//101
f 569//569 558//558 572//572
f 554//554 558//558 569//569
f 572//572 558//558 115//115
f 115//115 121//121 572//572
f 171//171 577//577 177//177
f 177//177 577//577 182//182
f 171//171 586//586 577//577
f 171//171 185//185 586//586
f 185//185 582//582 586//586
f 586//586 589//589 590//590
f 582//582 589//589 586//586
f 577//577 586//586 193//193
f 193//193 182//182 577//577
f 586//586 590//590 208//208
f 208//208 193//193 586//586
f 589//589 598//598 600//600
f 600//600 590//590 589//589
f 598//598 669//669 721//721
f 721//721 600//600 598//598
f 590//590 600//600 212//212
f 212//212 208//208 590//590
f 215//215 721//721 727//727
f 215//215 212//212 721//721
f 212//212 600//600 721//721
f 669//669 730//730 734//734
f 734//734 721//721 669//669
f 734//734 735//735 739//739
f 730//730 735//735 734//734
f 721//721 734//734 742//742
f 742//742 727//727 721//721
f 217//217 734//734 739//739
f 217//217 218//218 734//734
f 218//218 742//742 734//734
f 215//215 727//727 221//221
f 727//727 742//742 223//223
f 223//223 221//221 727//727
f 223//223 742//742 218//218
f 228//228 564//564 99//99
f 646//646 564//564 228//228
f 228//228 233//233 646//646
f 651//651 646//646 233//233
f 233//233 238//238 651//651
f 245//245 752//752 250//250
f 253//253 651//651 238//238
f 664//664 651//651 253//253
f 253//253 250//250 664//664
f 250//250 682//682 664//664
f 250//250 752//752 682//682
f 184//184 273//273 648//648
f 273//273 761//761 648//648
f 761//761 758//758 648//648
f 767//767 761//761 273//273
f 273//273 282//282 767//767
f 775//775 761//761 779//779
f 758//758 761//761 775//775
f 779//779 767//767 782//782
f 761//761 767//767 779//779
f 288//288 767//767 282//282
f 288//288 782//782 767//767
f 288//288 786//786 782//782
f 288//288 296//296 786//786
f 790//790 786//786 296//296
f 296//296 317//317 790//790
f 775//775 779//779 799//799
f 799//799 794//794 775//775
f 779//779 782//782 803//803
f 803//803 799//799 779//779
f 825//825 799//799 845//845
f 794//794 799//799 825//825
f 845//845 803//803 900//900
f 799//799 803//803 845//845
f 803//803 786//786 907//907
f 782//782 786//786 803//803
f 907//907 790//790 909//909
f 786//786 790//790 907//907
f 803//803 907//907 912//912
f 912//912 900//900 803//803
f 907//907 909//909 916//916
f 916//916 912//912 907//907
f 323//323 790//790 317//317
f 323//323 909//909 790//790
f 323//323 326//326 909//909
f 326//326 923//923 909//909
f 329//329 923//923 326//326
f 916//916 923//923 951//951
f 909//909 923//923 916//916
f 329//329 951//951 923//923
f 329//329 957//957 951//951
f 329//329 331//331 957//957
f 333//333 961//961 335//335
f 965//965 961//961 333//333
f 333//333 137//137 965//965
f 331//331 335//335 957//957
f 335//335 969//969 957//957
f 335//335 961//961 969//969
f 969//969 965//965 972//972
f 961//961 965//965 969//969
f 825//825 845//845 974//974
f 974//974 970//970 825//825
f 845//845 900//900 1006//1006
f 1006//1006 974//974 845//845
f 970//970 974//974 1007//1007
f 1007//1007 977//977 970//970
f 1007//1007 1006//1006 1008//1008
f 974//974 1006//1006 1007//1007
f 1006//1006 912//912 1009//1009
f 900//900 912//912 1006//1006
f 1009//1009 916//916 1010//1010
f 912//912 916//916 1009//1009
f 1006//1006 1009//1009 1011//1011
f 1011//1011 1008//1008 1006//1006
f 1009//1009 1010//1010 1012//1012
f 1012//1012 1011//1011 1009//1009
f 987//987 1007//1007 1013//1013
f 977//977 1007//1007 987//987
f 1013//1013 1008//1008 1014//1014
f 1007//1007 1008//1008 1013//1013
f 735//735 1013//1013 1015//1015
f 987//987 1013//1013 735//735
f 1015//1015 1014//1014 1016//1016
f 1013//1013 1014//1014 1015//1015
f 1014//1014 1011//1011 1017//1017
f 1008//1008 1011//1011 1014//1014
f 1011//1011 1012//1012 1018//1018
f 1018//1018 1017//1017 1011//1011
f 1016//1016 1017//1017 1019//1019
f 1014//1014 1017//1017 1016//1016
f 1019//1019 1018//1018 1020//1020
f 1017//1017 1018//1018 1019//1019
f 360//360 820//820 355//355
f 849//849 820//820 360//360
f 366//366 849//849 360//360
f 376//376 849//849 852//852
f 376//376 373//373 849//849
f 373//373 820//820 849//849
f 366//366 852//852 849//849
f 366//366 938//938 852//852
f 366//366 379//379 938//938
f 381//381 938//938 379//379
f 948//948 938//938 381//381
f 953//953 948//948 381//381
f 381//381 384//384 953//953
f 376//376 852//852 386//386
f 386//386 938//938 388//388
f 852//852 938//938 386//386
f 938//938 948//948 389//389
f 389//389 388//388 938//938
f 948//948 953//953 390//390
f 390//390 389//389 948//948
f 968//968 953//953 384//384
f 384//384 391//391 968//968
f 392//392 968//968 391//391
f 390//390 968//968 394//394
f 953//953 968//968 390//390
f 394//394 968//968 392//392
f 397//397 792//792 398//398
f 792//792 805//805 400//400
f 400//400 398//398 792//792
f 400//400 805//805 402//402
f 405//405 980//980 406//406
f 409//409 980//980 405//405
f 406//406 980//980 412//412
f 412//412 980//980 409//409
f 1183//1183 1179//1179 1187//1187
f 1174//1174 1179//1179 1183//1183
f 1187//1187 1190//1190 1198//1198
f 1179//1179 1190//1190 1187//1187
f 1202//1202 1187//1187 1209//1209
f 1183//1183 1187//1187 1202//1202
f 1209//1209 1198//1198 1213//1213
f 1187//1187 1198//1198 1209//1209
f 1198//1198 1216//1216 1218//1218
f 1190//1190 1216//1216 1198//1198
f 1218//1218 1221//1221 1226//1226
f 1216//1216 1221//1221 1218//1218
f 1096//1096 1198//1198 1218//1218
f 1096//1096 1107//1107 1198//1198
f 1107//1107 1213//1213 1198//1198
f 1096//1096 1226//1226 1108//1108
f 1218//1218 1226//1226 1096//1096
f 1110//1110 1202//1202 1209//1209
f 1110//1110 1112//1112 1202//1202
f 1112//1112 1229//1229 1202//1202
f 1110//1110 1213//1213 1115//1115
f 1209//1209 1213//1213 1110//1110
f 1120//1120 1229//1229 1112//1112
f 1115//1115 1213//1213 1107//1107
f 1226//1226 1233//1233 1235//1235
f 1221//1221 1233//1233 1226//1226
f 1235//1235 1237//1237 1241//1241
f 1233//1233 1237//1237 1235//1235
f 1108//1108 1235//1235 1127//1127
f 1226//1226 1235//1235 1108//1108
f 1127//1127 1241//1241 1129//1129
f 1235//1235 1241//1241 1127//1127
f 1237//1237 1243//1243 1245//1245
f 1245//1245 1241//1241 1237//1237
f 1243//1243 1247//1247 1248//1248
f 1248//1248 1245//1245 1243//1243
f 1241//1241 1245//1245 1132//1132
f 1132//1132 1129//1129 1241//1241
f 1245//1245 1248//1248 1134//1134
f 1134//1134 1132//1132 1245//1245
f 1247//1247 1252//1252 1254//1254
f 1254//1254 1248//1248 1247//1247
f 1252//1252 1256//1256 1258//1258
f 1258//1258 1254//1254 1252//1252
f 1248//1248 1254//1254 1137//1137
f 1137//1137 1134//1134 1248//1248
f 1139//1139 1258//1258 1259//1259
f 1139//1139 1254//1254 1258//1258
f 1139//1139 1137//1137 1254//1254
f 1256//1256 1261//1261 1264//1264
f 1264//1264 1258//1258 1256//1256
f 1261//1261 1267//1267 1269//1269
f 1269//1269 1264//1264 1261//1261
f 1258//1258 1264//1264 1271//1271
f 1271//1271 1259//1259 1258//1258
f 1264//1264 1269//1269 1273//1273
f 1273//1273 1271//1271 1264//1264
f 1139//1139 1259//1259 1140//1140
f 1259//1259 1271//1271 1142//1142
f 1142//1142 1140//1140 1259//1259
f 1143//1143 1273//1273 1277//1277
f 1143//1143 1271//1271 1273//1273
f 1143//1143 1142//1142 1271//1271
f 1143//1143 1277//1277 1144//1144
f 1267//1267 1278//1278 1279//1279
f 1279//1279 1269//1269 1267//1267
f 1278//1278 1280//1280 1281//1281
f 1281//1281 1279//1279 1278//1278
f 1269//1269 1279//1279 1283//1283
f 1283//1283 1273//1273 1269//1269
f 1279//1279 1281//1281 1284//1284
f 1284//1284 1283//1283 1279//1279
f 1280//1280 1286//1286 1289//1289
f 1289//1289 1281//1281 1280//1280
f 1286//1286 1175//1175 1189//1189
f 1189//1189 1289//1289 1286//1286
f 1281//1281 1289//1289 1290//1290
f 1290//1290 1284//1284 1281//1281
f 1289//1289 1189//1189 1204//1204
f 1204//1204 1290//1290 1289//1289
f 1273//1273 1283//1283 1293//1293
f 1293//1293 1277//1277 1273//1273
f 1283//1283 1284//1284 1295//1295
f 1295//1295 1293//1293 1283//1283
f 1277//1277 1293//1293 1145//1145
f 1145//1145 1144//1144 1277//1277
f 1146//1146 1295//1295 1297//1297
f 1146//1146 1293//1293 1295//1295
f 1146//1146 1145//1145 1293//1293
f 1284//1284 1290//1290 1298//1298
f 1298//1298 1295//1295 1284//1284
f 1290//1290 1204//1204 1227//1227
f 1227//1227 1298//1298 1290//1290
f 1295//1295 1298//1298 1300//1300
f 1300//1300 1297//1297 1295//1295
f 1298//1298 1227//1227 1231//1231
f 1231//1231 1300//1300 1298//1298
f 1146//1146 1297//1297 1147//1147
f 1775//1775 1779//1779 1786//1786
f 1786//1786 1782//1782 1775//1775
f 1786//1786 1821//1821 1831//1831
f 1779//1779 1821//1821 1786//1786
f 1835//1835 1786//1786 1837//1837
f 1782//1782 1786//1786 1835//1835
f 1786//1786 1831//1831 1847//1847
f 1847//1847 1837//1837 1786//1786
f 1869//1869 1863//1863 1874//1874
f 1857//1857 1863//1863 1869//1869
f 1863//1863 1876//1876 1879//1879
f 1879//1879 1874//1874 1863//1863
f 1869//1869 1874//1874 1884//1884
f 1884//1884 1821//1821 1869//1869
f 1874//1874 1879//1879 1887//1887
f 1887//1887 1884//1884 1874//1874
f 1879//1879 1893//1893 1901//1901
f 1876//1876 1893//1893 1879//1879
f 1893//1893 226//226 232//232
f 232//232 1901//1901 1893//1893
f 1879//1879 1901//1901 1927//1927
f 1927//1927 1887//1887 1879//1879
f 1901//1901 232//232 97//97
f 97//97 1927//1927 1901//1901
f 1821//1821 1884//1884 1930//1930
f 1930//1930 1831//1831 1821//1821
f 1884//1884 1887//1887 1932//1932
f 1932//1932 1930//1930 1884//1884
f 1847//1847 1930//1930 1936//1936
f 1831//1831 1930//1930 1847//1847
f 1930//1930 1932//1932 1939//1939
f 1939//1939 1936//1936 1930//1930
f 1887//1887 1927//1927 1942//1942
f 1942//1942 1932//1932 1887//1887
f 1942//1942 97//97 102//102
f 1927//1927 97//97 1942//1942
f 1932//1932 1942//1942 1945//1945
f 1945//1945 1939//1939 1932//1932
f 1945//1945 102//102 106//106
f 1942//1942 102//102 1945//1945
f 1409//1409 1961//1961 1420//1420
f 1423//1423 1961//1961 1409//1409
f 1966//1966 1961//1961 1423//1423
f 1446//1446 1961//1961 1971//1971
f 1961//1961 2003//2003 1971//1971
f 1446//1446 1420//1420 1961//1961
f 2003//2003 1966//1966 2007//2007
f 1961//1961 1966//1966 2003//2003
f 1451//1451 1966//1966 1423//1423
f 2007//2007 1966//1966 1451//1451
f 1451//1451 1456//1456 2007//2007
f 111//111 1971//1971 109//109
f 1971//1971 2003//2003 109//109
f 111//111 2014//2014 1971//1971
f 2021//2021 113//113 2007//2007
f 113//113 109//109 2007//2007
f 109//109 2003//2003 2007//2007
f 2014//2014 111//111 114//114
f 114//114 1793//1793 2014//2014
f 116//116 2021//2021 2035//2035
f 113//113 2021//2021 116//116
f 1463//1463 2007//2007 1456//1456
f 2021//2021 2007//2007 1463//1463
f 1468//1468 2021//2021 1463//1463
f 2035//2035 2021//2021 1468//1468
f 1431//1431 2045//2045 1471//1471
f 1704//1704 2045//2045 1431//1431
f 1471//1471 2049//2049 1475//1475
f 2045//2045 2049//2049 1471//1471
f 1475//1475 2050//2050 1479//1479
f 2049//2049 2050//2050 1475//1475
f 1479//1479 2051//2051 1484//1484
f 2050//2050 2051//2051 1479//1479
f 1826//1826 114//114 125//125
f 1793//1793 114//114 1826//1826
f 163//163 2035//2035 2052//2052
f 116//116 2035//2035 163//163
f 2053//2053 125//125 175//175
f 2053//2053 1839//1839 125//125
f 1839//1839 1826//1826 125//125
f 1487//1487 163//163 2052//2052
f 1487//1487 2053//2053 163//163
f 2053//2053 175//175 163//163
f 1487//1487 1489//1489 2053//2053
f 2052//2052 2035//2035 1468//1468
f 1468//1468 1492//1492 2052//2052
f 1487//1487 2052//2052 1492//1492
f 2055//2055 183//183 2053//2053
f 183//183 130//130 2053//2053
f 130//130 1839//1839 2053//2053
f 2055//2055 2053//2053 1489//1489
f 1489//1489 1499//1499 2055//2055
f 183//183 2055//2055 2056//2056
f 2056//2056 186//186 183//183
f 2056//2056 2055//2055 1499//1499
f 1499//1499 1502//1502 2056//2056
f 1484//1484 2057//2057 1504//1504
f 2051//2051 2057//2057 1484//1484
f 1504//1504 2059//2059 1505//1505
f 2057//2057 2059//2059 1504//1504
f 1507//1507 2109//2109 1509//1509
f 1507//1507 2114//2114 2109//2109
f 1507//1507 1505//1505 2114//2114
f 1505//1505 2059//2059 2114//2114
f 1509//1509 2125//2125 1511//1511
f 2109//2109 2125//2125 1509//1509
f 2125//2125 2114//2114 2130//2130
f 2109//2109 2114//2114 2125//2125
f 2142//2142 186//186 2056//2056
f 2142//2142 2137//2137 186//186
f 2137//2137 191//191 186//186
f 1502//1502 1513//1513 2056//2056
f 1513//1513 2142//2142 2056//2056
f 1513//1513 2145//2145 2142//2142
f 2151//2151 2142//2142 2161//2161
f 2137//2137 2142//2142 2151//2151
f 2142//2142 2145//2145 2167//2167
f 2167//2167 2161//2161 2142//2142
f 1516//1516 2145//2145 1513//1513
f 1518//1518 2145//2145 1516//1516
f 2167//2167 2145//2145 1518//1518
f 1519//1519 2173//2173 1520//1520
f 2179//2179 199//199 2161//2161
f 199//199 195//195 2161//2161
f 195//195 2151//2151 2161//2161
f 2161//2161 2167//2167 2184//2184
f 2184//2184 2179//2179 2161//2161
f 214//214 2179//2179 2187//2187
f 199//199 2179//2179 214//214
f 2179//2179 2184//2184 2190//2190
f 2190//2190 2187//2187 2179//2179
f 2184//2184 2167//2167 1518//1518
f 1518//1518 1523//1523 2184//2184
f 1520//1520 2200//2200 1526//1526
f 2173//2173 2200//2200 1520//1520
f 2190//2190 2184//2184 1523//1523
f 1523//1523 1529//1529 2190//2190
f 1526//1526 2200//2200 1531//1531
f 1511//1511 2209//2209 1533//1533
f 2125//2125 2209//2209 1511//1511
f 2125//2125 2130//2130 2213//2213
f 2213//2213 2209//2209 2125//2125
f 1519//1519 2217//2217 2173//2173
f 1519//1519 1533//1533 2217//2217
f 1533//1533 2209//2209 2217//2217
f 2217//2217 2213//2213 2219//2219
f 2209//2209 2213//2213 2217//2217
f 220//220 2187//2187 2225//2225
f 214//214 2187//2187 220//220
f 2187//2187 2190//2190 2235//2235
f 2235//2235 2225//2225 2187//2187
f 222//222 2225//2225 2240//2240
f 220//220 2225//2225 222//222
f 2225//2225 2235//2235 2250//2250
f 2250//2250 2240//2240 2225//2225
f 1536//1536 2190//2190 1529//1529
f 2235//2235 2190//2190 1536//1536
f 2250//2250 2235//2235 1536//1536
f 1536//1536 1539//1539 2250//2250
f 222//222 2240//2240 2256//2256
f 2256//2256 227//227 222//222
f 2240//2240 2250//2250 2259//2259
f 2259//2259 2256//2256 2240//2240
f 227//227 2256//2256 2262//2262
f 2262//2262 291//291 227//227
f 2262//2262 2259//2259 2270//2270
f 2256//2256 2259//2259 2262//2262
f 1539//1539 1542//1542 2250//2250
f 1542//1542 2259//2259 2250//2250
f 1542//1542 2275//2275 2259//2259
f 1545//1545 2275//2275 1542//1542
f 2259//2259 2275//2275 2278//2278
f 2278//2278 2270//2270 2259//2259
f 2278//2278 2275//2275 1545//1545
f 1545//1545 1414//1414 2278//2278
f 2281//2281 2282//2282 1549//1549
f 1549//1549 1547//1547 2281//2281
f 2281//2281 2285//2285 2289//2289
f 2289//2289 2282//2282 2281//2281
f 2282//2282 2292//2292 1551//1551
f 1551//1551 1549//1549 2282//2282
f 2292//2292 2289//2289 2296//2296
f 2282//2282 2289//2289 2292//2292
f 1551//1551 2300//2300 1552//1552
f 2292//2292 2300//2300 1551//1551
f 2292//2292 2296//2296 2302//2302
f 2302//2302 2300//2300 2292//2292
f 1552//1552 2308//2308 1494//1494
f 2300//2300 2308//2308 1552//1552
f 2300//2300 2302//2302 2311//2311
f 2311//2311 2308//2308 2300//2300
f 2331//2331 2327//2327 2338//2338
f 2318//2318 2327//2327 2331//2331
f 2338//2338 2353//2353 2361//2361
f 2327//2327 2353//2353 2338//2338
f 2459//2459 2338//2338 2468//2468
f 2331//2331 2338//2338 2459//2459
f 2338//2338 2361//2361 2474//2474
f 2474//2474 2468//2468 2338//2338
f 2361//2361 2479//2479 2484//2484
f 2353//2353 2479//2479 2361//2361
f 2479//2479 300//300 305//305
f 305//305 2484//2484 2479//2479
f 2361//2361 2484//2484 2498//2498
f 2498//2498 2474//2474 2361//2361
f 2498//2498 305//305 307//307
f 2484//2484 305//305 2498//2498
f 2459//2459 2468//2468 2508//2508
f 2508//2508 2501//2501 2459//2459
f 2468//2468 2474//2474 2513//2513
f 2513//2513 2508//2508 2468//2468
f 2501//2501 2508//2508 1815//1815
f 1815//1815 1792//1792 2501//2501
f 2508//2508 2513//2513 1838//1838
f 1838//1838 1815//1815 2508//2508
f 2474//2474 2498//2498 2520//2520
f 2520//2520 2513//2513 2474//2474
f 2520//2520 307//307 309//309
f 2498//2498 307//307 2520//2520
f 2513//2513 2520//2520 1861//1861
f 1861//1861 1838//1838 2513//2513
f 1731//1731 1861//1861 311//311
f 1861//1861 309//309 311//311
f 1861//1861 2520//2520 309//309
f 1420//1420 3316//3316 1409//1409
f 3316//3316 3328//3328 1409//1409
f 1420//1420 3365//3365 3316//3316
f 1423//1423 3328//3328 3330//3330
f 1409//1409 3328//3328 1423//1423
f 3365//3365 1420//1420 1446//1446
f 3396//3396 1451//1451 3341//3341
f 1451//1451 1423//1423 3341//3341
f 1423//1423 3330//3330 3341//3341
f 3396//3396 3342//3342 3397//3397
f 3341//3341 3342//3342 3396//3396
f 1451//1451 3396//3396 3398//3398
f 3398//3398 1456//1456 1451//1451
f 3398//3398 3397//3397 3399//3399
f 3396//3396 3397//3397 3398//3398
f 1463//1463 3398//3398 3400//3400
f 1456//1456 3398//3398 1463//1463
f 3398//3398 3399//3399 3401//3401
f 3401//3401 3400//3400 3398//3398
f 1468//1468 3400//3400 3402//3402
f 1463//1463 3400//3400 1468//1468
f 3400//3400 3401//3401 3403//3403
f 3403//3403 3402//3402 3400//3400
f 3342//3342 3345//3345 3404//3404
f 3404//3404 3397//3397 3342//3342
f 3404//3404 1431//1431 1471//1471
f 3345//3345 1431//1431 3404//3404
f 3397//3397 3404//3404 3405//3405
f 3405//3405 3399//3399 3397//3397
f 3405//3405 1471//1471 1475//1475
f 3404//3404 1471//1471 3405//3405
f 3399//3399 3405//3405 3406//3406
f 3406//3406 3401//3401 3399//3399
f 3406//3406 1475//1475 1479//1479
f 3405//3405 1475//1475 3406//3406
f 3403//3403 3406//3406 3407//3407
f 3401//3401 3406//3406 3403//3403
f 3406//3406 1479//1479 1484//1484
f 1484//1484 3407//3407 3406//3406
f 1489//1489 1487//1487 3408//3408
f 1492//1492 3402//3402 3409//3409
f 1468//1468 3402//3402 1492//1492
f 3402//3402 3403//3403 3410//3410
f 3410//3410 3409//3409 3402//3402
f 3411//3411 1487//1487 3409//3409
f 1487//1487 1492//1492 3409//3409
f 3411//3411 3408//3408 1487//1487
f 3409//3409 3410//3410 3412//3412
f 3412//3412 3411//3411 3409//3409
f 1499//1499 3408//3408 3413//3413
f 1489//1489 3408//3408 1499//1499
f 1499//1499 3413//3413 3414//3414
f 3414//3414 1502//1502 1499//1499
f 3408//3408 3411//3411 3415//3415
f 3415//3415 3413//3413 3408//3408
f 3415//3415 3412//3412 3416//3416
f 3411//3411 3412//3412 3415//3415
f 3414//3414 3415//3415 3417//3417
f 3413//3413 3415//3415 3414//3414
f 3417//3417 3416//3416 3418//3418
f 3415//3415 3416//3416 3417//3417
f 3410//3410 3407//3407 3419//3419
f 3403//3403 3407//3407 3410//3410
f 3407//3407 1484//1484 1504//1504
f 1504//1504 3419//3419 3407//3407
f 3412//3412 3419//3419 3420//3420
f 3410//3410 3419//3419 3412//3412
f 3419//3419 1504//1504 1505//1505
f 1505//1505 3420//3420 3419//3419
f 1509//1509 3416//3416 1507//1507
f 3416//3416 3412//3412 1507//1507
f 3412//3412 3420//3420 1507//1507
f 3420//3420 1505//1505 1507//1507
f 3416//3416 1509//1509 1511//1511
f 1511//1511 3418//3418 3416//3416
f 1513//1513 1502//1502 3414//3414
f 3421//3421 1516//1516 3417//3417
f 1516//1516 1513//1513 3417//3417
f 1513//1513 3414//3414 3417//3417
f 3421//3421 3418//3418 3422//3422
f 3417//3417 3418//3418 3421//3421
f 1516//1516 3421//3421 3423//3423
f 3423//3423 1518//1518 1516//1516
f 1520//1520 3421//3421 1519//1519
f 3421//3421 3422//3422 1519//1519
f 1520//1520 3423//3423 3421//3421
f 1523//1523 3423//3423 3424//3424
f 1518//1518 3423//3423 1523//1523
f 3424//3424 1520//1520 1526//1526
f 3423//3423 1520//1520 3424//3424
f 1529//1529 3424//3424 3425//3425
f 1523//1523 3424//3424 1529//1529
f 3426//3426 3425//3425 1531//1531
f 3425//3425 3424//3424 1531//1531
f 3424//3424 1526//1526 1531//1531
f 3418//3418 1511//1511 1533//1533
f 1533//1533 3422//3422 3418//3418
f 3422//3422 1533//1533 1519//1519
f 1529//1529 3425//3425 3427//3427
f 3427//3427 1536//1536 1529//1529
f 3425//3425 3426//3426 3428//3428
f 3428//3428 3427//3427 3425//3425
f 1536//1536 3427//3427 3429//3429
f 3429//3429 1539//1539 1536//1536
f 3427//3427 3428//3428 3430//3430
f 3430//3430 3429//3429 3427//3427
f 1542//1542 1539//1539 3429//3429
f 3431//3431 1545//1545 3430//3430
f 1545//1545 1542//1542 3430//3430
f 1542//1542 3429//3429 3430//3430
f 1545//1545 3431//3431 3372//3372
f 3372//3372 1414//1414 1545//1545
f 3428//3428 1547//1547 1549//1549
f 3426//3426 1547//1547 3428//3428
f 3430//3430 1549//1549 1551//1551
f 3428//3428 1549//1549 3430//3430
f 3431//3431 1551//1551 1552//1552
f 3430//3430 1551//1551 3431//3431
f 3431//3431 1552//1552 1494//1494
f 1494//1494 3372//3372 3431//3431
f 3465//3465 1550//1550 3162//3162
f 3465//3465 3313//3313 1550//1550
f 3465//3465 3329//3329 3313//3313
f 3329//3329 3305//3305 3313//3313
f 3465//3465 3333//3333 3329//3329
f 3475//3475 3338//3338 3465//3465
f 3338//3338 3333//3333 3465//3465
f 3475//3475 1564//1564 3338//3338
f 3475//3475 3150//3150 1564//1564
f 1153//1153 2940//2940 1152//1152
f 2940//2940 2942//2942 1152//1152
f 1153//1153 2658//2658 2940//2940
f 1153//1153 3485//3485 2658//2658
f 2958//2958 1154//1154 2954//2954
f 1154//1154 1152//1152 2954//2954
f 1152//1152 2942//2942 2954//2954
f 3486//3486 2887//2887 2895//2895
f 3486//3486 2952//2952 2887//2887
f 2952//2952 2884//2884 2887//2887
f 3486//3486 2958//2958 2952//2952
f 1156//1156 2905//2905 1155//1155
f 2905//2905 2914//2914 1155//1155
f 1156//1156 2895//2895 2905//2905
f 1156//1156 3486//3486 2895//2895
f 1154//1154 2958//2958 3486//3486
f 3486//3486 1157//1157 1154//1154
f 3486//3486 1156//1156 1157//1157
f 3488//3488 2990//2990 2991//2991
f 3488//3488 3002//3002 2990//2990
f 3002//3002 2981//2981 2990//2990
f 3488//3488 3007//3007 3002//3002
f 3491//3491 3018//3018 3023//3023
f 3491//3491 3488//3488 3018//3018
f 3488//3488 2991//2991 3018//3018
f 3088//3088 3491//3491 3080//3080
f 3491//3491 3037//3037 3080//3080
f 3037//3037 3042//3042 3080//3080
f 3491//3491 3023//3023 3037//3037
f 3007//3007 1158//1158 3004//3004
f 1158//1158 1155//1155 3004//3004
f 1155//1155 2914//2914 3004//3004
f 1158//1158 3007//3007 3488//3488
f 3488//3488 1159//1159 1158//1158
f 1159//1159 3488//3488 3491//3491
f 3491//3491 1160//1160 1159//1159
f 1161//1161 3491//3491 3088//3088
f 1160//1160 3491//3491 1161//1161
f 3485//3485 1153//1153 1097//1097
f 3506//3506 3116//3116 3122//3122
f 3506//3506 3099//3099 3116//3116
f 3099//3099 3078//3078 3116//3116
f 3506//3506 3106//3106 3099//3099
f 3511//3511 3128//3128 3129//3129
f 3511//3511 3506//3506 3128//3128
f 3506//3506 3122//3122 3128//3128
f 3092//3092 1162//1162 3090//3090
f 1162//1162 1161//1161 3090//3090
f 1161//1161 3088//3088 3090//3090
f 3106//3106 1163//1163 3102//3102
f 1163//1163 1162//1162 3102//3102
f 1162//1162 3092//3092 3102//3102
f 1163//1163 3106//3106 3506//3506
f 3506//3506 1164//1164 1163//1163
f 1164//1164 3506//3506 3511//3511
f 3511//3511 1165//1165 1164//1164
f 1167//1167 3141//3141 1166//1166
f 3141//3141 3143//3143 1166//1166
f 1167//1167 3129//3129 3141//3141
f 1167//1167 3511//3511 3129//3129
f 3149//3149 1168//1168 3147//3147
f 1168//1168 1166//1166 3147//3147
f 1166//1166 3143//3143 3147//3147
f 3518//3518 3152//3152 3475//3475
f 3152//3152 3150//3150 3475//3475
f 3518//3518 3156//3156 3152//3152
f 3156//3156 1169//1169 3154//3154
f 1169//1169 1168//1168 3154//3154
f 1168//1168 3149//3149 3154//3154
f 1169//1169 3156//3156 3518//3518
f 3518//3518 1170//1170 1169//1169
f 3511//3511 1167//1167 1165//1165
f 132//132 552//552 149//149
f 154//154 552//552 132//132
f 1022//1022 1021//1021 160//160
f 160//160 165//165 1022//1022
f 200//200 1022//1022 165//165
f 1023//1023 1022//1022 200//200
f 205//205 1024//1024 211//211
f 1025//1025 1023//1023 200//200
f 200//200 219//219 1025//1025
f 219//219 1026//1026 1025//1025
f 219//219 211//211 1026//1026
f 211//211 1024//1024 1026//1026
f 1027//1027 1022//1022 1028//1028
f 1021//1021 1022//1022 1027//1027
f 1022//1022 1023//1023 1029//1029
f 1029//1029 1028//1028 1022//1022
f 567//567 1028//1028 574//574
f 1027//1027 1028//1028 567//567
f 574//574 1029//1029 591//591
f 1028//1028 1029//1029 574//574
f 1023//1023 1025//1025 1030//1030
f 1030//1030 1029//1029 1023//1023
f 85//85 1026//1026 82//82
f 85//85 1030//1030 1026//1026
f 1030//1030 1025//1025 1026//1026
f 1029//1029 1030//1030 594//594
f 594//594 591//591 1029//1029
f 1030//1030 85//85 81//81
f 81//81 594//594 1030//1030
f 1031//1031 1024//1024 205//205
f 205//205 235//235 1031//1031
f 235//235 1032//1032 1031//1031
f 235//235 149//149 1032//1032
f 149//149 552//552 1032//1032
f 1024//1024 1031//1031 1033//1033
f 1033//1033 1026//1026 1024//1024
f 1031//1031 1032//1032 1034//1034
f 1034//1034 1033//1033 1031//1031
f 154//154 1032//1032 552//552
f 154//154 1035//1035 1032//1032
f 154//154 240//240 1035//1035
f 243//243 1035//1035 240//240
f 1034//1034 1035//1035 1036//1036
f 1032//1032 1035//1035 1034//1034
f 243//243 246//246 1035//1035
f 246//246 1037//1037 1035//1035
f 1037//1037 1036//1036 1035//1035
f 82//82 1026//1026 1033//1033
f 1033//1033 87//87 82//82
f 1038//1038 89//89 1034//1034
f 89//89 87//87 1034//1034
f 87//87 1033//1033 1034//1034
f 91//91 90//90 612//612
f 629//629 90//90 1038//1038
f 90//90 89//89 1038//1038
f 629//629 612//612 90//90
f 1038//1038 1036//1036 1039//1039
f 1034//1034 1036//1036 1038//1038
f 251//251 1036//1036 1037//1037
f 251//251 1039//1039 1036//1036
f 251//251 255//255 1039//1039
f 257//257 180//180 1039//1039
f 180//180 629//629 1039//1039
f 629//629 1038//1038 1039//1039
f 257//257 1039//1039 255//255
f 260//260 1037//1037 246//246
f 251//251 1037//1037 260//260
f 635//635 642//642 689//689
f 689//689 684//684 635//635
f 689//689 692//692 695//695
f 642//642 692//692 689//689
f 684//684 689//689 201//201
f 201//201 197//197 684//684
f 201//201 695//695 204//204
f 689//689 695//695 201//201
f 695//695 700//700 707//707
f 692//692 700//700 695//695
f 700//700 712//712 716//716
f 716//716 707//707 700//700
f 204//204 707//707 209//209
f 695//695 707//707 204//204
f 209//209 716//716 259//259
f 707//707 716//716 209//209
f 732//732 728//728 762//762
f 718//718 728//728 732//732
f 762//762 768//768 806//806
f 728//728 768//768 762//762
f 712//712 762//762 818//818
f 732//732 762//762 712//712
f 818//818 806//806 847//847
f 762//762 806//806 818//818
f 806//806 856//856 858//858
f 768//768 856//856 806//806
f 858//858 630//630 862//862
f 856//856 630//630 858//858
f 847//847 858//858 865//865
f 806//806 858//858 847//847
f 865//865 862//862 872//872
f 858//858 862//862 865//865
f 261//261 716//716 818//818
f 716//716 712//712 818//818
f 261//261 263//263 716//716
f 818//818 847//847 312//312
f 312//312 261//261 818//818
f 259//259 716//716 263//263
f 847//847 865//865 316//316
f 316//316 312//312 847//847
f 865//865 872//872 318//318
f 318//318 316//316 865//865
f 630//630 634//634 883//883
f 883//883 862//862 630//630
f 883//883 638//638 888//888
f 634//634 638//638 883//883
f 319//319 862//862 883//883
f 319//319 320//320 862//862
f 320//320 872//872 862//862
f 883//883 888//888 322//322
f 322//322 319//319 883//883
f 888//888 661//661 891//891
f 638//638 661//661 888//888
f 891//891 666//666 895//895
f 661//661 666//666 891//891
f 888//888 891//891 324//324
f 324//324 322//322 888//888
f 891//891 895//895 327//327
f 327//327 324//324 891//891
f 318//318 872//872 320//320
f 334//334 337//337 833//833
f 337//337 895//895 833//833
f 895//895 666//666 833//833
f 833//833 838//838 342//342
f 342//342 334//334 833//833
f 327//327 895//895 337//337
f 342//342 838//838 353//353
f 628//628 645//645 905//905
f 905//905 744//744 628//628
f 358//358 645//645 206//206
f 905//905 645//645 358//358
f 660//660 905//905 663//663
f 744//744 905//905 660//660
f 258//258 905//905 358//358
f 663//663 905//905 258//258
f 1097//1097 1210//1210 1100//1100
f 1210//1210 1219//1219 1102//1102
f 1102//1102 1100//1100 1210//1210
f 1219//1219 1222//1222 1104//1104
f 1104//1104 1102//1102 1219//1219
f 1222//1222 1224//1224 1105//1105
f 1105//1105 1104//1104 1222//1222
f 1114//1114 1211//1211 1116//1116
f 1116//1116 1214//1214 1118//1118
f 1211//1211 1214//1214 1116//1116
f 1408//1408 1640//1640 1421//1421
f 1425//1425 1651//1651 1679//1679
f 1425//1425 1421//1421 1651//1651
f 1421//1421 1640//1640 1651//1651
f 1679//1679 1685//1685 1693//1693
f 1651//1651 1685//1685 1679//1679
f 1425//1425 1679//1679 1427//1427
f 1431//1431 1427//1427 1704//1704
f 1427//1427 1679//1679 1704//1704
f 1679//1679 1693//1693 1704//1704
f 1711//1711 1714//1714 1742//1742
f 1742//1742 1717//1717 1711//1711
f 1742//1742 1749//1749 1754//1754
f 1714//1714 1749//1749 1742//1742
f 1756//1756 1742//1742 1762//1762
f 1717//1717 1742//1742 1756//1756
f 1762//1762 1754//1754 1767//1767
f 1742//1742 1754//1754 1762//1762
f 1754//1754 1772//1772 1785//1785
f 1749//1749 1772//1772 1754//1754
f 1785//1785 1791//1791 1799//1799
f 1772//1772 1791//1791 1785//1785
f 1767//1767 1785//1785 1803//1803
f 1754//1754 1785//1785 1767//1767
f 1803//1803 1799//1799 1806//1806
f 1785//1785 1799//1799 1803//1803
f 1809//1809 1762//1762 1834//1834
f 1756//1756 1762//1762 1809//1809
f 1834//1834 1767//1767 1841//1841
f 1762//1762 1767//1767 1834//1834
f 1809//1809 1834//1834 1894//1894
f 1894//1894 1862//1862 1809//1809
f 1834//1834 1841//1841 1898//1898
f 1898//1898 1894//1894 1834//1834
f 1841//1841 1803//1803 1904//1904
f 1767//1767 1803//1803 1841//1841
f 1904//1904 1806//1806 1912//1912
f 1803//1803 1806//1806 1904//1904
f 1898//1898 1904//1904 1917//1917
f 1841//1841 1904//1904 1898//1898
f 1904//1904 1912//1912 1926//1926
f 1926//1926 1917//1917 1904//1904
f 1791//1791 1933//1933 1937//1937
f 1937//1937 1799//1799 1791//1791
f 1424//1424 1442//1442 1933//1933
f 1442//1442 1937//1937 1933//1933
f 1442//1442 1946//1946 1937//1937
f 1806//1806 1937//1937 1948//1948
f 1799//1799 1937//1937 1806//1806
f 1937//1937 1946//1946 1952//1952
f 1952//1952 1948//1948 1937//1937
f 1447//1447 1946//1946 1442//1442
f 1447//1447 1952//1952 1946//1946
f 1447//1447 1955//1955 1952//1952
f 1447//1447 1453//1453 1955//1955
f 1458//1458 1955//1955 1453//1453
f 1806//1806 1948//1948 1959//1959
f 1959//1959 1912//1912 1806//1806
f 1959//1959 1952//1952 1962//1962
f 1948//1948 1952//1952 1959//1959
f 1926//1926 1959//1959 1969//1969
f 1912//1912 1959//1959 1926//1926
f 149//149 1962//1962 132//132
f 149//149 1969//1969 1962//1962
f 1969//1969 1959//1959 1962//1962
f 1962//1962 1955//1955 1983//1983
f 1952//1952 1955//1955 1962//1962
f 1458//1458 1983//1983 1955//1955
f 1458//1458 1467//1467 1983//1983
f 1467//1467 1987//1987 1983//1983
f 1990//1990 154//154 1983//1983
f 154//154 1962//1962 1983//1983
f 154//154 132//132 1962//1962
f 1990//1990 1987//1987 1992//1992
f 1983//1983 1987//1987 1990//1990
f 1862//1862 1894//1894 1997//1997
f 1997//1997 1994//1994 1862//1862
f 1997//1997 1898//1898 1999//1999
f 1894//1894 1898//1898 1997//1997
f 165//165 1994//1994 1997//1997
f 160//160 1994//1994 165//165
f 200//200 1997//1997 1999//1999
f 165//165 1997//1997 200//200
f 1898//1898 1917//1917 2004//2004
f 2004//2004 1999//1999 1898//1898
f 211//211 1926//1926 205//205
f 211//211 1917//1917 1926//1926
f 211//211 2004//2004 1917//1917
f 200//200 1999//1999 2004//2004
f 2004//2004 219//219 200//200
f 2004//2004 211//211 219//219
f 205//205 1926//1926 1969//1969
f 1969//1969 235//235 205//205
f 1969//1969 149//149 235//235
f 240//240 154//154 1990//1990
f 2023//2023 243//243 1992//1992
f 243//243 240//240 1992//1992
f 240//240 1990//1990 1992//1992
f 246//246 243//243 2023//2023
f 255//255 251//251 2031//2031
f 180//180 257//257 1938//1938
f 1951//1951 255//255 2031//2031
f 1951//1951 257//257 255//255
f 1951//1951 1938//1938 257//257
f 1441//1441 2038//2038 1473//1473
f 1477//1477 2042//2042 2046//2046
f 1477//1477 2038//2038 2042//2042
f 1477//1477 1473//1473 2038//2038
f 1477//1477 2046//2046 1482//1482
f 2042//2042 2054//2054 2058//2058
f 2058//2058 2046//2046 2042//2042
f 1459//1459 2058//2058 2054//2054
f 1459//1459 1490//1490 2058//2058
f 1490//1490 2060//2060 2058//2058
f 2046//2046 2058//2058 1493//1493
f 1493//1493 1482//1482 2046//2046
f 2058//2058 2060//2060 1497//1497
f 1497//1497 1493//1493 2058//2058
f 1598//1598 1987//1987 1467//1467
f 1598//1598 2062//2062 1987//1987
f 2062//2062 1992//1992 1987//1987
f 1598//1598 1599//1599 2062//2062
f 1600//1600 2062//2062 1599//1599
f 1601//1601 2060//2060 1490//1490
f 1602//1602 2063//2063 1603//1603
f 1497//1497 2060//2060 1601//1601
f 1603//1603 2063//2063 1604//1604
f 1605//1605 2063//2063 1602//1602
f 1604//1604 2063//2063 1605//1605
f 1446//1446 1971//1971 1606//1606
f 1971//1971 2014//2014 1607//1607
f 1607//1607 1606//1606 1971//1971
f 1608//1608 1702//1702 1465//1465
f 1608//1608 2014//2014 1702//1702
f 2014//2014 1793//1793 1702//1702
f 1608//1608 1607//1607 2014//2014
f 2023//2023 2062//2062 2066//2066
f 1992//1992 2062//2062 2023//2023
f 2066//2066 2062//2062 1600//1600
f 1600//1600 1609//1609 2066//2066
f 2069//2069 260//260 2066//2066
f 260//260 246//246 2066//2066
f 246//246 2023//2023 2066//2066
f 1609//1609 1610//1610 2066//2066
f 1610//1610 2069//2069 2066//2066
f 1610//1610 1644//1644 2069//2069
f 1435//1435 1644//1644 1610//1610
f 2072//2072 251//251 2069//2069
f 251//251 260//260 2069//2069
f 2072//2072 2031//2031 251//251
f 2069//2069 1644//1644 1656//1656
f 1656//1656 2072//2072 2069//2069
f 2031//2031 2072//2072 2074//2074
f 2074//2074 1951//1951 2031//2031
f 2072//2072 1656//1656 1661//1661
f 1661//1661 2074//2074 2072//2072
f 2533//2533 2536//2536 2659//2659
f 2659//2659 2591//2591 2533//2533
f 2668//2668 2659//2659 363//363
f 2659//2659 401//401 363//363
f 2659//2659 2536//2536 401//401
f 2670//2670 2659//2659 2673//2673
f 2591//2591 2659//2659 2670//2670
f 2659//2659 2668//2668 2682//2682
f 2682//2682 2673//2673 2659//2659
f 2697//2697 417//417 427//427
f 425//425 2670//2670 2703//2703
f 2703//2703 429//429 425//425
f 2697//2697 427//427 419//419
f 431//431 2703//2703 2708//2708
f 429//429 2703//2703 431//431
f 2703//2703 2673//2673 2714//2714
f 2670//2670 2673//2673 2703//2703
f 2673//2673 2682//2682 2745//2745
f 2745//2745 2714//2714 2673//2673
f 2708//2708 2714//2714 2763//2763
f 2703//2703 2714//2714 2708//2708
f 2714//2714 2745//2745 2769//2769
f 2769//2769 2763//2763 2714//2714
f 2330//2330 2783//2783 2790//2790
f 2790//2790 2360//2360 2330//2330
f 2790//2790 2797//2797 2799//2799
f 2783//2783 2797//2797 2790//2790
f 2371//2371 2790//2790 2803//2803
f 2360//2360 2790//2790 2371//2371
f 2790//2790 2799//2799 2806//2806
f 2806//2806 2803//2803 2790//2790
f 434//434 2797//2797 433//433
f 2797//2797 2810//2810 433//433
f 434//434 2799//2799 2797//2797
f 2810//2810 302//302 433//433
f 2806//2806 434//434 264//264
f 2799//2799 434//434 2806//2806
f 2391//2391 2803//2803 2819//2819
f 2371//2371 2803//2803 2391//2391
f 2803//2803 2806//2806 2827//2827
f 2827//2827 2819//2819 2803//2803
f 2401//2401 2819//2819 2860//2860
f 2391//2391 2819//2819 2401//2401
f 2860//2860 2827//2827 2864//2864
f 2819//2819 2827//2827 2860//2860
f 2868//2868 2827//2827 266//266
f 2827//2827 2806//2806 266//266
f 2806//2806 264//264 266//266
f 2868//2868 266//266 269//269
f 2827//2827 2868//2868 2870//2870
f 2870//2870 2864//2864 2827//2827
f 2882//2882 2870//2870 271//271
f 2870//2870 269//269 271//271
f 2870//2870 2868//2868 269//269
f 278//278 276//276 2896//2896
f 2908//2908 2896//2896 2902//2902
f 2908//2908 278//278 2896//2896
f 2908//2908 283//283 278//278
f 1416//1416 2908//2908 2902//2902
f 1416//1416 1422//1422 2908//2908
f 1422//1422 2913//2913 2908//2908
f 290//290 283//283 2908//2908
f 2919//2919 2908//2908 2913//2913
f 2919//2919 295//295 2908//2908
f 295//295 290//290 2908//2908
f 2882//2882 271//271 299//299
f 301//301 295//295 2919//2919
f 2552//2552 2860//2860 2923//2923
f 2401//2401 2860//2860 2552//2552
f 2923//2923 2864//2864 2927//2927
f 2860//2860 2864//2864 2923//2923
f 2562//2562 2923//2923 2944//2944
f 2552//2552 2923//2923 2562//2562
f 2923//2923 2927//2927 2969//2969
f 2969//2969 2944//2944 2923//2923
f 2864//2864 2870//2870 2978//2978
f 2978//2978 2927//2927 2864//2864
f 2870//2870 2882//2882 2982//2982
f 2982//2982 2978//2978 2870//2870
f 2969//2969 2978//2978 2997//2997
f 2927//2927 2978//2978 2969//2969
f 2978//2978 2982//2982 3000//3000
f 3000//3000 2997//2997 2978//2978
f 2562//2562 2944//2944 3003//3003
f 3003//3003 2584//2584 2562//2562
f 2944//2944 2969//2969 3008//3008
f 3008//3008 3003//3003 2944//2944
f 2584//2584 3003//3003 3013//3013
f 3013//3013 2589//2589 2584//2584
f 3003//3003 3008//3008 3016//3016
f 3016//3016 3013//3013 3003//3003
f 2969//2969 2997//2997 3021//3021
f 3021//3021 3008//3008 2969//2969
f 2997//2997 3000//3000 3026//3026
f 3026//3026 3021//3021 2997//2997
f 3016//3016 3021//3021 3029//3029
f 3008//3008 3021//3021 3016//3016
f 3029//3029 3026//3026 2809//2809
f 3021//3021 3026//3026 3029//3029
f 2982//2982 299//299 303//303
f 2882//2882 299//299 2982//2982
f 3034//3034 303//303 304//304
f 3034//3034 2982//2982 303//303
f 3034//3034 3000//3000 2982//2982
f 304//304 306//306 3043//3043
f 3043//3043 3034//3034 304//304
f 3043//3043 306//306 308//308
f 3000//3000 3034//3034 3046//3046
f 3046//3046 3026//3026 3000//3000
f 3034//3034 3043//3043 3047//3047
f 3047//3047 3046//3046 3034//3034
f 2809//2809 3046//3046 2815//2815
f 3026//3026 3046//3046 2809//2809
f 3046//3046 3047//3047 2828//2828
f 2828//2828 2815//2815 3046//3046
f 3052//3052 308//308 525//525
f 3052//3052 3047//3047 308//308
f 3047//3047 3043//3043 308//308
f 525//525 526//526 3054//3054
f 3054//3054 3052//3052 525//525
f 3047//3047 3052//3052 2865//2865
f 2865//2865 2828//2828 3047//3047
f 3052//3052 3054//3054 2869//2869
f 2869//2869 2865//2865 3052//3052
f 1428//1428 2913//2913 1422//1422
f 1433//1433 3058//3058 1436//1436
f 1428//1428 2919//2919 2913//2913
f 1428//1428 3060//3060 2919//2919
f 1428//1428 1440//1440 3060//3060
f 1440//1440 1436//1436 3060//3060
f 1436//1436 3058//3058 3060//3060
f 3058//3058 3062//3062 3060//3060
f 1433//1433 3066//3066 3058//3058
f 1433//1433 3064//3064 3066//3066
f 1433//1433 1444//1444 3064//3064
f 3064//3064 420//420 527//527
f 527//527 3066//3066 3064//3064
f 529//529 3066//3066 528//528
f 529//529 3058//3058 3066//3066
f 529//529 3062//3062 3058//3058
f 3066//3066 527//527 528//528
f 530//530 2919//2919 3060//3060
f 301//301 2919//2919 530//530
f 530//530 3060//3060 3062//3062
f 3062//3062 531//531 530//530
f 3062//3062 529//529 531//531
f 533//533 532//532 3073//3073
f 3079//3079 532//532 2708//2708
f 532//532 431//431 2708//2708
f 3079//3079 3073//3073 532//532
f 534//534 3073//3073 3083//3083
f 533//533 3073//3073 534//534
f 3073//3073 3079//3079 3086//3086
f 3086//3086 3083//3083 3073//3073
f 3079//3079 2763//2763 3097//3097
f 2708//2708 2763//2763 3079//3079
f 3097//3097 2769//2769 3103//3103
f 2763//2763 2769//2769 3097//3097
f 3079//3079 3097//3097 3107//3107
f 3107//3107 3086//3086 3079//3079
f 3107//3107 3103//3103 2613//2613
f 3097//3097 3103//3103 3107//3107
f 534//534 3083//3083 3110//3110
f 3110//3110 535//535 534//534
f 3083//3083 3086//3086 3114//3114
f 3114//3114 3110//3110 3083//3083
f 536//536 535//535 3110//3110
f 537//537 3110//3110 3114//3114
f 536//536 3110//3110 537//537
f 3086//3086 3107//3107 3119//3119
f 3119//3119 3114//3114 3086//3086
f 3119//3119 2613//2613 2669//2669
f 3107//3107 2613//2613 3119//3119
f 2555//2555 538//538 3119//3119
f 538//538 537//537 3119//3119
f 537//537 3114//3114 3119//3119
f 3119//3119 2669//2669 2564//2564
f 2564//2564 2555//2555 3119//3119
f 540//540 539//539 3125//3125
f 539//539 541//541 2652//2652
f 2652//2652 3125//3125 539//539
f 526//526 542//542 3131//3131
f 3131//3131 3054//3054 526//526
f 542//542 543//543 3133//3133
f 3133//3133 3131//3131 542//542
f 3054//3054 3131//3131 2964//2964
f 2964//2964 2869//2869 3054//3054
f 3131//3131 3133//3133 2973//2973
f 2973//2973 2964//2964 3131//3131
f 3134//3134 540//540 3125//3125
f 3134//3134 3133//3133 540//540
f 3133//3133 543//543 540//540
f 3125//3125 2652//2652 2665//2665
f 2665//2665 3134//3134 3125//3125
f 3133//3133 3134//3134 2984//2984
f 2984//2984 2973//2973 3133//3133
f 3134//3134 2665//2665 2702//2702
f 2702//2702 2984//2984 3134//3134
f 545//545 544//544 3137//3137
f 3137//3137 544//544 546//546
f 2662//2662 545//545 3137//3137
f 2662//2662 2652//2652 545//545
f 2652//2652 541//541 545//545
f 2569//2569 546//546 547//547
f 2569//2569 2662//2662 546//546
f 2662//2662 3137//3137 546//546
f 1443//1443 1435//1435 3258//3258
f 3265//3265 1450//1450 3263//3263
f 1450//1450 1443//1443 3263//3263
f 1443//1443 3258//3258 3263//3263
f 1454//1454 1450//1450 3265//3265
f 3270//3270 3273//3273 3280//3280
f 3280//3280 3278//3278 3270//3270
f 3280//3280 3282//3282 3286//3286
f 3273//3273 3282//3282 3280//3280
f 3278//3278 3280//3280 3290//3290
f 3290//3290 3263//3263 3278//3278
f 1462//1462 3280//3280 1460//1460
f 3280//3280 3286//3286 1460//1460
f 1462//1462 3290//3290 3280//3280
f 3282//3282 1465//1465 1469//1469
f 1469//1469 3286//3286 3282//3282
f 3286//3286 1469//1469 1460//1460
f 3263//3263 3290//3290 3299//3299
f 3299//3299 3265//3265 3263//3263
f 3290//3290 1462//1462 1472//1472
f 1472//1472 3299//3299 3290//3290
f 3309//3309 1454//1454 3299//3299
f 1454//1454 3265//3265 3299//3299
f 3309//3309 1478//1478 1454//1454
f 3299//3299 1472//1472 1480//1480
f 1480//1480 3309//3309 3299//3299
f 1496//1496 1478//1478 3309//3309
f 3309//3309 1480//1480 1496//1496
f 6//6 37//37 13//13
f 14//14 80//80 15//15
f 14//14 41//41 80//80
f 14//14 13//13 41//41
f 13//13 37//37 41//41
f 17//17 36//36 5//5
f 29//29 36//36 17//17
f 17//17 3//3 29//29
f 82//82 94//94 85//85
f 85//85 95//95 81//81
f 94//94 95//95 85//85
f 87//87 94//94 82//82
f 96//96 94//94 87//87
f 89//89 96//96 87//87
f 90//90 94//94 96//96
f 90//90 95//95 94//94
f 90//90 91//91 95//95
f 90//90 96//96 89//89
f 553//553 561//561 102//102
f 102//102 97//97 553//553
f 561//561 566//566 106//106
f 106//106 102//102 561//561
f 109//109 573//573 111//111
f 113//113 573//573 109//109
f 573//573 578//578 114//114
f 114//114 111//111 573//573
f 578//578 573//573 113//113
f 113//113 116//116 578//578
f 578//578 585//585 125//125
f 125//125 114//114 578//578
f 585//585 578//578 116//116
f 116//116 163//163 585//585
f 125//125 585//585 175//175
f 175//175 585//585 163//163
f 183//183 555//555 130//130
f 560//560 555//555 183//183
f 183//183 186//186 560//560
f 191//191 560//560 186//186
f 199//199 653//653 195//195
f 656//656 653//653 199//199
f 199//199 214//214 656//656
f 220//220 656//656 214//214
f 658//658 656//656 220//220
f 222//222 658//658 220//220
f 553//553 658//658 222//222
f 227//227 553//553 222//222
f 561//561 553//553 227//227
f 291//291 561//561 227//227
f 566//566 561//561 291//291
f 569//569 676//676 305//305
f 305//305 300//300 569//569
f 305//305 678//678 307//307
f 676//676 678//678 305//305
f 678//678 680//680 309//309
f 309//309 307//307 678//678
f 309//309 680//680 311//311
f 676//676 572//572 683//683
f 569//569 572//572 676//676
f 683//683 572//572 121//121
f 121//121 313//313 683//683
f 678//678 683//683 691//691
f 676//676 683//683 678//678
f 691//691 683//683 313//313
f 313//313 315//315 691//691
f 678//678 691//691 696//696
f 696//696 680//680 678//678
f 696//696 691//691 315//315
f 315//315 344//344 696//696
f 680//680 696//696 351//351
f 351//351 311//311 680//680
f 351//351 696//696 344//344
f 264//264 699//699 266//266
f 269//269 703//703 705//705
f 269//269 266//266 703//703
f 266//266 699//699 703//703
f 269//269 705//705 271//271
f 720//720 717//717 725//725
f 714//714 717//717 720//720
f 276//276 278//278 717//717
f 278//278 725//725 717//717
f 278//278 731//731 725//725
f 703//703 725//725 736//736
f 720//720 725//725 703//703
f 725//725 731//731 817//817
f 817//817 736//736 725//725
f 283//283 731//731 278//278
f 283//283 817//817 731//731
f 283//283 290//290 817//817
f 290//290 823//823 817//817
f 295//295 823//823 290//290
f 705//705 736//736 829//829
f 703//703 736//736 705//705
f 736//736 817//817 839//839
f 839//839 829//829 736//736
f 299//299 271//271 843//843
f 271//271 829//829 843//843
f 271//271 705//705 829//829
f 843//843 839//839 855//855
f 829//829 839//839 843//843
f 817//817 823//823 885//885
f 885//885 839//839 817//817
f 295//295 885//885 823//823
f 295//295 301//301 885//885
f 301//301 890//890 885//885
f 839//839 885//885 892//892
f 892//892 855//855 839//839
f 885//885 890//890 898//898
f 898//898 892//892 885//885
f 843//843 901//901 303//303
f 303//303 299//299 843//843
f 901//901 855//855 903//903
f 843//843 855//855 901//901
f 303//303 901//901 304//304
f 901//901 903//903 306//306
f 306//306 304//304 901//901
f 903//903 892//892 906//906
f 855//855 892//892 903//903
f 892//892 898//898 908//908
f 908//908 906//906 892//892
f 308//308 906//906 914//914
f 308//308 903//903 906//906
f 308//308 306//306 903//903
f 906//906 908//908 918//918
f 918//918 914//914 906//906
f 308//308 914//914 525//525
f 525//525 918//918 526//526
f 914//914 918//918 525//525
f 420//420 924//924 527//527
f 836//836 924//924 420//420
f 528//528 929//929 529//529
f 528//528 930//930 929//929
f 528//528 527//527 930//930
f 527//527 924//924 930//930
f 530//530 890//890 301//301
f 932//932 890//890 530//530
f 531//531 932//932 530//530
f 934//934 932//932 531//531
f 898//898 932//932 940//940
f 890//890 932//932 898//898
f 932//932 934//934 944//944
f 944//944 940//940 932//932
f 531//531 949//949 934//934
f 531//531 529//529 949//949
f 529//529 929//929 949//949
f 949//949 930//930 954//954
f 929//929 930//930 949//949
f 944//944 949//949 960//960
f 934//934 949//949 944//944
f 949//949 954//954 964//964
f 964//964 960//960 949//949
f 532//532 836//836 854//854
f 532//532 533//533 836//836
f 533//533 924//924 836//836
f 532//532 854//854 431//431
f 534//534 924//924 533//533
f 930//930 924//924 534//534
f 954//954 930//930 534//534
f 534//534 535//535 954//954
f 535//535 964//964 954//954
f 535//535 973//973 964//964
f 535//535 536//536 973//973
f 978//978 973//973 536//536
f 536//536 537//537 978//978
f 538//538 978//978 537//537
f 908//908 940//940 990//990
f 898//898 940//940 908//908
f 990//990 944//944 993//993
f 940//940 944//944 990//990
f 908//908 990//990 995//995
f 995//995 918//918 908//908
f 995//995 993//993 997//997
f 990//990 993//993 995//995
f 993//993 960//960 998//998
f 944//944 960//960 993//993
f 998//998 964//964 999//999
f 960//960 964//964 998//998
f 539//539 993//993 998//998
f 539//539 540//540 993//993
f 540//540 997//997 993//993
f 539//539 999//999 541//541
f 998//998 999//999 539//539
f 918//918 995//995 542//542
f 542//542 526//526 918//918
f 542//542 997//997 543//543
f 995//995 997//997 542//542
f 543//543 997//997 540//540
f 544//544 545//545 973//973
f 545//545 964//964 973//973
f 545//545 999//999 964//964
f 546//546 978//978 1003//1003
f 546//546 973//973 978//978
f 546//546 544//544 973//973
f 541//541 999//999 545//545
f 546//546 1003//1003 547//547
f 538//538 1003//1003 978//978
f 538//538 1005//1005 1003//1003
f 538//538 548//548 1005//1005
f 355//355 1005//1005 548//548
f 820//820 1005//1005 355//355
f 547//547 1005//1005 549//549
f 1003//1003 1005//1005 547//547
f 549//549 820//820 373//373
f 1005//1005 820//820 549//549
f 791//791 566//566 291//291
f 291//291 550//550 791//791
f 347//347 791//791 550//550
f 701//701 791//791 347//347
f 1308//1308 1311//1311 1312//1312
f 1172//1172 1311//1311 1308//1308
f 1313//1313 1312//1312 8//8
f 1312//1312 1311//1311 8//8
f 1311//1311 7//7 8//8
f 1309//1309 1312//1312 1314//1314
f 1308//1308 1312//1312 1309//1309
f 1314//1314 1313//1313 1315//1315
f 1312//1312 1313//1313 1314//1314
f 1313//1313 8//8 9//9
f 1316//1316 1315//1315 10//10
f 1315//1315 9//9 10//10
f 1315//1315 1313//1313 9//9
f 1316//1316 10//10 11//11
f 1309//1309 1317//1317 1123//1123
f 1123//1123 1121//1121 1309//1309
f 1123//1123 1317//1317 1126//1126
f 1128//1128 1318//1318 1131//1131
f 1317//1317 1314//1314 1319//1319
f 1309//1309 1314//1314 1317//1317
f 1319//1319 1315//1315 1320//1320
f 1314//1314 1315//1315 1319//1319
f 1133//1133 1126//1126 1321//1321
f 1126//1126 1319//1319 1321//1321
f 1126//1126 1317//1317 1319//1319
f 1319//1319 1320//1320 1322//1322
f 1322//1322 1321//1321 1319//1319
f 1320//1320 1316//1316 1323//1323
f 1315//1315 1316//1316 1320//1320
f 1324//1324 1323//1323 12//12
f 1323//1323 11//11 12//12
f 1323//1323 1316//1316 11//11
f 1320//1320 1323//1323 1325//1325
f 1325//1325 1322//1322 1320//1320
f 1323//1323 1324//1324 1326//1326
f 1326//1326 1325//1325 1323//1323
f 1321//1321 1327//1327 1135//1135
f 1135//1135 1133//1133 1321//1321
f 1321//1321 1322//1322 1328//1328
f 1328//1328 1327//1327 1321//1321
f 1128//1128 1329//1329 1318//1318
f 1128//1128 1327//1327 1329//1329
f 1128//1128 1135//1135 1327//1327
f 1327//1327 1328//1328 1173//1173
f 1173//1173 1329//1329 1327//1327
f 1322//1322 1325//1325 1330//1330
f 1330//1330 1328//1328 1322//1322
f 1325//1325 1326//1326 1331//1331
f 1331//1331 1330//1330 1325//1325
f 1328//1328 1330//1330 1177//1177
f 1177//1177 1173//1173 1328//1328
f 1330//1330 1331//1331 1188//1188
f 1188//1188 1177//1177 1330//1330
f 1131//1131 1332//1332 1136//1136
f 1318//1318 1332//1332 1131//1131
f 1136//1136 1332//1332 1138//1138
f 1318//1318 1329//1329 1333//1333
f 1333//1333 1332//1332 1318//1318
f 1329//1329 1173//1173 1181//1181
f 1181//1181 1333//1333 1329//1329
f 1141//1141 1138//1138 1200//1200
f 1138//1138 1333//1333 1200//1200
f 1138//1138 1332//1332 1333//1333
f 1333//1333 1181//1181 1195//1195
f 1195//1195 1200//1200 1333//1333
f 522//522 1795//1795 1808//1808
f 521//521 1795//1795 522//522
f 522//522 1808//1808 1813//1813
f 1813//1813 523//523 522//522
f 1813//1813 517//517 523//523
f 524//524 519//519 1824//1824
f 435//435 1824//1824 1829//1829
f 524//524 1824//1824 435//435
f 1840//1840 1844//1844 1852//1852
f 1852//1852 1849//1849 1840//1840
f 1844//1844 1860//1860 1865//1865
f 1865//1865 1852//1852 1844//1844
f 1868//1868 1852//1852 1928//1928
f 1849//1849 1852//1852 1868//1868
f 1928//1928 1865//1865 1935//1935
f 1852//1852 1865//1865 1928//1928
f 1860//1860 1941//1941 1943//1943
f 1943//1943 1865//1865 1860//1860
f 1941//1941 1944//1944 1949//1949
f 1949//1949 1943//1943 1941//1941
f 1935//1935 1943//1943 1953//1953
f 1865//1865 1943//1943 1935//1935
f 1953//1953 1949//1949 1958//1958
f 1943//1943 1949//1949 1953//1953
f 1967//1967 1928//1928 2010//2010
f 1868//1868 1928//1928 1967//1967
f 2010//2010 1935//1935 2025//2025
f 1928//1928 1935//1935 2010//2010
f 1829//1829 2010//2010 2030//2030
f 1967//1967 2010//2010 1829//1829
f 105//105 2025//2025 103//103
f 105//105 2010//2010 2025//2025
f 105//105 2030//2030 2010//2010
f 2025//2025 1953//1953 2033//2033
f 1935//1935 1953//1953 2025//2025
f 108//108 1953//1953 107//107
f 1953//1953 1958//1958 107//107
f 108//108 2033//2033 1953//1953
f 103//103 2025//2025 2033//2033
f 2033//2033 110//110 103//103
f 2033//2033 108//108 110//110
f 1944//1944 2039//2039 2047//2047
f 2047//2047 1949//1949 1944//1944
f 2047//2047 2277//2277 2294//2294
f 2039//2039 2277//2277 2047//2047
f 1949//1949 2047//2047 2304//2304
f 2304//2304 1958//1958 1949//1949
f 2304//2304 2294//2294 2307//2307
f 2047//2047 2294//2294 2304//2304
f 2277//2277 2317//2317 2322//2322
f 2322//2322 2294//2294 2277//2277
f 2317//2317 2330//2330 2360//2360
f 2360//2360 2322//2322 2317//2317
f 2307//2307 2322//2322 2365//2365
f 2294//2294 2322//2322 2307//2307
f 2322//2322 2360//2360 2371//2371
f 2371//2371 2365//2365 2322//2322
f 107//107 1958//1958 2304//2304
f 2304//2304 112//112 107//107
f 2378//2378 117//117 2307//2307
f 117//117 112//112 2307//2307
f 112//112 2304//2304 2307//2307
f 122//122 117//117 2378//2378
f 2378//2378 2365//2365 2383//2383
f 2307//2307 2365//2365 2378//2378
f 2383//2383 2371//2371 2391//2391
f 2365//2365 2371//2371 2383//2383
f 2397//2397 127//127 2383//2383
f 127//127 122//122 2383//2383
f 122//122 2378//2378 2383//2383
f 2397//2397 2391//2391 2401//2401
f 2383//2383 2391//2391 2397//2397
f 435//435 1829//1829 2030//2030
f 2030//2030 436//436 435//435
f 2030//2030 105//105 436//436
f 438//438 437//437 2413//2413
f 353//353 439//439 2494//2494
f 2504//2504 438//438 2413//2413
f 2504//2504 439//439 438//438
f 2504//2504 2494//2494 439//439
f 441//441 440//440 2510//2510
f 442//442 2397//2397 2538//2538
f 127//127 2397//2397 442//442
f 2397//2397 2401//2401 2552//2552
f 2552//2552 2538//2538 2397//2397
f 2558//2558 442//442 2538//2538
f 2558//2558 440//440 442//442
f 2558//2558 2510//2510 440//440
f 2538//2538 2552//2552 2562//2562
f 2562//2562 2558//2558 2538//2538
f 437//437 443//443 2567//2567
f 2567//2567 2413//2413 437//437
f 2570//2570 441//441 2510//2510
f 2570//2570 443//443 441//441
f 2570//2570 2567//2567 443//443
f 2413//2413 2567//2567 2575//2575
f 2575//2575 2504//2504 2413//2413
f 2567//2567 2570//2570 2577//2577
f 2577//2577 2575//2575 2567//2567
f 2510//2510 2558//2558 2582//2582
f 2582//2582 2570//2570 2510//2510
f 2558//2558 2562//2562 2584//2584
f 2584//2584 2582//2582 2558//2558
f 2570//2570 2582//2582 2588//2588
f 2588//2588 2577//2577 2570//2570
f 2582//2582 2584//2584 2589//2589
f 2589//2589 2588//2588 2582//2582
f 2596//2596 1781//1781 2599//2599
f 1771//1771 1781//1781 2596//2596
f 2599//2599 1783//1783 2721//2721
f 1781//1781 1783//1783 2599//2599
f 2727//2727 2599//2599 2732//2732
f 2596//2596 2599//2599 2727//2727
f 2732//2732 2721//2721 2734//2734
f 2599//2599 2721//2721 2732//2732
f 2741//2741 2732//2732 3175//3175
f 2727//2727 2732//2732 2741//2741
f 3175//3175 2734//2734 3179//3179
f 2732//2732 2734//2734 3175//3175
f 2741//2741 3175//3175 3183//3183
f 3183//3183 3181//3181 2741//2741
f 3183//3183 3179//3179 3184//3184
f 3175//3175 3179//3179 3183//3183
f 1783//1783 2463//2463 3187//3187
f 3187//3187 2721//2721 1783//1783
f 3187//3187 2465//2465 3188//3188
f 2463//2463 2465//2465 3187//3187
f 2721//2721 3187//3187 3190//3190
f 3190//3190 2734//2734 2721//2721
f 3187//3187 3188//3188 3191//3191
f 3191//3191 3190//3190 3187//3187
f 3188//3188 2512//2512 3192//3192
f 2465//2465 2512//2512 3188//3188
f 445//445 2512//2512 444//444
f 2512//2512 2516//2516 444//444
f 445//445 3192//3192 2512//2512
f 3188//3188 3192//3192 3193//3193
f 3193//3193 3191//3191 3188//3188
f 3192//3192 445//445 446//446
f 446//446 3193//3193 3192//3192
f 3179//3179 3190//3190 3194//3194
f 2734//2734 3190//3190 3179//3179
f 3190//3190 3191//3191 3195//3195
f 3195//3195 3194//3194 3190//3190
f 3184//3184 3194//3194 3196//3196
f 3179//3179 3194//3194 3184//3184
f 3196//3196 3195//3195 3197//3197
f 3194//3194 3195//3195 3196//3196
f 3191//3191 3193//3193 3198//3198
f 3198//3198 3195//3195 3191//3191
f 2083//2083 3198//3198 447//447
f 3198//3198 446//446 447//447
f 3198//3198 3193//3193 446//446
f 3195//3195 3198//3198 3199//3199
f 3199//3199 3197//3197 3195//3195
f 3198//3198 2083//2083 2100//2100
f 2100//2100 3199//3199 3198//3198
f 3184//3184 3196//3196 3201//3201
f 3201//3201 3200//3200 3184//3184
f 3196//3196 3197//3197 3202//3202
f 3202//3202 3201//3201 3196//3196
f 3200//3200 3201//3201 3204//3204
f 3204//3204 3203//3203 3200//3200
f 3201//3201 3202//3202 3205//3205
f 3205//3205 3204//3204 3201//3201
f 3197//3197 3199//3199 3206//3206
f 3206//3206 3202//3202 3197//3197
f 3206//3206 2100//2100 2172//2172
f 3199//3199 2100//2100 3206//3206
f 3205//3205 3206//3206 3207//3207
f 3202//3202 3206//3206 3205//3205
f 3207//3207 2172//2172 2189//2189
f 3206//3206 2172//2172 3207//3207
f 2516//2516 267//267 444//444
f 548//548 538//538 2555//2555
f 355//355 2555//2555 2564//2564
f 548//548 2555//2555 355//355
f 547//547 549//549 2643//2643
f 2643//2643 2569//2569 547//547
f 549//549 373//373 2648//2648
f 2648//2648 2643//2643 549//549
f 2652//2652 2662//2662 2694//2694
f 2694//2694 2665//2665 2652//2652
f 2662//2662 2569//2569 2700//2700
f 2700//2700 2694//2694 2662//2662
f 2665//2665 2694//2694 2706//2706
f 2706//2706 2702//2702 2665//2665
f 2706//2706 2700//2700 2710//2710
f 2694//2694 2700//2700 2706//2706
f 2569//2569 2643//2643 2713//2713
f 2713//2713 2700//2700 2569//2569
f 2643//2643 2648//2648 2717//2717
f 2717//2717 2713//2713 2643//2643
f 2710//2710 2713//2713 2723//2723
f 2700//2700 2713//2713 2710//2710
f 2713//2713 2717//2717 2726//2726
f 2726//2726 2723//2723 2713//2713
f 291//291 2262//2262 2740//2740
f 2740//2740 550//550 291//291
f 2740//2740 2270//2270 2744//2744
f 2262//2262 2270//2270 2740//2740
f 550//550 2740//2740 2765//2765
f 2765//2765 347//347 550//550
f 2765//2765 2744//2744 2836//2836
f 2740//2740 2744//2744 2765//2765
f 2270//2270 2278//2278 2838//2838
f 2838//2838 2744//2744 2270//2270
f 2838//2838 2278//2278 1414//1414
f 1414//1414 1418//1418 2838//2838
f 2744//2744 2838//2838 2841//2841
f 2841//2841 2836//2836 2744//2744
f 1418//1418 1485//1485 2838//2838
f 1485//1485 2841//2841 2838//2838
f 1485//1485 2846//2846 2841//2841
f 354//354 2765//2765 2850//2850
f 347//347 2765//2765 354//354
f 2765//2765 2836//2836 2854//2854
f 2854//2854 2850//2850 2765//2765
f 354//354 2850//2850 2875//2875
f 2875//2875 356//356 354//354
f 2875//2875 2854//2854 2879//2879
f 2850//2850 2854//2854 2875//2875
f 2836//2836 2841//2841 2883//2883
f 2883//2883 2854//2854 2836//2836
f 2841//2841 2846//2846 2888//2888
f 2888//2888 2883//2883 2841//2841
f 2879//2879 2883//2883 2892//2892
f 2854//2854 2883//2883 2879//2879
f 2883//2883 2888//2888 2894//2894
f 2894//2894 2892//2892 2883//2883
f 1494//1494 2308//2308 1501//1501
f 1525//1525 2311//2311 2898//2898
f 1525//1525 1501//1501 2311//2311
f 1501//1501 2308//2308 2311//2311
f 1528//1528 2846//2846 1485//1485
f 2898//2898 2904//2904 1530//1530
f 1530//1530 1525//1525 2898//2898
f 2311//2311 2909//2909 2911//2911
f 2911//2911 2898//2898 2311//2311
f 2909//2909 2917//2917 2920//2920
f 2920//2920 2911//2911 2909//2909
f 2898//2898 2911//2911 2921//2921
f 2921//2921 2904//2904 2898//2898
f 1535//1535 1540//1540 2920//2920
f 1540//1540 2911//2911 2920//2920
f 1540//1540 2921//2921 2911//2911
f 1528//1528 2922//2922 2846//2846
f 2922//2922 2888//2888 2846//2846
f 1528//1528 1543//1543 2922//2922
f 1543//1543 1530//1530 2922//2922
f 1530//1530 2924//2924 2922//2922
f 1530//1530 2904//2904 2924//2924
f 2888//2888 2922//2922 2930//2930
f 2930//2930 2894//2894 2888//2888
f 2922//2922 2924//2924 2932//2932
f 2932//2932 2930//2930 2922//2922
f 1546//1546 2904//2904 2921//2921
f 1546//1546 1548//1548 2904//2904
f 1548//1548 2924//2924 2904//2904
f 1546//1546 2921//2921 1540//1540
f 1548//1548 2932//2932 2924//2924
f 1548//1548 1553//1553 2932//2932
f 1553//1553 2934//2934 2932//2932
f 1554//1554 2934//2934 1553//1553
f 2668//2668 363//363 378//378
f 2875//2875 370//370 356//356
f 2939//2939 403//403 2879//2879
f 403//403 370//370 2879//2879
f 370//370 2875//2875 2879//2879
f 2949//2949 2682//2682 407//407
f 2682//2682 378//378 407//407
f 2682//2682 2668//2668 378//378
f 2949//2949 407//407 410//410
f 2939//2939 408//408 403//403
f 2939//2939 2892//2892 2955//2955
f 2879//2879 2892//2892 2939//2939
f 2955//2955 2894//2894 2957//2957
f 2892//2892 2894//2894 2955//2955
f 411//411 2939//2939 2955//2955
f 408//408 2939//2939 411//411
f 2960//2960 414//414 2957//2957
f 414//414 2955//2955 2957//2957
f 414//414 411//411 2955//2955
f 2745//2745 2949//2949 2961//2961
f 2682//2682 2949//2949 2745//2745
f 2965//2965 410//410 416//416
f 2965//2965 2961//2961 410//410
f 2961//2961 2949//2949 410//410
f 2769//2769 2961//2961 2970//2970
f 2745//2745 2961//2961 2769//2769
f 2970//2970 2965//2965 2974//2974
f 2961//2961 2965//2965 2970//2970
f 416//416 418//418 2980//2980
f 2980//2980 2965//2965 416//416
f 2985//2985 414//414 2960//2960
f 2985//2985 418//418 414//414
f 2985//2985 2980//2980 418//418
f 2965//2965 2980//2980 2988//2988
f 2988//2988 2974//2974 2965//2965
f 2980//2980 2985//2985 2808//2808
f 2808//2808 2988//2988 2980//2980
f 2957//2957 2930//2930 2993//2993
f 2894//2894 2930//2930 2957//2957
f 2930//2930 2932//2932 2996//2996
f 2996//2996 2993//2993 2930//2930
f 2960//2960 2993//2993 2998//2998
f 2957//2957 2993//2993 2960//2960
f 2998//2998 2996//2996 2999//2999
f 2993//2993 2996//2996 2998//2998
f 2932//2932 2934//2934 3005//3005
f 3005//3005 2996//2996 2932//2932
f 1554//1554 1558//1558 2934//2934
f 1558//1558 3005//3005 2934//2934
f 1558//1558 3009//3009 3005//3005
f 2999//2999 3005//3005 3011//3011
f 2996//2996 3005//3005 2999//2999
f 3005//3005 3009//3009 3015//3015
f 3015//3015 3011//3011 3005//3005
f 2960//2960 2998//2998 3017//3017
f 3017//3017 2985//2985 2960//2960
f 2998//2998 2999//2999 3019//3019
f 3019//3019 3017//3017 2998//2998
f 2985//2985 3017//3017 2822//2822
f 2822//2822 2808//2808 2985//2985
f 2822//2822 3019//3019 2832//2832
f 3017//3017 3019//3019 2822//2822
f 2999//2999 3011//3011 3022//3022
f 3022//3022 3019//3019 2999//2999
f 3011//3011 3015//3015 3024//3024
f 3024//3024 3022//3022 3011//3011
f 2832//2832 3022//3022 2886//2886
f 3019//3019 3022//3022 2832//2832
f 2886//2886 3024//3024 2893//2893
f 3022//3022 3024//3024 2886//2886
f 2917//2917 3030//3030 3035//3035
f 3035//3035 2920//2920 2917//2917
f 3030//3030 3039//3039 3040//3040
f 3040//3040 3035//3035 3030//3030
f 2920//2920 3035//3035 1561//1561
f 1561//1561 1535//1535 2920//2920
f 1565//1565 3040//3040 3044//3044
f 1565//1565 3035//3035 3040//3040
f 1565//1565 1561//1561 3035//3035
f 1565//1565 3044//3044 1566//1566
f 3044//3044 3048//3048 1567//1567
f 1567//1567 1566//1566 3044//3044
f 1567//1567 3051//3051 1568//1568
f 3048//3048 3051//3051 1567//1567
f 1569//1569 3056//3056 3065//3065
f 1569//1569 3051//3051 3056//3056
f 1569//1569 1568//1568 3051//3051
f 3065//3065 3067//3067 3068//3068
f 3056//3056 3067//3067 3065//3065
f 1569//1569 3065//3065 1570//1570
f 1571//1571 1570//1570 3076//3076
f 1570//1570 3068//3068 3076//3076
f 1570//1570 3065//3065 3068//3068
f 1572//1572 3009//3009 1558//1558
f 1573//1573 3082//3082 1574//1574
f 1572//1572 3015//3015 3009//3009
f 1572//1572 1575//1575 3015//3015
f 1575//1575 3213//3213 3015//3015
f 1575//1575 1574//1574 3213//3213
f 1574//1574 3214//3214 3213//3213
f 1574//1574 3082//3082 3214//3214
f 3215//3215 3082//3082 1573//1573
f 1573//1573 1576//1576 3215//3215
f 1577//1577 3215//3215 1576//1576
f 3214//3214 3215//3215 3216//3216
f 3082//3082 3215//3215 3214//3214
f 1577//1577 1578//1578 3215//3215
f 1578//1578 3217//3217 3215//3215
f 3217//3217 3216//3216 3215//3215
f 3024//3024 3213//3213 3218//3218
f 3015//3015 3213//3213 3024//3024
f 3218//3218 3214//3214 3219//3219
f 3213//3213 3214//3214 3218//3218
f 397//397 3024//3024 422//422
f 3024//3024 3218//3218 422//422
f 397//397 2893//2893 3024//3024
f 422//422 3218//3218 3219//3219
f 3219//3219 424//424 422//422
f 428//428 3214//3214 426//426
f 3214//3214 3216//3216 426//426
f 428//428 3219//3219 3214//3214
f 3220//3220 426//426 3217//3217
f 426//426 3216//3216 3217//3217
f 3220//3220 430//430 426//426
f 402//402 432//432 3138//3138
f 428//428 424//424 3219//3219
f 3142//3142 3138//3138 3220//3220
f 3138//3138 432//432 3220//3220
f 432//432 430//430 3220//3220
f 3076//3076 3221//3221 1579//1579
f 1579//1579 1571//1571 3076//3076
f 1580//1580 3217//3217 1578//1578
f 3221//3221 3222//3222 1581//1581
f 1581//1581 1579//1579 3221//3221
f 1582//1582 3217//3217 1580//1580
f 3220//3220 3217//3217 1582//1582
f 1581//1581 3222//3222 1583//1583
f 3142//3142 3220//3220 1582//1582
f 1582//1582 1532//1532 3142//3142
f 1584//1584 1583//1583 3224//3224
f 1583//1583 3223//3223 3224//3224
f 1583//1583 3222//3222 3223//3223
f 3224//3224 3225//3225 3226//3226
f 3223//3223 3225//3225 3224//3224
f 3224//3224 3151//3151 1534//1534
f 1534//1534 1584//1584 3224//3224
f 3224//3224 3226//3226 3155//3155
f 3155//3155 3151//3151 3224//3224
f 2769//2769 2970//2970 3227//3227
f 3227//3227 3103//3103 2769//2769
f 2970//2970 2974//2974 3228//3228
f 3228//3228 3227//3227 2970//2970
f 2613//2613 3227//3227 2624//2624
f 3103//3103 3227//3227 2613//2613
f 2624//2624 3228//3228 2683//2683
f 3227//3227 3228//3228 2624//2624
f 2974//2974 2988//2988 3229//3229
f 3229//3229 3228//3228 2974//2974
f 2988//2988 2808//2808 2825//2825
f 2825//2825 3229//3229 2988//2988
f 2683//2683 3229//3229 2758//2758
f 3228//3228 3229//3229 2683//2683
f 3229//3229 2825//2825 2786//2786
f 2786//2786 2758//2758 3229//3229
f 1476//1476 1464//1464 3234//3234
f 3234//3234 1481//1481 3235//3235
f 1464//1464 1481//1481 3234//3234
f 1488//1488 1476//1476 3234//3234
f 1491//1491 3234//3234 3235//3235
f 1488//1488 3234//3234 1491//1491
f 3235//3235 1481//1481 1500//1500
f 3231//3231 1498//1498 1438//1438
f 1498//1498 3231//3231 3236//3236
f 3236//3236 1503//1503 1498//1498
f 3235//3235 1500//1500 1491//1491
f 1503//1503 3236//3236 3238//3238
f 3238//3238 1506//1506 1503//1503
f 3238//3238 1508//1508 1506//1506
f 1512//1512 1510//1510 3241//3241
f 3247//3247 1514//1514 3245//3245
f 3247//3247 1510//1510 1514//1514
f 3247//3247 3241//3241 1510//1510
f 1515//1515 1512//1512 3241//3241
f 1517//1517 3241//3241 3247//3247
f 1515//1515 3241//3241 1517//1517
f 3245//3245 3252//3252 3257//3257
f 3257//3257 3247//3247 3245//3245
f 3252//3252 1521//1521 1522//1522
f 1522//1522 3257//3257 3252//3252
f 1517//1517 3247//3247 3257//3257
f 3257//3257 1524//1524 1517//1517
f 3257//3257 1522//1522 1524//1524
f 16//16 30//30 18//18
f 27//27 30//30 16//16
f 18//18 30//30 19//19
f 30//30 32//32 34//34
f 27//27 32//32 30//30
f 34//34 35//35 39//39
f 32//32 35//35 34//34
f 20//20 34//34 42//42
f 20//20 19//19 34//34
f 19//19 30//30 34//34
f 42//42 39//39 44//44
f 34//34 39//39 42//42
f 20//20 42//42 21//21
f 22//22 44//44 46//46
f 22//22 21//21 44//44
f 21//21 42//42 44//44
f 22//22 46//46 23//23
f 39//39 47//47 50//50
f 35//35 47//47 39//39
f 50//50 52//52 54//54
f 47//47 52//52 50//50
f 44//44 50//50 55//55
f 39//39 50//50 44//44
f 55//55 54//54 56//56
f 50//50 54//54 55//55
f 54//54 57//57 58//58
f 52//52 57//57 54//54
f 58//58 59//59 60//60
f 57//57 59//59 58//58
f 56//56 58//58 61//61
f 54//54 58//58 56//56
f 61//61 60//60 62//62
f 58//58 60//60 61//61
f 46//46 55//55 63//63
f 44//44 55//55 46//46
f 63//63 56//56 64//64
f 55//55 56//56 63//63
f 24//24 63//63 65//65
f 24//24 23//23 63//63
f 23//23 46//46 63//63
f 65//65 64//64 66//66
f 63//63 64//64 65//65
f 64//64 61//61 67//67
f 56//56 61//61 64//64
f 67//67 62//62 68//68
f 61//61 62//62 67//67
f 66//66 67//67 69//69
f 64//64 67//67 66//66
f 69//69 68//68 70//70
f 67//67 68//68 69//69
f 24//24 65//65 25//25
f 26//26 66//66 71//71
f 26//26 25//25 66//66
f 25//25 65//65 66//66
f 26//26 72//72 7//7
f 71//71 72//72 26//26
f 81//81 95//95 92//92
f 92//92 95//95 91//91
f 130//130 555//555 134//134
f 134//134 560//560 136//136
f 555//555 560//560 134//134
f 567//567 574//574 588//588
f 588//588 581//581 567//567
f 574//574 591//591 592//592
f 592//592 588//588 574//574
f 581//581 588//588 143//143
f 143//143 142//142 581//581
f 143//143 592//592 148//148
f 588//588 592//592 143//143
f 591//591 594//594 599//599
f 599//599 592//592 591//591
f 606//606 81//81 92//92
f 606//606 599//599 81//81
f 599//599 594//594 81//81
f 148//148 599//599 151//151
f 592//592 599//599 148//148
f 599//599 606//606 157//157
f 157//157 151//151 599//599
f 621//621 91//91 612//612
f 621//621 92//92 91//91
f 621//621 606//606 92//92
f 161//161 166//166 629//629
f 166//166 621//621 629//629
f 621//621 612//612 629//629
f 606//606 621//621 172//172
f 172//172 157//157 606//606
f 172//172 621//621 166//166
f 161//161 629//629 180//180
f 641//641 623//623 190//190
f 190//190 198//198 641//641
f 203//203 641//641 198//198
f 623//623 641//641 645//645
f 645//645 628//628 623//623
f 206//206 641//641 203//203
f 645//645 641//641 206//206
f 136//136 560//560 191//191
f 195//195 653//653 213//213
f 213//213 656//656 226//226
f 653//653 656//656 213//213
f 226//226 658//658 232//232
f 656//656 658//658 226//226
f 658//658 553//553 97//97
f 97//97 232//232 658//658
f 239//239 660//660 663//663
f 239//239 242//242 660//660
f 242//242 667//667 660//660
f 239//239 663//663 258//258
f 262//262 667//667 242//242
f 265//265 673//673 270//270
f 704//704 673//673 265//265
f 265//265 275//275 704//704
f 270//270 673//673 279//279
f 286//286 704//704 715//715
f 286//286 673//673 704//704
f 286//286 279//279 673//673
f 286//286 715//715 289//289
f 293//293 719//719 298//298
f 719//719 714//714 302//302
f 302//302 298//298 719//719
f 733//733 719//719 293//293
f 293//293 310//310 733//733
f 330//330 733//733 310//310
f 714//714 733//733 717//717
f 719//719 733//733 714//714
f 717//717 733//733 330//330
f 330//330 276//276 717//717
f 338//338 704//704 275//275
f 740//740 704//704 338//338
f 743//743 740//740 338//338
f 338//338 341//341 743//743
f 349//349 743//743 341//341
f 750//750 743//743 349//349
f 359//359 750//750 349//349
f 715//715 740//740 757//757
f 704//704 740//740 715//715
f 740//740 743//743 774//774
f 774//774 757//757 740//740
f 289//289 757//757 362//362
f 715//715 757//757 289//289
f 362//362 774//774 364//364
f 757//757 774//774 362//362
f 743//743 750//750 781//781
f 781//781 774//774 743//743
f 359//359 781//781 750//750
f 359//359 368//368 781//781
f 368//368 783//783 781//781
f 377//377 781//781 787//787
f 377//377 364//364 781//781
f 364//364 774//774 781//781
f 781//781 783//783 788//788
f 788//788 787//787 781//781
f 106//106 791//791 382//382
f 566//566 791//791 106//106
f 382//382 701//701 393//393
f 791//791 701//701 382//382
f 395//395 783//783 368//368
f 396//396 783//783 395//395
f 788//788 783//783 396//396
f 393//393 706//706 399//399
f 701//701 706//706 393//393
f 399//399 711//711 401//401
f 706//706 711//711 399//399
f 377//377 787//787 404//404
f 413//413 788//788 801//801
f 413//413 404//404 788//788
f 404//404 787//787 788//788
f 413//413 830//830 415//415
f 801//801 830//830 413//413
f 415//415 830//830 417//417
f 419//419 836//836 420//420
f 396//396 421//421 788//788
f 421//421 801//801 788//788
f 421//421 842//842 801//801
f 423//423 842//842 421//421
f 801//801 842//842 844//844
f 844//844 830//830 801//801
f 425//425 842//842 423//423
f 844//844 842//842 425//425
f 401//401 711//711 363//363
f 427//427 417//417 850//850
f 417//417 844//844 850//850
f 417//417 830//830 844//844
f 429//429 844//844 425//425
f 850//850 844//844 429//429
f 419//419 854//854 836//836
f 419//419 427//427 854//854
f 427//427 850//850 854//854
f 431//431 850//850 429//429
f 854//854 850//850 431//431
f 433//433 859//859 434//434
f 433//433 714//714 859//859
f 714//714 720//720 859//859
f 433//433 302//302 714//714
f 859//859 699//699 264//264
f 264//264 434//434 859//859
f 699//699 720//720 703//703
f 859//859 720//720 699//699
f 118//118 104//104 1618//1618
f 1618//1618 120//120 1672//1672
f 104//104 120//120 1618//1618
f 1672//1672 126//126 1706//1706
f 120//120 126//126 1672//1672
f 1706//1706 129//129 1713//1713
f 126//126 129//129 1706//1706
f 1738//1738 1729//1729 1744//1744
f 1722//1722 1729//1729 1738//1738
f 1744//1744 1748//1748 1760//1760
f 1729//1729 1748//1748 1744//1744
f 1738//1738 1744//1744 1768//1768
f 1768//1768 1764//1764 1738//1738
f 1768//1768 1760//1760 1774//1774
f 1744//1744 1760//1760 1768//1768
f 1760//1760 1777//1777 1778//1778
f 1748//1748 1777//1777 1760//1760
f 1778//1778 1784//1784 1788//1788
f 1777//1777 1784//1784 1778//1778
f 1774//1774 1778//1778 1794//1794
f 1760//1760 1778//1778 1774//1774
f 1794//1794 1788//1788 1797//1797
f 1778//1778 1788//1788 1794//1794
f 138//138 1764//1764 1768//1768
f 137//137 1764//1764 138//138
f 1800//1800 140//140 1774//1774
f 140//140 138//138 1774//1774
f 138//138 1768//1768 1774//1774
f 145//145 140//140 1800//1800
f 1800//1800 1794//1794 1804//1804
f 1774//1774 1794//1794 1800//1800
f 1804//1804 1797//1797 1805//1805
f 1794//1794 1797//1797 1804//1804
f 150//150 1800//1800 1804//1804
f 145//145 1800//1800 150//150
f 1807//1807 1804//1804 1805//1805
f 1807//1807 150//150 1804//1804
f 1807//1807 155//155 150//150
f 1788//1788 1817//1817 1819//1819
f 1784//1784 1817//1817 1788//1788
f 1817//1817 1825//1825 1830//1830
f 1830//1830 1819//1819 1817//1817
f 1797//1797 1819//1819 1832//1832
f 1788//1788 1819//1819 1797//1797
f 1832//1832 1830//1830 1858//1858
f 1819//1819 1830//1830 1832//1832
f 1825//1825 1867//1867 1870//1870
f 1870//1870 1830//1830 1825//1825
f 1867//1867 1711//1711 1717//1717
f 1717//1717 1870//1870 1867//1867
f 1830//1830 1870//1870 1873//1873
f 1873//1873 1858//1858 1830//1830
f 1870//1870 1717//1717 1756//1756
f 1756//1756 1873//1873 1870//1870
f 1805//1805 1832//1832 1880//1880
f 1797//1797 1832//1832 1805//1805
f 1880//1880 1858//1858 1910//1910
f 1832//1832 1858//1858 1880//1880
f 1807//1807 1880//1880 1914//1914
f 1805//1805 1880//1880 1807//1807
f 1880//1880 1910//1910 1923//1923
f 1923//1923 1914//1914 1880//1880
f 1910//1910 1873//1873 1934//1934
f 1858//1858 1873//1873 1910//1910
f 1934//1934 1756//1756 1809//1809
f 1873//1873 1756//1756 1934//1934
f 1923//1923 1934//1934 1940//1940
f 1910//1910 1934//1934 1923//1923
f 1940//1940 1809//1809 1862//1862
f 1934//1934 1809//1809 1940//1940
f 164//164 155//155 1807//1807
f 1713//1713 129//129 152//152
f 169//169 167//167 1950//1950
f 1950//1950 173//173 1954//1954
f 167//167 173//173 1950//1950
f 173//173 188//188 1957//1957
f 1957//1957 1954//1954 173//173
f 1964//1964 196//196 1914//1914
f 196//196 164//164 1914//1914
f 164//164 1807//1807 1914//1914
f 1964//1964 1923//1923 1985//1985
f 1914//1914 1923//1923 1964//1964
f 202//202 196//196 1964//1964
f 207//207 1964//1964 1985//1985
f 202//202 1964//1964 207//207
f 1923//1923 1940//1940 1998//1998
f 1998//1998 1985//1985 1923//1923
f 1940//1940 1862//1862 1994//1994
f 1994//1994 1998//1998 1940//1940
f 207//207 1985//1985 1998//1998
f 1998//1998 210//210 207//207
f 210//210 1998//1998 1994//1994
f 1994//1994 160//160 210//210
f 1957//1957 188//188 216//216
f 230//230 224//224 2006//2006
f 224//224 234//234 2009//2009
f 2009//2009 2006//2006 224//224
f 2017//2017 230//230 2006//2006
f 2017//2017 217//217 230//230
f 2017//2017 2013//2013 217//217
f 2017//2017 2009//2009 2018//2018
f 2006//2006 2009//2009 2017//2017
f 2009//2009 234//234 237//237
f 2018//2018 237//237 241//241
f 2009//2009 237//237 2018//2018
f 2013//2013 2017//2017 2108//2108
f 2108//2108 2105//2105 2013//2013
f 2108//2108 2018//2018 2111//2111
f 2017//2017 2018//2018 2108//2108
f 2116//2116 2108//2108 2118//2118
f 2105//2105 2108//2108 2116//2116
f 2108//2108 2111//2111 2122//2122
f 2122//2122 2118//2118 2108//2108
f 2128//2128 2111//2111 247//247
f 2111//2111 241//241 247//247
f 2111//2111 2018//2018 241//241
f 2128//2128 247//247 249//249
f 2111//2111 2128//2128 2131//2131
f 2131//2131 2122//2122 2111//2111
f 1615//1615 2131//2131 252//252
f 2131//2131 249//249 252//252
f 2131//2131 2128//2128 249//249
f 256//256 118//118 1618//1618
f 2136//2136 256//256 1672//1672
f 256//256 1618//1618 1672//1672
f 2136//2136 294//294 256//256
f 332//332 328//328 2138//2138
f 2141//2141 328//328 2136//2136
f 328//328 294//294 2136//2136
f 2141//2141 2138//2138 328//328
f 2136//2136 1706//1706 2147//2147
f 1672//1672 1706//1706 2136//2136
f 2147//2147 1713//1713 1739//1739
f 1706//1706 1713//1713 2147//2147
f 2141//2141 2147//2147 2153//2153
f 2136//2136 2147//2147 2141//2141
f 2147//2147 1739//1739 1970//1970
f 1970//1970 2153//2153 2147//2147
f 340//340 332//332 2138//2138
f 2158//2158 340//340 2141//2141
f 340//340 2138//2138 2141//2141
f 2158//2158 345//345 340//340
f 1615//1615 374//374 1620//1620
f 252//252 374//374 1615//1615
f 1631//1631 374//374 2158//2158
f 374//374 345//345 2158//2158
f 1631//1631 1620//1620 374//374
f 2141//2141 2153//2153 2168//2168
f 2168//2168 2158//2158 2141//2141
f 2168//2168 1970//1970 2110//2110
f 2153//2153 1970//1970 2168//2168
f 2158//2158 2168//2168 1663//1663
f 1663//1663 1631//1631 2158//2158
f 1663//1663 2110//2110 1669//1669
f 2168//2168 2110//2110 1663//1663
f 2178//2178 2118//2118 2185//2185
f 2116//2116 2118//2118 2178//2178
f 2185//2185 2122//2122 2188//2188
f 2118//2118 2122//2122 2185//2185
f 2193//2193 2185//2185 2585//2585
f 2178//2178 2185//2185 2193//2193
f 2585//2585 2188//2188 2593//2593
f 2185//2185 2188//2188 2585//2585
f 2122//2122 2131//2131 2597//2597
f 2597//2597 2188//2188 2122//2122
f 2131//2131 1615//1615 1623//1623
f 1623//1623 2597//2597 2131//2131
f 2593//2593 2597//2597 2600//2600
f 2188//2188 2597//2597 2593//2593
f 2600//2600 1623//1623 1639//1639
f 2597//2597 1623//1623 2600//2600
f 380//380 2193//2193 2585//2585
f 245//245 2193//2193 380//380
f 383//383 2585//2585 2593//2593
f 380//380 2585//2585 383//383
f 383//383 2593//2593 2600//2600
f 2600//2600 385//385 383//383
f 1695//1695 387//387 1639//1639
f 387//387 385//385 1639//1639
f 385//385 2600//2600 1639//1639
f 100//100 387//387 1695//1695
f 2669//2669 2624//2624 2677//2677
f 2613//2613 2624//2624 2669//2669
f 2677//2677 2683//2683 2691//2691
f 2624//2624 2683//2683 2677//2677
f 2564//2564 2677//2677 2742//2742
f 2669//2669 2677//2677 2564//2564
f 2742//2742 2691//2691 2749//2749
f 2677//2677 2691//2691 2742//2742
f 2691//2691 2758//2758 2774//2774
f 2683//2683 2758//2758 2691//2691
f 2774//2774 2786//2786 2791//2791
f 2758//2758 2786//2786 2774//2774
f 2749//2749 2774//2774 2794//2794
f 2691//2691 2774//2774 2749//2749
f 2794//2794 2791//2791 2800//2800
f 2774//2774 2791//2791 2794//2794
f 2808//2808 2822//2822 2826//2826
f 2826//2826 2825//2825 2808//2808
f 2822//2822 2832//2832 2871//2871
f 2871//2871 2826//2826 2822//2822
f 2825//2825 2826//2826 2878//2878
f 2878//2878 2786//2786 2825//2825
f 2826//2826 2871//2871 2881//2881
f 2881//2881 2878//2878 2826//2826
f 2832//2832 2886//2886 2890//2890
f 2890//2890 2871//2871 2832//2832
f 2886//2886 2893//2893 2899//2899
f 2899//2899 2890//2890 2886//2886
f 2871//2871 2890//2890 2903//2903
f 2903//2903 2881//2881 2871//2871
f 2890//2890 2899//2899 2906//2906
f 2906//2906 2903//2903 2890//2890
f 2786//2786 2878//2878 2910//2910
f 2910//2910 2791//2791 2786//2786
f 2878//2878 2881//2881 2916//2916
f 2916//2916 2910//2910 2878//2878
f 2800//2800 2910//2910 2936//2936
f 2791//2791 2910//2910 2800//2800
f 2910//2910 2916//2916 2941//2941
f 2941//2941 2936//2936 2910//2910
f 2881//2881 2903//2903 2943//2943
f 2943//2943 2916//2916 2881//2881
f 2903//2903 2906//2906 2945//2945
f 2945//2945 2943//2943 2903//2903
f 2941//2941 2943//2943 2947//2947
f 2916//2916 2943//2943 2941//2941
f 2947//2947 2945//2945 2951//2951
f 2943//2943 2945//2945 2947//2947
f 360//360 2564//2564 2742//2742
f 355//355 2564//2564 360//360
f 2966//2966 366//366 2749//2749
f 366//366 2742//2742 2749//2749
f 366//366 360//360 2742//2742
f 2648//2648 373//373 376//376
f 379//379 366//366 2966//2966
f 2966//2966 2794//2794 2971//2971
f 2749//2749 2794//2794 2966//2966
f 2971//2971 2800//2800 2977//2977
f 2794//2794 2800//2800 2971//2971
f 381//381 2966//2966 2971//2971
f 379//379 2966//2966 381//381
f 381//381 2971//2971 2977//2977
f 2977//2977 384//384 381//381
f 2983//2983 376//376 386//386
f 2983//2983 2717//2717 376//376
f 2717//2717 2648//2648 376//376
f 386//386 388//388 3001//3001
f 3001//3001 2983//2983 386//386
f 2717//2717 2983//2983 3006//3006
f 3006//3006 2726//2726 2717//2717
f 2983//2983 3001//3001 3032//3032
f 3032//3032 3006//3006 2983//2983
f 3001//3001 389//389 3036//3036
f 388//388 389//389 3001//3001
f 3036//3036 390//390 3038//3038
f 389//389 390//390 3036//3036
f 3001//3001 3036//3036 3041//3041
f 3041//3041 3032//3032 3001//3001
f 3041//3041 3038//3038 3045//3045
f 3036//3036 3038//3038 3041//3041
f 2977//2977 2936//2936 3050//3050
f 2800//2800 2936//2936 2977//2977
f 3050//3050 2941//2941 3053//3053
f 2936//2936 2941//2941 3050//3050
f 384//384 2977//2977 3050//3050
f 3050//3050 391//391 384//384
f 3057//3057 392//392 3053//3053
f 392//392 391//391 3053//3053
f 391//391 3050//3050 3053//3053
f 3053//3053 2947//2947 3063//3063
f 2941//2941 2947//2947 3053//3053
f 3063//3063 2951//2951 3070//3070
f 2947//2947 2951//2951 3063//3063
f 3053//3053 3063//3063 3071//3071
f 3071//3071 3057//3057 3053//3053
f 3071//3071 3070//3070 3077//3077
f 3063//3063 3070//3070 3071//3071
f 390//390 394//394 3087//3087
f 3087//3087 3038//3038 390//390
f 3091//3091 392//392 3057//3057
f 3091//3091 3087//3087 392//392
f 3087//3087 394//394 392//392
f 3038//3038 3087//3087 3095//3095
f 3095//3095 3045//3045 3038//3038
f 3087//3087 3091//3091 3108//3108
f 3108//3108 3095//3095 3087//3087
f 3091//3091 3071//3071 3112//3112
f 3057//3057 3071//3071 3091//3091
f 3071//3071 3077//3077 3113//3113
f 3113//3113 3112//3112 3071//3071
f 1432//1432 1438//1438 3112//3112
f 1438//1438 3091//3091 3112//3112
f 1438//1438 3108//3108 3091//3091
f 1432//1432 3113//3113 1448//1448
f 3112//3112 3113//3113 1432//1432
f 3118//3118 397//397 398//398
f 3118//3118 2899//2899 397//397
f 2899//2899 2893//2893 397//397
f 3118//3118 400//400 3120//3120
f 398//398 400//400 3118//3118
f 2899//2899 3118//3118 3123//3123
f 3123//3123 2906//2906 2899//2899
f 3118//3118 3120//3120 3135//3135
f 3135//3135 3123//3123 3118//3118
f 3139//3139 3120//3120 3138//3138
f 3120//3120 402//402 3138//3138
f 3120//3120 400//400 402//402
f 1461//1461 3138//3138 3142//3142
f 1461//1461 1466//1466 3138//3138
f 1466//1466 3139//3139 3138//3138
f 1470//1470 3120//3120 3139//3139
f 1470//1470 1474//1474 3120//3120
f 1474//1474 3135//3135 3120//3120
f 1470//1470 3139//3139 1466//1466
f 2945//2945 3123//3123 3145//3145
f 2906//2906 3123//3123 2945//2945
f 1483//1483 3123//3123 3135//3135
f 1483//1483 1486//1486 3123//3123
f 1486//1486 3145//3145 3123//3123
f 2951//2951 3145//3145 3146//3146
f 2945//2945 3145//3145 2951//2951
f 1486//1486 3146//3146 3145//3145
f 1486//1486 3148//3148 3146//3146
f 1486//1486 1495//1495 3148//3148
f 1483//1483 3135//3135 1474//1474
f 1527//1527 3148//3148 1495//1495
f 1461//1461 3142//3142 1532//1532
f 3151//3151 3153//3153 1537//1537
f 1537//1537 1534//1534 3151//3151
f 3151//3151 3155//3155 3157//3157
f 3157//3157 3153//3153 3151//3151
f 3153//3153 3158//3158 1538//1538
f 1538//1538 1537//1537 3153//3153
f 3153//3153 3157//3157 3159//3159
f 3159//3159 3158//3158 3153//3153
f 3158//3158 3160//3160 1541//1541
f 1541//1541 1538//1538 3158//3158
f 3158//3158 3159//3159 3161//3161
f 3161//3161 3160//3160 3158//3158
f 1541//1541 3160//3160 1544//1544
f 1550//1550 3161//3161 3162//3162
f 1550//1550 1544//1544 3161//3161
f 1544//1544 3160//3160 3161//3161
f 2951//2951 3146//3146 3163//3163
f 3163//3163 3070//3070 2951//2951
f 3163//3163 3148//3148 3164//3164
f 3146//3146 3148//3148 3163//3163
f 3077//3077 3163//3163 3165//3165
f 3070//3070 3163//3163 3077//3077
f 406//406 3163//3163 405//405
f 3163//3163 3164//3164 405//405
f 406//406 3165//3165 3163//3163
f 1527//1527 3164//3164 3148//3148
f 1527//1527 3166//3166 3164//3164
f 1527//1527 1555//1555 3166//3166
f 3167//3167 3166//3166 1555//1555
f 1555//1555 1556//1556 3167//3167
f 3168//3168 409//409 3166//3166
f 409//409 405//405 3166//3166
f 405//405 3164//3164 3166//3166
f 3168//3168 3167//3167 3169//3169
f 3166//3166 3167//3167 3168//3168
f 3077//3077 3165//3165 3170//3170
f 3170//3170 3113//3113 3077//3077
f 3171//3171 3170//3170 412//412
f 3170//3170 406//406 412//412
f 3170//3170 3165//3165 406//406
f 3113//3113 3170//3170 1557//1557
f 1557//1557 1448//1448 3113//3113
f 1508//1508 3171//3171 3136//3136
f 1508//1508 3170//3170 3171//3171
f 1508//1508 1557//1557 3170//3170
f 3172//3172 409//409 3168//3168
f 3172//3172 412//412 409//409
f 3172//3172 3171//3171 412//412
f 3168//3168 3169//3169 3173//3173
f 3173//3173 3172//3172 3168//3168
f 3171//3171 3172//3172 3144//3144
f 3144//3144 3136//3136 3171//3171
f 1559//1559 1514//1514 3173//3173
f 1514//1514 3172//3172 3173//3173
f 1514//1514 3144//3144 3172//3172
f 1560//1560 3167//3167 1556//1556
f 3169//3169 3167//3167 1560//1560
f 1560//1560 1562//1562 3169//3169
f 3173//3173 3169//3169 1562//1562
f 1562//1562 1563//1563 3173//3173
f 1559//1559 3173//3173 1563//1563
f 1564//1564 3150//3150 1521//1521
f 2589//2589 3013//3013 3174//3174
f 3174//3174 2821//2821 2589//2589
f 3013//3013 3016//3016 3176//3176
f 3176//3176 3174//3174 3013//3013
f 2821//2821 3174//3174 3177//3177
f 3177//3177 2833//2833 2821//2821
f 3174//3174 3176//3176 3178//3178
f 3178//3178 3177//3177 3174//3174
f 3016//3016 3029//3029 3180//3180
f 3180//3180 3176//3176 3016//3016
f 3029//3029 2809//2809 2817//2817
f 2817//2817 3180//3180 3029//3029
f 3176//3176 3180//3180 3182//3182
f 3182//3182 3178//3178 3176//3176
f 3180//3180 2817//2817 2839//2839
f 2839//2839 3182//3182 3180//3180
f 2859//2859 3177//3177 3185//3185
f 2833//2833 3177//3177 2859//2859
f 3177//3177 3178//3178 3186//3186
f 3186//3186 3185//3185 3177//3177
f 2612//2612 3185//3185 2918//2918
f 2859//2859 3185//3185 2612//2612
f 2918//2918 3186//3186 2929//2929
f 3185//3185 3186//3186 2918//2918
f 3178//3178 3182//3182 3189//3189
f 3189//3189 3186//3186 3178//3178
f 3189//3189 2839//2839 2876//2876
f 3182//3182 2839//2839 3189//3189
f 2929//2929 3189//3189 2948//2948
f 3186//3186 3189//3189 2929//2929
f 3189//3189 2876//2876 2884//2884
f 2884//2884 2948//2948 3189//3189
f 1147//1147 1148//1148 3437//3437
f 3437//3437 3435//3435 1147//1147
f 1148//1148 1095//1095 3436//3436
f 3436//3436 3437//3437 1148//1148
f 2701//2701 2693//2693 3437//3437
f 2693//2693 3435//3435 3437//3437
f 2693//2693 2667//2667 3435//3435
f 2605//2605 2731//2731 3436//3436
f 2731//2731 3437//3437 3436//3436
f 2731//2731 2701//2701 3437//3437
f 3443//3443 3457//3457 3470//3470
f 3470//3470 3462//3462 3443//3443
f 1635//1635 3470//3470 2760//2760
f 3470//3470 3457//3457 2760//2760
f 3457//3457 1790//1790 2760//2760
f 3501//3501 3470//3470 3508//3508
f 3462//3462 3470//3470 3501//3501
f 1649//1649 3508//3508 1643//1643
f 3508//3508 3470//3470 1643//1643
f 3470//3470 1635//1635 1643//1643
f 3514//3514 3508//3508 1675//1675
f 3501//3501 3508//3508 3514//3514
f 1696//1696 1678//1678 1980//1980
f 1678//1678 3508//3508 1980//1980
f 3508//3508 1649//1649 1980//1980
f 1678//1678 1675//1675 3508//3508
f 1896//1896 3514//3514 1688//1688
f 3514//3514 1675//1675 1688//1688
f 1896//1896 3520//3520 3514//3514
f 2421//2421 3526//3526 2408//2408
f 3526//3526 3520//3520 2408//2408
f 3520//3520 1896//1896 2408//2408
f 2462//2462 3528//3528 2439//2439
f 3528//3528 3526//3526 2439//2439
f 3526//3526 2421//2421 2439//2439
f 2523//2523 3530//3530 2519//2519
f 3530//3530 3528//3528 2519//2519
f 3528//3528 2462//2462 2519//2519
f 2353//2353 2327//2327 2537//2537
f 2327//2327 3530//3530 2537//2537
f 3530//3530 2523//2523 2537//2537
f 2327//2327 2318//2318 3530//3530
f 71//71 69//69 73//73
f 66//66 69//69 71//71
f 73//73 70//70 74//74
f 69//69 70//70 73//73
f 72//72 73//73 75//75
f 71//71 73//73 72//72
f 75//75 74//74 76//76
f 73//73 74//74 75//75
f 7//7 72//72 8//8
f 9//9 75//75 77//77
f 9//9 8//8 75//75
f 8//8 72//72 75//75
f 77//77 76//76 78//78
f 75//75 76//76 77//77
f 9//9 77//77 10//10
f 11//11 78//78 79//79
f 11//11 10//10 78//78
f 10//10 77//77 78//78
f 11//11 79//79 12//12
f 916//916 951//951 1040//1040
f 1040//1040 1010//1010 916//916
f 951//951 957//957 1041//1041
f 1041//1041 1040//1040 951//951
f 1010//1010 1040//1040 1042//1042
f 1042//1042 1012//1012 1010//1010
f 1040//1040 1041//1041 1043//1043
f 1043//1043 1042//1042 1040//1040
f 1041//1041 969//969 1044//1044
f 957//957 969//969 1041//1041
f 969//969 972//972 1045//1045
f 1045//1045 1044//1044 969//969
f 1041//1041 1044//1044 1046//1046
f 1046//1046 1043//1043 1041//1041
f 1046//1046 1045//1045 1047//1047
f 1044//1044 1045//1045 1046//1046
f 1012//1012 1042//1042 1048//1048
f 1048//1048 1018//1018 1012//1012
f 1042//1042 1043//1043 1049//1049
f 1049//1049 1048//1048 1042//1042
f 104//104 118//118 1048//1048
f 118//118 1018//1018 1048//1048
f 118//118 1020//1020 1018//1018
f 1048//1048 1049//1049 120//120
f 120//120 104//104 1048//1048
f 1043//1043 1046//1046 1050//1050
f 1050//1050 1049//1049 1043//1043
f 1046//1046 1047//1047 1051//1051
f 1051//1051 1050//1050 1046//1046
f 1049//1049 1050//1050 126//126
f 126//126 120//120 1049//1049
f 126//126 1051//1051 129//129
f 1050//1050 1051//1051 126//126
f 138//138 965//965 137//137
f 1052//1052 965//965 138//138
f 140//140 1052//1052 138//138
f 972//972 1052//1052 1053//1053
f 965//965 1052//1052 972//972
f 140//140 1053//1053 1052//1052
f 140//140 1054//1054 1053//1053
f 140//140 145//145 1054//1054
f 150//150 1054//1054 145//145
f 1055//1055 1054//1054 150//150
f 155//155 1055//1055 150//150
f 972//972 1053//1053 1056//1056
f 1056//1056 1045//1045 972//972
f 1056//1056 1054//1054 1057//1057
f 1053//1053 1054//1054 1056//1056
f 1047//1047 1056//1056 1058//1058
f 1045//1045 1056//1056 1047//1047
f 1056//1056 1057//1057 1059//1059
f 1059//1059 1058//1058 1056//1056
f 1054//1054 1055//1055 1060//1060
f 1060//1060 1057//1057 1054//1054
f 155//155 1060//1060 1055//1055
f 155//155 164//164 1060//1060
f 164//164 1061//1061 1060//1060
f 1059//1059 1060//1060 1062//1062
f 1057//1057 1060//1060 1059//1059
f 1060//1060 1061//1061 1063//1063
f 1063//1063 1062//1062 1060//1060
f 1047//1047 1058//1058 1064//1064
f 1064//1064 1051//1051 1047//1047
f 1058//1058 1059//1059 1065//1065
f 1065//1065 1064//1064 1058//1058
f 152//152 129//129 575//575
f 129//129 1064//1064 575//575
f 129//129 1051//1051 1064//1064
f 167//167 1064//1064 1065//1065
f 167//167 169//169 1064//1064
f 169//169 575//575 1064//1064
f 1059//1059 1062//1062 1066//1066
f 1066//1066 1065//1065 1059//1059
f 1066//1066 1063//1063 1067//1067
f 1062//1062 1063//1063 1066//1066
f 1065//1065 1066//1066 173//173
f 173//173 167//167 1065//1065
f 1066//1066 1067//1067 188//188
f 188//188 173//173 1066//1066
f 196//196 1061//1061 164//164
f 196//196 1063//1063 1061//1061
f 196//196 202//202 1063//1063
f 202//202 1068//1068 1063//1063
f 1069//1069 1068//1068 202//202
f 202//202 207//207 1069//1069
f 1070//1070 1069//1069 207//207
f 207//207 210//210 1070//1070
f 160//160 1070//1070 210//210
f 1021//1021 1070//1070 160//160
f 1063//1063 1068//1068 1071//1071
f 1071//1071 1067//1067 1063//1063
f 1068//1068 1069//1069 1072//1072
f 1072//1072 1071//1071 1068//1068
f 216//216 1071//1071 580//580
f 216//216 1067//1067 1071//1071
f 216//216 188//188 1067//1067
f 1071//1071 1072//1072 583//583
f 583//583 580//580 1071//1071
f 1069//1069 1070//1070 1073//1073
f 1073//1073 1072//1072 1069//1069
f 1070//1070 1021//1021 1027//1027
f 1027//1027 1073//1073 1070//1070
f 583//583 1073//1073 587//587
f 1072//1072 1073//1073 583//583
f 587//587 1027//1027 567//567
f 1073//1073 1027//1027 587//587
f 224//224 735//735 1015//1015
f 224//224 230//230 735//735
f 230//230 739//739 735//735
f 1015//1015 1016//1016 234//234
f 234//234 224//224 1015//1015
f 217//217 739//739 230//230
f 237//237 1019//1019 1074//1074
f 237//237 234//234 1019//1019
f 234//234 1016//1016 1019//1019
f 1074//1074 1020//1020 1075//1075
f 1019//1019 1020//1020 1074//1074
f 1074//1074 1076//1076 241//241
f 241//241 237//237 1074//1074
f 1074//1074 1075//1075 1077//1077
f 1077//1077 1076//1076 1074//1074
f 241//241 1076//1076 247//247
f 249//249 1077//1077 1078//1078
f 249//249 1076//1076 1077//1077
f 249//249 247//247 1076//1076
f 249//249 1078//1078 252//252
f 118//118 256//256 1020//1020
f 256//256 1075//1075 1020//1020
f 256//256 1079//1079 1075//1075
f 294//294 1079//1079 256//256
f 328//328 1075//1075 1079//1079
f 328//328 332//332 1075//1075
f 332//332 1077//1077 1075//1075
f 328//328 1079//1079 294//294
f 332//332 1078//1078 1077//1077
f 332//332 340//340 1078//1078
f 340//340 1080//1080 1078//1078
f 345//345 1080//1080 340//340
f 1078//1078 1080//1080 374//374
f 374//374 252//252 1078//1078
f 374//374 1080//1080 345//345
f 1081//1081 752//752 245//245
f 245//245 380//380 1081//1081
f 383//383 1081//1081 380//380
f 1082//1082 1081//1081 383//383
f 682//682 1081//1081 911//911
f 752//752 1081//1081 682//682
f 911//911 1082//1082 917//917
f 1081//1081 1082//1082 911//911
f 385//385 1082//1082 383//383
f 1083//1083 1082//1082 385//385
f 387//387 1083//1083 385//385
f 917//917 1083//1083 925//925
f 1082//1082 1083//1083 917//917
f 387//387 925//925 1083//1083
f 387//387 557//557 925//925
f 387//387 100//100 557//557
f 1297//1297 1300//1300 1148//1148
f 1148//1148 1147//1147 1297//1297
f 1300//1300 1231//1231 1095//1095
f 1095//1095 1148//1148 1300//1300
f 1176//1176 1178//1178 1182//1182
f 1182//1182 1180//1180 1176//1176
f 2//2 1186//1186 1//1
f 2//2 1178//1178 1186//1186
f 2//2 1182//1182 1178//1178
f 3//3 1180//1180 1182//1182
f 1182//1182 4//4 3//3
f 1182//1182 2//2 4//4
f 1192//1192 5//5 6//6
f 121//121 1611//1611 1654//1654
f 1654//1654 313//313 121//121
f 313//313 1654//1654 1668//1668
f 1668//1668 315//315 313//313
f 1654//1654 1677//1677 1682//1682
f 1611//1611 1677//1677 1654//1654
f 1677//1677 1694//1694 1698//1698
f 1698//1698 1682//1682 1677//1677
f 1668//1668 1682//1682 1700//1700
f 1654//1654 1682//1682 1668//1668
f 1700//1700 1698//1698 1720//1720
f 1682//1682 1698//1698 1700//1700
f 344//344 1668//1668 1726//1726
f 315//315 1668//1668 344//344
f 1731//1731 351//351 1750//1750
f 311//311 351//351 1731//1731
f 1755//1755 344//344 1726//1726
f 1755//1755 351//351 344//344
f 1755//1755 1750//1750 351//351
f 1668//1668 1700//1700 1759//1759
f 1759//1759 1726//1726 1668//1668
f 1759//1759 1720//1720 1763//1763
f 1700//1700 1720//1720 1759//1759
f 1726//1726 1759//1759 1766//1766
f 1766//1766 1755//1755 1726//1726
f 1766//1766 1763//1763 1769//1769
f 1759//1759 1763//1763 1766//1766
f 1792//1792 1815//1815 1828//1828
f 1828//1828 1818//1818 1792//1792
f 1815//1815 1838//1838 1843//1843
f 1843//1843 1828//1828 1815//1815
f 1845//1845 1828//1828 1854//1854
f 1818//1818 1828//1828 1845//1845
f 1854//1854 1843//1843 1859//1859
f 1828//1828 1843//1843 1854//1854
f 1838//1838 1861//1861 1866//1866
f 1866//1866 1843//1843 1838//1838
f 1861//1861 1731//1731 1871//1871
f 1871//1871 1866//1866 1861//1861
f 1843//1843 1866//1866 1877//1877
f 1877//1877 1859//1859 1843//1843
f 1866//1866 1871//1871 1883//1883
f 1883//1883 1877//1877 1866//1866
f 1886//1886 1877//1877 1907//1907
f 1859//1859 1877//1877 1886//1886
f 1877//1877 1883//1883 1918//1918
f 1918//1918 1907//1907 1877//1877
f 2002//2002 1907//1907 2029//2029
f 1886//1886 1907//1907 2002//2002
f 2029//2029 1918//1918 2034//2034
f 1907//1907 1918//1918 2029//2029
f 1871//1871 1750//1750 2037//2037
f 1731//1731 1750//1750 1871//1871
f 2037//2037 1755//1755 2090//2090
f 1750//1750 1755//1755 2037//2037
f 1871//1871 2037//2037 2092//2092
f 2092//2092 1883//1883 1871//1871
f 2092//2092 2090//2090 2098//2098
f 2037//2037 2090//2090 2092//2092
f 1755//1755 1766//1766 2107//2107
f 2107//2107 2090//2090 1755//1755
f 1766//1766 1769//1769 2126//2126
f 2126//2126 2107//2107 1766//1766
f 2098//2098 2107//2107 2170//2170
f 2090//2090 2107//2107 2098//2098
f 2107//2107 2126//2126 2176//2176
f 2176//2176 2170//2170 2107//2107
f 1883//1883 2092//2092 2183//2183
f 2183//2183 1918//1918 1883//1883
f 2183//2183 2098//2098 2192//2192
f 2092//2092 2098//2098 2183//2183
f 1918//1918 2183//2183 2196//2196
f 2196//2196 2034//2034 1918//1918
f 2196//2196 2192//2192 2208//2208
f 2183//2183 2192//2192 2196//2196
f 2192//2192 2170//2170 2210//2210
f 2098//2098 2170//2170 2192//2192
f 2210//2210 2176//2176 2215//2215
f 2170//2170 2176//2176 2210//2210
f 2208//2208 2210//2210 2218//2218
f 2192//2192 2210//2210 2208//2208
f 2210//2210 2215//2215 2223//2223
f 2223//2223 2218//2218 2210//2210
f 1698//1698 2230//2230 2231//2231
f 1694//1694 2230//2230 1698//1698
f 2231//2231 2233//2233 2236//2236
f 2230//2230 2233//2233 2231//2231
f 1720//1720 2231//2231 2238//2238
f 1698//1698 2231//2231 1720//1720
f 2238//2238 2236//2236 2242//2242
f 2231//2231 2236//2236 2238//2238
f 2236//2236 2247//2247 2252//2252
f 2233//2233 2247//2247 2236//2236
f 2247//2247 99//99 123//123
f 123//123 2252//2252 2247//2247
f 2242//2242 2252//2252 2255//2255
f 2236//2236 2252//2252 2242//2242
f 2252//2252 123//123 128//128
f 128//128 2255//2255 2252//2252
f 1720//1720 2238//2238 2261//2261
f 2261//2261 1763//1763 1720//1720
f 2261//2261 2242//2242 2313//2313
f 2238//2238 2242//2242 2261//2261
f 1769//1769 2261//2261 2414//2414
f 1763//1763 2261//2261 1769//1769
f 2261//2261 2313//2313 2434//2434
f 2434//2434 2414//2414 2261//2261
f 2242//2242 2255//2255 2440//2440
f 2440//2440 2313//2313 2242//2242
f 2440//2440 128//128 254//254
f 2255//2255 128//128 2440//2440
f 2313//2313 2440//2440 2445//2445
f 2445//2445 2434//2434 2313//2313
f 2445//2445 254//254 268//268
f 2440//2440 254//254 2445//2445
f 1769//1769 2414//2414 2454//2454
f 2454//2454 2126//2126 1769//1769
f 2414//2414 2434//2434 2457//2457
f 2457//2457 2454//2454 2414//2414
f 2126//2126 2454//2454 2559//2559
f 2559//2559 2176//2176 2126//2126
f 2454//2454 2457//2457 2563//2563
f 2563//2563 2559//2559 2454//2454
f 2434//2434 2445//2445 2574//2574
f 2574//2574 2457//2457 2434//2434
f 2574//2574 268//268 274//274
f 2445//2445 268//268 2574//2574
f 2457//2457 2574//2574 2601//2601
f 2601//2601 2563//2563 2457//2457
f 2601//2601 274//274 281//281
f 2574//2574 274//274 2601//2601
f 2215//2215 2559//2559 2616//2616
f 2176//2176 2559//2559 2215//2215
f 2559//2559 2563//2563 2620//2620
f 2620//2620 2616//2616 2559//2559
f 2223//2223 2616//2616 2522//2522
f 2215//2215 2616//2616 2223//2223
f 2522//2522 2620//2620 2532//2532
f 2616//2616 2620//2620 2522//2522
f 2563//2563 2601//2601 2623//2623
f 2623//2623 2620//2620 2563//2563
f 2626//2626 2623//2623 284//284
f 2623//2623 281//281 284//284
f 2623//2623 2601//2601 281//281
f 2532//2532 2623//2623 2572//2572
f 2620//2620 2623//2623 2532//2532
f 2623//2623 2626//2626 2587//2587
f 2587//2587 2572//2572 2623//2623
f 2626//2626 284//284 287//287
f 2633//2633 2587//2587 292//292
f 2587//2587 287//287 292//292
f 2587//2587 2626//2626 287//287
f 292//292 297//297 2636//2636
f 2636//2636 2633//2633 292//292
f 297//297 321//321 2640//2640
f 2640//2640 2636//2636 297//297
f 2640//2640 325//325 1638//1638
f 321//321 325//325 2640//2640
f 2646//2646 2029//2029 2649//2649
f 2002//2002 2029//2029 2646//2646
f 2649//2649 2034//2034 2651//2651
f 2029//2029 2034//2034 2649//2649
f 2646//2646 2649//2649 2655//2655
f 2655//2655 2654//2654 2646//2646
f 2655//2655 2651//2651 2781//2781
f 2649//2649 2651//2651 2655//2655
f 2654//2654 2655//2655 2789//2789
f 2789//2789 2787//2787 2654//2654
f 2789//2789 2781//2781 2830//2830
f 2655//2655 2781//2781 2789//2789
f 2787//2787 2789//2789 1683//1683
f 1683//1683 1650//1650 2787//2787
f 1683//1683 2830//2830 1699//1699
f 2789//2789 2830//2830 1683//1683
f 2651//2651 2196//2196 2840//2840
f 2034//2034 2196//2196 2651//2651
f 2840//2840 2208//2208 2844//2844
f 2196//2196 2208//2208 2840//2840
f 2781//2781 2840//2840 2847//2847
f 2651//2651 2840//2840 2781//2781
f 2847//2847 2844//2844 1612//1612
f 2840//2840 2844//2844 2847//2847
f 2844//2844 2218//2218 2852//2852
f 2208//2208 2218//2218 2844//2844
f 2852//2852 2223//2223 2527//2527
f 2218//2218 2223//2223 2852//2852
f 339//339 2844//2844 336//336
f 2844//2844 2852//2852 336//336
f 339//339 1612//1612 2844//2844
f 133//133 2852//2852 2527//2527
f 336//336 2852//2852 133//133
f 2781//2781 2847//2847 2855//2855
f 2855//2855 2830//2830 2781//2781
f 2847//2847 1612//1612 1625//1625
f 1625//1625 2855//2855 2847//2847
f 1699//1699 2855//2855 1787//1787
f 2830//2830 2855//2855 1699//1699
f 2855//2855 1625//1625 1634//1634
f 1634//1634 1787//1787 2855//2855
f 1422//1422 1416//1416 3232//3232
f 3239//3239 1428//1428 3237//3237
f 1428//1428 3232//3232 3237//3237
f 1428//1428 1422//1422 3232//3232
f 1436//1436 3237//3237 1433//1433
f 3237//3237 3242//3242 1433//1433
f 1436//1436 3239//3239 3237//3237
f 1440//1440 1428//1428 3239//3239
f 3239//3239 1436//1436 1440//1440
f 3242//3242 1444//1444 1433//1433
f 3436//3436 1098//1098 3438//3438
f 1095//1095 1098//1098 3436//3436
f 3438//3438 1099//1099 3440//3440
f 1098//1098 1099//1099 3438//3438
f 2629//2629 2608//2608 3438//3438
f 2608//2608 3436//3436 3438//3438
f 2608//2608 2605//2605 3436//3436
f 2671//2671 2663//2663 3440//3440
f 2663//2663 3438//3438 3440//3440
f 2663//2663 2629//2629 3438//3438
f 3440//3440 1101//1101 3441//3441
f 1099//1099 1101//1101 3440//3440
f 3441//3441 1103//1103 3444//3444
f 1101//1101 1103//1103 3441//3441
f 3101//3101 3093//3093 3441//3441
f 3093//3093 3440//3440 3441//3441
f 3093//3093 2671//2671 3440//3440
f 3121//3121 3115//3115 3444//3444
f 3115//3115 3441//3441 3444//3444
f 3115//3115 3101//3101 3441//3441
f 3444//3444 1106//1106 3451//3451
f 1103//1103 1106//1106 3444//3444
f 3451//3451 1109//1109 3455//3455
f 1106//1106 1109//1109 3451//3451
f 3317//3317 1430//1430 3451//3451
f 1430//1430 3130//3130 3451//3451
f 3130//3130 3444//3444 3451//3451
f 3130//3130 3121//3121 3444//3444
f 3331//3331 3324//3324 3455//3455
f 3324//3324 3451//3451 3455//3455
f 3324//3324 3317//3317 3451//3451
f 1109//1109 1111//1111 3466//3466
f 3466//3466 3455//3455 1109//1109
f 1111//1111 1113//1113 3468//3468
f 3468//3468 3466//3466 1111//1111
f 3331//3331 3466//3466 3471//3471
f 3455//3455 3466//3466 3331//3331
f 3466//3466 3468//3468 3484//3484
f 3484//3484 3471//3471 3466//3466
f 3275//3275 3250//3250 3471//3471
f 3250//3250 3335//3335 3471//3471
f 3335//3335 3331//3331 3471//3471
f 3250//3250 3230//3230 3335//3335
f 3310//3310 3304//3304 3484//3484
f 3304//3304 3471//3471 3484//3484
f 3304//3304 3275//3275 3471//3471
f 3468//3468 1113//1113 1117//1117
f 3487//3487 1117//1117 1119//1119
f 3487//3487 3468//3468 1117//1117
f 3487//3487 3484//3484 3468//3468
f 3487//3487 1122//1122 3489//3489
f 1119//1119 1122//1122 3487//3487
f 3489//3489 1122//1122 1124//1124
f 3323//3323 3319//3319 3487//3487
f 3319//3319 3484//3484 3487//3487
f 3319//3319 3310//3310 3484//3484
f 1640//1640 1408//1408 3489//3489
f 1408//1408 3334//3334 3489//3489
f 3334//3334 3487//3487 3489//3489
f 3334//3334 3323//3323 3487//3487
f 1685//1685 1651//1651 1125//1125
f 1651//1651 1124//1124 1125//1125
f 1651//1651 3489//3489 1124//1124
f 1651//1651 1640//1640 3489//3489
f 1685//1685 1125//1125 1130//1130
f 1121//1121 1693//1693 1130//1130
f 1693//1693 1685//1685 1130//1130
f 1121//1121 1704//1704 1693//1693
f 497//497 551//551 314//314
f 501//501 571//571 502//502
f 503//503 576//576 504//504
f 503//503 584//584 576//576
f 503//503 361//361 584//584
f 361//361 579//579 584//584
f 501//501 593//593 571//571
f 501//501 504//504 593//593
f 504//504 576//576 593//593
f 576//576 584//584 596//596
f 596//596 593//593 576//576
f 571//571 603//603 505//505
f 505//505 502//502 571//571
f 505//505 603//603 506//506
f 571//571 593//593 605//605
f 605//605 603//603 571//571
f 593//593 596//596 617//617
f 617//617 605//605 593//593
f 507//507 506//506 633//633
f 506//506 605//605 633//633
f 506//506 603//603 605//605
f 633//633 617//617 679//679
f 605//605 617//617 633//633
f 579//579 610//610 687//687
f 687//687 584//584 579//579
f 610//610 614//614 693//693
f 693//693 687//687 610//610
f 584//584 687//687 723//723
f 723//723 596//596 584//584
f 687//687 693//693 738//738
f 738//738 723//723 687//687
f 693//693 626//626 741//741
f 614//614 626//626 693//693
f 741//741 628//628 744//744
f 626//626 628//628 741//741
f 738//738 741//741 748//748
f 693//693 741//741 738//738
f 748//748 744//744 660//660
f 741//741 744//744 748//748
f 596//596 723//723 753//753
f 753//753 617//617 596//596
f 753//753 738//738 755//755
f 723//723 738//738 753//753
f 617//617 753//753 760//760
f 760//760 679//679 617//617
f 760//760 755//755 765//765
f 753//753 755//755 760//760
f 755//755 748//748 771//771
f 738//738 748//748 755//755
f 771//771 660//660 667//667
f 748//748 660//660 771//771
f 765//765 771//771 776//776
f 755//755 771//771 765//765
f 262//262 771//771 667//667
f 262//262 508//508 771//771
f 508//508 776//776 771//771
f 507//507 633//633 509//509
f 510//510 633//633 785//785
f 633//633 679//679 785//785
f 510//510 509//509 633//633
f 510//510 785//785 511//511
f 785//785 760//760 789//789
f 679//679 760//760 785//785
f 512//512 513//513 765//765
f 513//513 760//760 765//765
f 513//513 789//789 760//760
f 511//511 789//789 514//514
f 785//785 789//789 511//511
f 514//514 789//789 513//513
f 512//512 776//776 515//515
f 765//765 776//776 512//512
f 515//515 776//776 508//508
f 516//516 796//796 517//517
f 804//804 796//796 516//516
f 516//516 518//518 804//804
f 519//519 804//804 518//518
f 811//811 810//810 272//272
f 272//272 520//520 811//811
f 521//521 811//811 520//520
f 814//814 811//811 521//521
f 816//816 811//811 819//819
f 810//810 811//811 816//816
f 819//819 814//814 828//828
f 811//811 814//814 819//819
f 522//522 814//814 521//521
f 832//832 814//814 522//522
f 523//523 832//832 522//522
f 834//834 832//832 523//523
f 828//828 832//832 837//837
f 814//814 832//832 828//828
f 832//832 834//834 607//607
f 607//607 837//837 832//832
f 816//816 819//819 866//866
f 866//866 840//840 816//816
f 866//866 828//828 870//870
f 819//819 828//828 866//866
f 840//840 866//866 728//728
f 728//728 718//718 840//840
f 866//866 870//870 768//768
f 768//768 728//728 866//866
f 870//870 837//837 874//874
f 828//828 837//837 870//870
f 837//837 607//607 613//613
f 613//613 874//874 837//837
f 870//870 874//874 856//856
f 856//856 768//768 870//870
f 856//856 613//613 630//630
f 874//874 613//613 856//856
f 523//523 879//879 834//834
f 523//523 796//796 879//879
f 523//523 517//517 796//796
f 796//796 804//804 881//881
f 881//881 879//879 796//796
f 834//834 879//879 611//611
f 611//611 607//607 834//834
f 611//611 881//881 620//620
f 879//879 881//881 611//611
f 519//519 881//881 804//804
f 519//519 524//524 881//881
f 524//524 884//884 881//881
f 724//724 884//884 524//524
f 524//524 435//435 724//724
f 881//881 884//884 643//643
f 643//643 620//620 881//881
f 884//884 724//724 654//654
f 654//654 643//643 884//884
f 1175//1175 1184//1184 1191//1191
f 1191//1191 1189//1189 1175//1175
f 1184//1184 1194//1194 1199//1199
f 1199//1199 1191//1191 1184//1184
f 1189//1189 1191//1191 1205//1205
f 1205//1205 1204//1204 1189//1189
f 1191//1191 1199//1199 1207//1207
f 1207//1207 1205//1205 1191//1191
f 1194//1194 1212//1212 1215//1215
f 1215//1215 1199//1199 1194//1194
f 1212//1212 1217//1217 1220//1220
f 1220//1220 1215//1215 1212//1212
f 1199//1199 1215//1215 1223//1223
f 1223//1223 1207//1207 1199//1199
f 1215//1215 1220//1220 1225//1225
f 1225//1225 1223//1223 1215//1215
f 1204//1204 1205//1205 1228//1228
f 1228//1228 1227//1227 1204//1204
f 1205//1205 1207//1207 1230//1230
f 1230//1230 1228//1228 1205//1205
f 1227//1227 1228//1228 1232//1232
f 1232//1232 1231//1231 1227//1227
f 1228//1228 1230//1230 1234//1234
f 1234//1234 1232//1232 1228//1228
f 1207//1207 1223//1223 1236//1236
f 1236//1236 1230//1230 1207//1207
f 1223//1223 1225//1225 1238//1238
f 1238//1238 1236//1236 1223//1223
f 1230//1230 1236//1236 1239//1239
f 1239//1239 1234//1234 1230//1230
f 1236//1236 1238//1238 1240//1240
f 1240//1240 1239//1239 1236//1236
f 1217//1217 1242//1242 1244//1244
f 1244//1244 1220//1220 1217//1217
f 1242//1242 1246//1246 1249//1249
f 1249//1249 1244//1244 1242//1242
f 1220//1220 1244//1244 1250//1250
f 1250//1250 1225//1225 1220//1220
f 1244//1244 1249//1249 1251//1251
f 1251//1251 1250//1250 1244//1244
f 1246//1246 1253//1253 1255//1255
f 1255//1255 1249//1249 1246//1246
f 1255//1255 1257//1257 1260//1260
f 1253//1253 1257//1257 1255//1255
f 1249//1249 1255//1255 1262//1262
f 1262//1262 1251//1251 1249//1249
f 1262//1262 1260//1260 1263//1263
f 1255//1255 1260//1260 1262//1262
f 1225//1225 1250//1250 1265//1265
f 1265//1265 1238//1238 1225//1225
f 1250//1250 1251//1251 1266//1266
f 1266//1266 1265//1265 1250//1250
f 1238//1238 1265//1265 1268//1268
f 1268//1268 1240//1240 1238//1238
f 1265//1265 1266//1266 1270//1270
f 1270//1270 1268//1268 1265//1265
f 1251//1251 1262//1262 1272//1272
f 1272//1272 1266//1266 1251//1251
f 1272//1272 1263//1263 1274//1274
f 1262//1262 1263//1263 1272//1272
f 1266//1266 1272//1272 1275//1275
f 1275//1275 1270//1270 1266//1266
f 1275//1275 1274//1274 1276//1276
f 1272//1272 1274//1274 1275//1275
f 1231//1231 1232//1232 1098//1098
f 1098//1098 1095//1095 1231//1231
f 1098//1098 1234//1234 1099//1099
f 1232//1232 1234//1234 1098//1098
f 1099//1099 1239//1239 1101//1101
f 1234//1234 1239//1239 1099//1099
f 1101//1101 1240//1240 1103//1103
f 1239//1239 1240//1240 1101//1101
f 1103//1103 1268//1268 1106//1106
f 1240//1240 1268//1268 1103//1103
f 1268//1268 1270//1270 1109//1109
f 1109//1109 1106//1106 1268//1268
f 1270//1270 1275//1275 1111//1111
f 1111//1111 1109//1109 1270//1270
f 1275//1275 1276//1276 1113//1113
f 1113//1113 1111//1111 1275//1275
f 1260//1260 1282//1282 1285//1285
f 1257//1257 1282//1282 1260//1260
f 1285//1285 16//16 18//18
f 1282//1282 16//16 1285//1285
f 1263//1263 1285//1285 1287//1287
f 1260//1260 1285//1285 1263//1263
f 1288//1288 1287//1287 19//19
f 1287//1287 18//18 19//19
f 1287//1287 1285//1285 18//18
f 1288//1288 19//19 20//20
f 1274//1274 1287//1287 1291//1291
f 1263//1263 1287//1287 1274//1274
f 1291//1291 1288//1288 1292//1292
f 1287//1287 1288//1288 1291//1291
f 1276//1276 1291//1291 1294//1294
f 1274//1274 1291//1291 1276//1276
f 1294//1294 1292//1292 1296//1296
f 1291//1291 1292//1292 1294//1294
f 1299//1299 1292//1292 21//21
f 1292//1292 20//20 21//21
f 1292//1292 1288//1288 20//20
f 1299//1299 21//21 22//22
f 1296//1296 1299//1299 1301//1301
f 1292//1292 1299//1299 1296//1296
f 1302//1302 1301//1301 23//23
f 1301//1301 22//22 23//23
f 1301//1301 1299//1299 22//22
f 1302//1302 23//23 24//24
f 1117//1117 1294//1294 1303//1303
f 1117//1117 1113//1113 1294//1294
f 1113//1113 1276//1276 1294//1294
f 1303//1303 1296//1296 1304//1304
f 1294//1294 1296//1296 1303//1303
f 1117//1117 1303//1303 1119//1119
f 1119//1119 1304//1304 1122//1122
f 1303//1303 1304//1304 1119//1119
f 1304//1304 1301//1301 1305//1305
f 1296//1296 1301//1301 1304//1304
f 1305//1305 1302//1302 1306//1306
f 1301//1301 1302//1302 1305//1305
f 1124//1124 1305//1305 1307//1307
f 1124//1124 1122//1122 1305//1305
f 1122//1122 1304//1304 1305//1305
f 1307//1307 1306//1306 1172//1172
f 1305//1305 1306//1306 1307//1307
f 1124//1124 1307//1307 1125//1125
f 1130//1130 1125//1125 1308//1308
f 1125//1125 1172//1172 1308//1308
f 1125//1125 1307//1307 1172//1172
f 1130//1130 1309//1309 1121//1121
f 1308//1308 1309//1309 1130//1130
f 1310//1310 1306//1306 25//25
f 1306//1306 24//24 25//25
f 1306//1306 1302//1302 24//24
f 1310//1310 25//25 26//26
f 1172//1172 1310//1310 1311//1311
f 1306//1306 1310//1310 1172//1172
f 1311//1311 26//26 7//7
f 1310//1310 26//26 1311//1311
f 325//325 493//493 1747//1747
f 1747//1747 1638//1638 325//325
f 493//493 494//494 1753//1753
f 1753//1753 1747//1747 493//493
f 496//496 495//495 1761//1761
f 495//495 497//497 1776//1776
f 1776//1776 1761//1761 495//495
f 1780//1780 496//496 1761//1761
f 1780//1780 1753//1753 496//496
f 1753//1753 494//494 496//496
f 1761//1761 1776//1776 1802//1802
f 1802//1802 1780//1780 1761//1761
f 314//314 498//498 1811//1811
f 498//498 499//499 2019//2019
f 2019//2019 1811//1811 498//498
f 500//500 2024//2024 2026//2026
f 492//492 2024//2024 500//500
f 2024//2024 2044//2044 2082//2082
f 2082//2082 2026//2026 2024//2024
f 2091//2091 500//500 2026//2026
f 2091//2091 499//499 500//500
f 2091//2091 2019//2019 499//499
f 2026//2026 2082//2082 2097//2097
f 2097//2097 2091//2091 2026//2026
f 2101//2101 314//314 1811//1811
f 2101//2101 497//497 314//314
f 2101//2101 1776//1776 497//497
f 1811//1811 2019//2019 2103//2103
f 2103//2103 2101//2101 1811//1811
f 1776//1776 2101//2101 2272//2272
f 2272//2272 1802//1802 1776//1776
f 2101//2101 2103//2103 2276//2276
f 2276//2276 2272//2272 2101//2101
f 2019//2019 2091//2091 2279//2279
f 2279//2279 2103//2103 2019//2019
f 2091//2091 2097//2097 2283//2283
f 2283//2283 2279//2279 2091//2091
f 2103//2103 2279//2279 2287//2287
f 2287//2287 2276//2276 2103//2103
f 2279//2279 2283//2283 1840//1840
f 1840//1840 2287//2287 2279//2279
f 1736//1736 2316//2316 2326//2326
f 2326//2326 2324//2324 1736//1736
f 2326//2326 2333//2333 2336//2336
f 2316//2316 2333//2333 2326//2326
f 2352//2352 2326//2326 2357//2357
f 2324//2324 2326//2326 2352//2352
f 502//502 2357//2357 501//501
f 2357//2357 2326//2326 501//501
f 2326//2326 2336//2336 501//501
f 504//504 2333//2333 503//503
f 2333//2333 2359//2359 503//503
f 504//504 2336//2336 2333//2333
f 2359//2359 361//361 503//503
f 2336//2336 504//504 501//501
f 2364//2364 2357//2357 2369//2369
f 2352//2352 2357//2357 2364//2364
f 2357//2357 502//502 505//505
f 505//505 2369//2369 2357//2357
f 2364//2364 2369//2369 2392//2392
f 2392//2392 2044//2044 2364//2364
f 2400//2400 2392//2392 506//506
f 2392//2392 505//505 506//506
f 2392//2392 2369//2369 505//505
f 2400//2400 506//506 507//507
f 508//508 262//262 2406//2406
f 2044//2044 2392//2392 2410//2410
f 2410//2410 2082//2082 2044//2044
f 2392//2392 2400//2400 2432//2432
f 2432//2432 2410//2410 2392//2392
f 2097//2097 2410//2410 2437//2437
f 2082//2082 2410//2410 2097//2097
f 2410//2410 2432//2432 2443//2443
f 2443//2443 2437//2437 2410//2410
f 2449//2449 2432//2432 509//509
f 2432//2432 507//507 509//509
f 2432//2432 2400//2400 507//507
f 2449//2449 509//509 510//510
f 2432//2432 2449//2449 2453//2453
f 2453//2453 2443//2443 2432//2432
f 2458//2458 2453//2453 511//511
f 2453//2453 510//510 511//511
f 2453//2453 2449//2449 510//510
f 2097//2097 2437//2437 2461//2461
f 2461//2461 2283//2283 2097//2097
f 2437//2437 2443//2443 2466//2466
f 2466//2466 2461//2461 2437//2437
f 2283//2283 2461//2461 1844//1844
f 1844//1844 1840//1840 2283//2283
f 2461//2461 2466//2466 1860//1860
f 1860//1860 1844//1844 2461//2461
f 2466//2466 2453//2453 2471//2471
f 2443//2443 2453//2453 2466//2466
f 2471//2471 2458//2458 2473//2473
f 2453//2453 2458//2458 2471//2471
f 2466//2466 2471//2471 1941//1941
f 1941//1941 1860//1860 2466//2466
f 1941//1941 2473//2473 1944//1944
f 2471//2471 2473//2473 1941//1941
f 513//513 512//512 2478//2478
f 2458//2458 514//514 2483//2483
f 511//511 514//514 2458//2458
f 2487//2487 513//513 2478//2478
f 2487//2487 514//514 513//513
f 2487//2487 2483//2483 514//514
f 512//512 515//515 2493//2493
f 2493//2493 2478//2478 512//512
f 2499//2499 508//508 2406//2406
f 2499//2499 515//515 508//508
f 2499//2499 2493//2493 515//515
f 2478//2478 2493//2493 2503//2503
f 2503//2503 2487//2487 2478//2478
f 2493//2493 2499//2499 2518//2518
f 2518//2518 2503//2503 2493//2493
f 2458//2458 2483//2483 2551//2551
f 2551//2551 2473//2473 2458//2458
f 2483//2483 2487//2487 2557//2557
f 2557//2557 2551//2551 2483//2483
f 2473//2473 2551//2551 2039//2039
f 2039//2039 1944//1944 2473//2473
f 2551//2551 2557//2557 2277//2277
f 2277//2277 2039//2039 2551//2551
f 2487//2487 2503//2503 2561//2561
f 2561//2561 2557//2557 2487//2487
f 2503//2503 2518//2518 2604//2604
f 2604//2604 2561//2561 2503//2503
f 2557//2557 2561//2561 2317//2317
f 2317//2317 2277//2277 2557//2557
f 2317//2317 2604//2604 2330//2330
f 2561//2561 2604//2604 2317//2317
f 1638//1638 1747//1747 2631//2631
f 2631//2631 2617//2617 1638//1638
f 1747//1747 1753//1753 2650//2650
f 2650//2650 2631//2631 1747//1747
f 2656//2656 2631//2631 2661//2661
f 2617//2617 2631//2631 2656//2656
f 2661//2661 2650//2650 2681//2681
f 2631//2631 2650//2650 2661//2661
f 2650//2650 1780//1780 2686//2686
f 1753//1753 1780//1780 2650//2650
f 1780//1780 1802//1802 2687//2687
f 2687//2687 2686//2686 1780//1780
f 2681//2681 2686//2686 2692//2692
f 2650//2650 2686//2686 2681//2681
f 2686//2686 2687//2687 2695//2695
f 2695//2695 2692//2692 2686//2686
f 2698//2698 2661//2661 2705//2705
f 2656//2656 2661//2661 2698//2698
f 2705//2705 2681//2681 2707//2707
f 2661//2661 2681//2681 2705//2705
f 2711//2711 2705//2705 2757//2757
f 2698//2698 2705//2705 2711//2711
f 2757//2757 2707//2707 1795//1795
f 2705//2705 2707//2707 2757//2757
f 2707//2707 2692//2692 2805//2805
f 2681//2681 2692//2692 2707//2707
f 2805//2805 2695//2695 2812//2812
f 2692//2692 2695//2695 2805//2805
f 2707//2707 2805//2805 1808//1808
f 1808//1808 1795//1795 2707//2707
f 1808//1808 2812//2812 1813//1813
f 2805//2805 2812//2812 1808//1808
f 1802//1802 2272//2272 2818//2818
f 2818//2818 2687//2687 1802//1802
f 2818//2818 2276//2276 2820//2820
f 2272//2272 2276//2276 2818//2818
f 2687//2687 2818//2818 2824//2824
f 2824//2824 2695//2695 2687//2687
f 2824//2824 2820//2820 2834//2834
f 2818//2818 2820//2820 2824//2824
f 2276//2276 2287//2287 2837//2837
f 2837//2837 2820//2820 2276//2276
f 2837//2837 1840//1840 1849//1849
f 2287//2287 1840//1840 2837//2837
f 2834//2834 2837//2837 2845//2845
f 2820//2820 2837//2837 2834//2834
f 2845//2845 1849//1849 1868//1868
f 2837//2837 1849//1849 2845//2845
f 2812//2812 2824//2824 2851//2851
f 2695//2695 2824//2824 2812//2812
f 2851//2851 2834//2834 2853//2853
f 2824//2824 2834//2834 2851//2851
f 517//517 2812//2812 516//516
f 2812//2812 2851//2851 516//516
f 517//517 1813//1813 2812//2812
f 518//518 2851//2851 2853//2853
f 516//516 2851//2851 518//518
f 2853//2853 2845//2845 2857//2857
f 2834//2834 2845//2845 2853//2853
f 2857//2857 1868//1868 1967//1967
f 2845//2845 1868//1868 2857//2857
f 1824//1824 519//519 2857//2857
f 519//519 518//518 2857//2857
f 518//518 2853//2853 2857//2857
f 1824//1824 1967//1967 1829//1829
f 2857//2857 1967//1967 1824//1824
f 520//520 2711//2711 2757//2757
f 272//272 2711//2711 520//520
f 521//521 2757//2757 1795//1795
f 520//520 2757//2757 521//521
f 2809//2809 2815//2815 2823//2823
f 2823//2823 2817//2817 2809//2809
f 2823//2823 2828//2828 2835//2835
f 2815//2815 2828//2828 2823//2823
f 2817//2817 2823//2823 2842//2842
f 2842//2842 2839//2839 2817//2817
f 2823//2823 2835//2835 2862//2862
f 2862//2862 2842//2842 2823//2823
f 2835//2835 2865//2865 2867//2867
f 2828//2828 2865//2865 2835//2835
f 2867//2867 2869//2869 2872//2872
f 2865//2865 2869//2869 2867//2867
f 2862//2862 2867//2867 2873//2873
f 2835//2835 2867//2867 2862//2862
f 2873//2873 2872//2872 2874//2874
f 2867//2867 2872//2872 2873//2873
f 2876//2876 2842//2842 2877//2877
f 2839//2839 2842//2842 2876//2876
f 2842//2842 2862//2862 2880//2880
f 2880//2880 2877//2877 2842//2842
f 2884//2884 2877//2877 2887//2887
f 2876//2876 2877//2877 2884//2884
f 2887//2887 2880//2880 2895//2895
f 2877//2877 2880//2880 2887//2887
f 2862//2862 2873//2873 2900//2900
f 2900//2900 2880//2880 2862//2862
f 2900//2900 2874//2874 2901//2901
f 2873//2873 2874//2874 2900//2900
f 2880//2880 2900//2900 2905//2905
f 2905//2905 2895//2895 2880//2880
f 2900//2900 2901//2901 2914//2914
f 2914//2914 2905//2905 2900//2900
f 2612//2612 2918//2918 2926//2926
f 2926//2926 2644//2644 2612//2612
f 2918//2918 2929//2929 2937//2937
f 2937//2937 2926//2926 2918//2918
f 2644//2644 2926//2926 2940//2940
f 2940//2940 2658//2658 2644//2644
f 2940//2940 2937//2937 2942//2942
f 2926//2926 2937//2937 2940//2940
f 2929//2929 2948//2948 2950//2950
f 2950//2950 2937//2937 2929//2929
f 2950//2950 2884//2884 2952//2952
f 2948//2948 2884//2884 2950//2950
f 2937//2937 2950//2950 2954//2954
f 2954//2954 2942//2942 2937//2937
f 2950//2950 2952//2952 2958//2958
f 2958//2958 2954//2954 2950//2950
f 2872//2872 2964//2964 2968//2968
f 2869//2869 2964//2964 2872//2872
f 2964//2964 2973//2973 2975//2975
f 2975//2975 2968//2968 2964//2964
f 2874//2874 2968//2968 2979//2979
f 2872//2872 2968//2968 2874//2874
f 2979//2979 2975//2975 2981//2981
f 2968//2968 2975//2975 2979//2979
f 2973//2973 2984//2984 2987//2987
f 2987//2987 2975//2975 2973//2973
f 2984//2984 2702//2702 2989//2989
f 2989//2989 2987//2987 2984//2984
f 2981//2981 2987//2987 2990//2990
f 2975//2975 2987//2987 2981//2981
f 2987//2987 2989//2989 2991//2991
f 2991//2991 2990//2990 2987//2987
f 2901//2901 2979//2979 2995//2995
f 2874//2874 2979//2979 2901//2901
f 2979//2979 2981//2981 3002//3002
f 3002//3002 2995//2995 2979//2979
f 2901//2901 2995//2995 3004//3004
f 3004//3004 2914//2914 2901//2901
f 2995//2995 3002//3002 3007//3007
f 3007//3007 3004//3004 2995//2995
f 2989//2989 2706//2706 3012//3012
f 2702//2702 2706//2706 2989//2989
f 2706//2706 2710//2710 3014//3014
f 3014//3014 3012//3012 2706//2706
f 2989//2989 3012//3012 3018//3018
f 3018//3018 2991//2991 2989//2989
f 3012//3012 3014//3014 3023//3023
f 3023//3023 3018//3018 3012//3012
f 2710//2710 2723//2723 3027//3027
f 3027//3027 3014//3014 2710//2710
f 3027//3027 2726//2726 3033//3033
f 2723//2723 2726//2726 3027//3027
f 3023//3023 3027//3027 3037//3037
f 3014//3014 3027//3027 3023//3023
f 3027//3027 3033//3033 3042//3042
f 3042//3042 3037//3037 3027//3027
f 3033//3033 3006//3006 3049//3049
f 2726//2726 3006//3006 3033//3033
f 3049//3049 3032//3032 3055//3055
f 3006//3006 3032//3032 3049//3049
f 3042//3042 3049//3049 3059//3059
f 3033//3033 3049//3049 3042//3042
f 3059//3059 3055//3055 3061//3061
f 3049//3049 3055//3055 3059//3059
f 3055//3055 3041//3041 3069//3069
f 3032//3032 3041//3041 3055//3055
f 3041//3041 3045//3045 3072//3072
f 3072//3072 3069//3069 3041//3041
f 3061//3061 3069//3069 3075//3075
f 3055//3055 3069//3069 3061//3061
f 3069//3069 3072//3072 3078//3078
f 3078//3078 3075//3075 3069//3069
f 3042//3042 3059//3059 3081//3081
f 3081//3081 3080//3080 3042//3042
f 3059//3059 3061//3061 3084//3084
f 3084//3084 3081//3081 3059//3059
f 3080//3080 3081//3081 3090//3090
f 3090//3090 3088//3088 3080//3080
f 3081//3081 3084//3084 3092//3092
f 3092//3092 3090//3090 3081//3081
f 3061//3061 3075//3075 3096//3096
f 3096//3096 3084//3084 3061//3061
f 3096//3096 3078//3078 3099//3099
f 3075//3075 3078//3078 3096//3096
f 3084//3084 3096//3096 3102//3102
f 3102//3102 3092//3092 3084//3084
f 3096//3096 3099//3099 3106//3106
f 3106//3106 3102//3102 3096//3096
f 1464//1464 1476//1476 3095//3095
f 1476//1476 3045//3045 3095//3095
f 1476//1476 3072//3072 3045//3045
f 3095//3095 3108//3108 1481//1481
f 1481//1481 1464//1464 3095//3095
f 1476//1476 3078//3078 3072//3072
f 1476//1476 3116//3116 3078//3078
f 1476//1476 1488//1488 3116//3116
f 3122//3122 3116//3116 1488//1488
f 1488//1488 1491//1491 3122//3122
f 1438//1438 1481//1481 3108//3108
f 1438//1438 3124//3124 1481//1481
f 3124//3124 1500//1500 1481//1481
f 1438//1438 1498//1498 3124//3124
f 3127//3127 3124//3124 1498//1498
f 1498//1498 1503//1503 3127//3127
f 1491//1491 1500//1500 3122//3122
f 1500//1500 3124//3124 3122//3122
f 3124//3124 3128//3128 3122//3122
f 3128//3128 3127//3127 3129//3129
f 3124//3124 3127//3127 3128//3128
f 3132//3132 3127//3127 1503//1503
f 1503//1503 1506//1506 3132//3132
f 1506//1506 1508//1508 3132//3132
f 1508//1508 3140//3140 3132//3132
f 1508//1508 3136//3136 3140//3140
f 3127//3127 3132//3132 3141//3141
f 3141//3141 3129//3129 3127//3127
f 3132//3132 3140//3140 3143//3143
f 3143//3143 3141//3141 3132//3132
f 1510//1510 3136//3136 3144//3144
f 1510//1510 1512//1512 3136//3136
f 1512//1512 3140//3140 3136//3136
f 1510//1510 3144//3144 1514//1514
f 1512//1512 3143//3143 3140//3140
f 1512//1512 1515//1515 3143//3143
f 1515//1515 3147//3147 3143//3143
f 3149//3149 3147//3147 1515//1515
f 1515//1515 1517//1517 3149//3149
f 1521//1521 3152//3152 1522//1522
f 3150//3150 3152//3152 1521//1521
f 1524//1524 3149//3149 1517//1517
f 3154//3154 3149//3149 1524//1524
f 1524//1524 1522//1522 3154//3154
f 1522//1522 3156//3156 3154//3154
f 1522//1522 3152//3152 3156//3156
f 3230//3230 3250//3250 3268//3268
f 3268//3268 3254//3254 3230//3230
f 3268//3268 3275//3275 3279//3279
f 3250//3250 3275//3275 3268//3268
f 3285//3285 3268//3268 3291//3291
f 3254//3254 3268//3268 3285//3285
f 3291//3291 3279//3279 3301//3301
f 3268//3268 3279//3279 3291//3291
f 3279//3279 3304//3304 3308//3308
f 3275//3275 3304//3304 3279//3279
f 3304//3304 3310//3310 3312//3312
f 3312//3312 3308//3308 3304//3304
f 3301//3301 3308//3308 3314//3314
f 3279//3279 3308//3308 3301//3301
f 3314//3314 3312//3312 3316//3316
f 3308//3308 3312//3312 3314//3314
f 3310//3310 3319//3319 3321//3321
f 3321//3321 3312//3312 3310//3310
f 3319//3319 3323//3323 3326//3326
f 3326//3326 3321//3321 3319//3319
f 3316//3316 3321//3321 3328//3328
f 3312//3312 3321//3321 3316//3316
f 3328//3328 3326//3326 3330//3330
f 3321//3321 3326//3326 3328//3328
f 3323//3323 3334//3334 3337//3337
f 3337//3337 3326//3326 3323//3323
f 3339//3339 3337//3337 1421//1421
f 3337//3337 1408//1408 1421//1421
f 3337//3337 3334//3334 1408//1408
f 3330//3330 3337//3337 3341//3341
f 3326//3326 3337//3337 3330//3330
f 3337//3337 3339//3339 3342//3342
f 3342//3342 3341//3341 3337//3337
f 3339//3339 1421//1421 1425//1425
f 3345//3345 3342//3342 1427//1427
f 3342//3342 1425//1425 1427//1427
f 3342//3342 3339//3339 1425//1425
f 3345//3345 1427//1427 1431//1431
f 1442//1442 1424//1424 3269//3269
f 3347//3347 1447//1447 3307//3307
f 1447//1447 1442//1442 3307//3307
f 1442//1442 3269//3269 3307//3307
f 3347//3347 3311//3311 3348//3348
f 3307//3307 3311//3311 3347//3347
f 1453//1453 1447//1447 3347//3347
f 3349//3349 1458//1458 3348//3348
f 1458//1458 1453//1453 3348//3348
f 1453//1453 3347//3347 3348//3348
f 1467//1467 1458//1458 3349//3349
f 3350//3350 3348//3348 1473//1473
f 3348//3348 1441//1441 1473//1473
f 3348//3348 3311//3311 1441//1441
f 3350//3350 1473//1473 1477//1477
f 3348//3348 3350//3350 3351//3351
f 3351//3351 3349//3349 3348//3348
f 3352//3352 3351//3351 1482//1482
f 3351//3351 1477//1477 1482//1482
f 3351//3351 3350//3350 1477//1477
f 1490//1490 1459//1459 3285//3285
f 3352//3352 1493//1493 3353//3353
f 1482//1482 1493//1493 3352//3352
f 1493//1493 1497//1497 3354//3354
f 3354//3354 3353//3353 1493//1493
f 3355//3355 1598//1598 3351//3351
f 1598//1598 1467//1467 3351//3351
f 1467//1467 3349//3349 3351//3351
f 3355//3355 3352//3352 3356//3356
f 3351//3351 3352//3352 3355//3355
f 1599//1599 1598//1598 3355//3355
f 3357//3357 1600//1600 3356//3356
f 1600//1600 1599//1599 3356//3356
f 1599//1599 3355//3355 3356//3356
f 3352//3352 3353//3353 3358//3358
f 3358//3358 3356//3356 3352//3352
f 3358//3358 3354//3354 3359//3359
f 3353//3353 3354//3354 3358//3358
f 3357//3357 3358//3358 3360//3360
f 3356//3356 3358//3358 3357//3357
f 3358//3358 3359//3359 3270//3270
f 3270//3270 3360//3360 3358//3358
f 3361//3361 1601//1601 3291//3291
f 1601//1601 1490//1490 3291//3291
f 1490//1490 3285//3285 3291//3291
f 1603//1603 3291//3291 1602//1602
f 3291//3291 3301//3301 1602//1602
f 1603//1603 3361//3361 3291//3291
f 3362//3362 1601//1601 3361//3361
f 3362//3362 1497//1497 1601//1601
f 3362//3362 3354//3354 1497//1497
f 3363//3363 1603//1603 1604//1604
f 3363//3363 3362//3362 1603//1603
f 3362//3362 3361//3361 1603//1603
f 3364//3364 1605//1605 3314//3314
f 1605//1605 1602//1602 3314//3314
f 1602//1602 3301//3301 3314//3314
f 3314//3314 3316//3316 3365//3365
f 3365//3365 3364//3364 3314//3314
f 3366//3366 1605//1605 3364//3364
f 3366//3366 1604//1604 1605//1605
f 3366//3366 3363//3363 1604//1604
f 1606//1606 3364//3364 1446//1446
f 3364//3364 3365//3365 1446//1446
f 1606//1606 3366//3366 3364//3364
f 3359//3359 3362//3362 3367//3367
f 3354//3354 3362//3362 3359//3359
f 3362//3362 3363//3363 3368//3368
f 3368//3368 3367//3367 3362//3362
f 3359//3359 3367//3367 3273//3273
f 3273//3273 3270//3270 3359//3359
f 3273//3273 3368//3368 3282//3282
f 3367//3367 3368//3368 3273//3273
f 3368//3368 3366//3366 3369//3369
f 3363//3363 3366//3366 3368//3368
f 3366//3366 1606//1606 1607//1607
f 1607//1607 3369//3369 3366//3366
f 1465//1465 3368//3368 1608//1608
f 3368//3368 3369//3369 1608//1608
f 1465//1465 3282//3282 3368//3368
f 3369//3369 1607//1607 1608//1608
f 1600//1600 3357//3357 3370//3370
f 3370//3370 1609//1609 1600//1600
f 1610//1610 1609//1609 3370//3370
f 3370//3370 3360//3360 3371//3371
f 3357//3357 3360//3360 3370//3370
f 3360//3360 3270//3270 3278//3278
f 3278//3278 3371//3371 3360//3360
f 3258//3258 1435//1435 3371//3371
f 1435//1435 1610//1610 3371//3371
f 1610//1610 3370//3370 3371//3371
f 3258//3258 3278//3278 3263//3263
f 3371//3371 3278//3278 3258//3258
f 83//83 93//93 84//84
f 86//86 93//93 83//83
f 84//84 93//93 88//88
f 88//88 93//93 86//86
f 135//135 602//602 452//452
f 453//453 609//609 454//454
f 455//455 609//609 453//453
f 456//456 616//616 457//457
f 616//616 625//625 458//458
f 458//458 457//457 616//616
f 456//456 636//636 616//616
f 456//456 454//454 636//636
f 454//454 609//609 636//636
f 636//636 609//609 455//455
f 455//455 459//459 636//636
f 616//616 636//636 662//662
f 662//662 625//625 616//616
f 460//460 636//636 459//459
f 662//662 636//636 460//460
f 458//458 668//668 461//461
f 625//625 668//668 458//458
f 668//668 671//671 462//462
f 462//462 461//461 668//668
f 668//668 662//662 677//677
f 625//625 662//662 668//668
f 463//463 662//662 460//460
f 677//677 662//662 463//463
f 671//671 677//677 690//690
f 668//668 677//677 671//671
f 690//690 677//677 463//463
f 463//463 464//464 690//690
f 465//465 698//698 466//466
f 465//465 745//745 698//698
f 465//465 462//462 745//745
f 462//462 671//671 745//745
f 466//466 749//749 467//467
f 698//698 749//749 466//466
f 749//749 745//745 754//754
f 698//698 745//745 749//749
f 671//671 690//690 759//759
f 759//759 745//745 671//671
f 759//759 690//690 464//464
f 464//464 468//468 759//759
f 754//754 759//759 763//763
f 745//745 759//759 754//754
f 469//469 759//759 468//468
f 763//763 759//759 469//469
f 452//452 602//602 162//162
f 470//470 769//769 471//471
f 648//648 758//758 472//472
f 472//472 174//174 648//648
f 473//473 780//780 474//474
f 473//473 758//758 780//780
f 758//758 775//775 780//780
f 473//473 472//472 758//758
f 475//475 793//793 476//476
f 795//795 793//793 475//475
f 475//475 477//477 795//795
f 470//470 797//797 769//769
f 470//470 793//793 797//797
f 470//470 476//476 793//793
f 797//797 795//795 800//800
f 793//793 795//795 797//797
f 477//477 474//474 795//795
f 474//474 807//807 795//795
f 474//474 780//780 807//807
f 780//780 775//775 794//794
f 794//794 807//807 780//780
f 84//84 795//795 83//83
f 795//795 807//807 83//83
f 84//84 800//800 795//795
f 825//825 83//83 794//794
f 83//83 807//807 794//794
f 825//825 86//86 83//83
f 478//478 864//864 479//479
f 471//471 928//928 480//480
f 769//769 928//928 471//471
f 933//933 864//864 478//478
f 478//478 481//481 933//933
f 481//481 936//936 933//933
f 481//481 480//480 936//936
f 480//480 928//928 936//936
f 864//864 937//937 482//482
f 482//482 479//479 864//864
f 482//482 937//937 483//483
f 864//864 933//933 942//942
f 942//942 937//937 864//864
f 933//933 936//936 946//946
f 946//946 942//942 933//933
f 185//185 942//942 582//582
f 185//185 483//483 942//942
f 483//483 937//937 942//942
f 942//942 946//946 589//589
f 589//589 582//582 942//942
f 769//769 797//797 950//950
f 950//950 928//928 769//769
f 797//797 800//800 955//955
f 955//955 950//950 797//797
f 928//928 950//950 959//959
f 959//959 936//936 928//928
f 950//950 955//955 962//962
f 962//962 959//959 950//950
f 966//966 955//955 88//88
f 955//955 84//84 88//88
f 955//955 800//800 84//84
f 970//970 88//88 825//825
f 88//88 86//86 825//825
f 970//970 966//966 88//88
f 962//962 966//966 975//975
f 955//955 966//966 962//962
f 966//966 970//970 977//977
f 977//977 975//975 966//966
f 936//936 959//959 979//979
f 979//979 946//946 936//936
f 959//959 962//962 982//982
f 982//982 979//979 959//959
f 946//946 979//979 598//598
f 598//598 589//589 946//946
f 979//979 982//982 669//669
f 669//669 598//598 979//979
f 962//962 975//975 985//985
f 985//985 982//982 962//962
f 985//985 977//977 987//987
f 975//975 977//977 985//985
f 982//982 985//985 730//730
f 730//730 669//669 982//982
f 730//730 987//987 735//735
f 985//985 987//987 730//730
f 467//467 749//749 484//484
f 485//485 484//484 991//991
f 484//484 754//754 991//991
f 484//484 749//749 754//754
f 485//485 991//991 486//486
f 487//487 754//754 763//763
f 487//487 991//991 754//754
f 487//487 488//488 991//991
f 487//487 763//763 469//469
f 486//486 991//991 488//488
f 98//98 554//554 489//489
f 554//554 569//569 300//300
f 300//300 489//489 554//554
f 1619//1619 1617//1617 1622//1622
f 1613//1613 1617//1617 1619//1619
f 1624//1624 1622//1622 452//452
f 1622//1622 135//135 452//452
f 1622//1622 1617//1617 135//135
f 454//454 1619//1619 453//453
f 1619//1619 1622//1622 453//453
f 454//454 1627//1627 1619//1619
f 1630//1630 455//455 1624//1624
f 455//455 453//453 1624//1624
f 453//453 1622//1622 1624//1624
f 1643//1643 1637//1637 1647//1647
f 1635//1635 1637//1637 1643//1643
f 457//457 1627//1627 456//456
f 457//457 1637//1637 1627//1627
f 457//457 1647//1647 1637//1637
f 1649//1649 1647//1647 1653//1653
f 1643//1643 1647//1647 1649//1649
f 1647//1647 457//457 458//458
f 458//458 1653//1653 1647//1647
f 1627//1627 454//454 456//456
f 455//455 1630//1630 1667//1667
f 1667//1667 459//459 455//455
f 460//460 1667//1667 1671//1671
f 459//459 1667//1667 460//460
f 1688//1688 1678//1678 1691//1691
f 1675//1675 1678//1678 1688//1688
f 1691//1691 1696//1696 1823//1823
f 1678//1678 1696//1696 1691//1691
f 1688//1688 1691//1691 1903//1903
f 1903//1903 1896//1896 1688//1688
f 1691//1691 1823//1823 1920//1920
f 1920//1920 1903//1903 1691//1691
f 1649//1649 1653//1653 1986//1986
f 1986//1986 1980//1980 1649//1649
f 1986//1986 458//458 461//461
f 1653//1653 458//458 1986//1986
f 1696//1696 1986//1986 1991//1991
f 1980//1980 1986//1986 1696//1696
f 1986//1986 461//461 462//462
f 462//462 1991//1991 1986//1986
f 460//460 1671//1671 1996//1996
f 1996//1996 463//463 460//460
f 463//463 1996//1996 2000//2000
f 2000//2000 464//464 463//463
f 466//466 1696//1696 465//465
f 1696//1696 1991//1991 465//465
f 466//466 1823//1823 1696//1696
f 1991//1991 462//462 465//465
f 1920//1920 466//466 467//467
f 1823//1823 466//466 1920//1920
f 468//468 2000//2000 2011//2011
f 464//464 2000//2000 468//468
f 469//469 2011//2011 2016//2016
f 468//468 2011//2011 469//469
f 2028//2028 162//162 2022//2022
f 2028//2028 452//452 162//162
f 2028//2028 1624//1624 452//452
f 2022//2022 2036//2036 2041//2041
f 2041//2041 2028//2028 2022//2022
f 1624//1624 2028//2028 2061//2061
f 2061//2061 1630//1630 1624//1624
f 2028//2028 2041//2041 2065//2065
f 2065//2065 2061//2061 2028//2028
f 2041//2041 2048//2048 2067//2067
f 2036//2036 2048//2048 2041//2041
f 2048//2048 2064//2064 2068//2068
f 2068//2068 2067//2067 2048//2048
f 2065//2065 2067//2067 2070//2070
f 2041//2041 2067//2067 2065//2065
f 2067//2067 2068//2068 2076//2076
f 2076//2076 2070//2070 2067//2067
f 1667//1667 2061//2061 2077//2077
f 1630//1630 2061//2061 1667//1667
f 2077//2077 2065//2065 2078//2078
f 2061//2061 2065//2065 2077//2077
f 1671//1671 2077//2077 2079//2079
f 1667//1667 2077//2077 1671//1671
f 2077//2077 2078//2078 2081//2081
f 2081//2081 2079//2079 2077//2077
f 2065//2065 2070//2070 2085//2085
f 2085//2085 2078//2078 2065//2065
f 2085//2085 2076//2076 2087//2087
f 2070//2070 2076//2076 2085//2085
f 2081//2081 2085//2085 2089//2089
f 2078//2078 2085//2085 2081//2081
f 471//471 2089//2089 470//470
f 2089//2089 2085//2085 470//470
f 2085//2085 2087//2087 470//470
f 2064//2064 2094//2094 2344//2344
f 2344//2344 2068//2068 2064//2064
f 2094//2094 2241//2241 2348//2348
f 2348//2348 2344//2344 2094//2094
f 2068//2068 2344//2344 2355//2355
f 2355//2355 2076//2076 2068//2068
f 2355//2355 2348//2348 2368//2368
f 2344//2344 2348//2348 2355//2355
f 2348//2348 2251//2251 2376//2376
f 2241//2241 2251//2251 2348//2348
f 2251//2251 174//174 472//472
f 472//472 2376//2376 2251//2251
f 474//474 2348//2348 473//473
f 2348//2348 2376//2376 473//473
f 474//474 2368//2368 2348//2348
f 2376//2376 472//472 473//473
f 476//476 2076//2076 475//475
f 2076//2076 2355//2355 475//475
f 476//476 2087//2087 2076//2076
f 475//475 2355//2355 2368//2368
f 2368//2368 477//477 475//475
f 2087//2087 476//476 470//470
f 2368//2368 474//474 477//477
f 1671//1671 2079//2079 2384//2384
f 2384//2384 1996//1996 1671//1671
f 2079//2079 2081//2081 2386//2386
f 2386//2386 2384//2384 2079//2079
f 1996//1996 2384//2384 2390//2390
f 2390//2390 2000//2000 1996//1996
f 479//479 2386//2386 478//478
f 479//479 2384//2384 2386//2386
f 479//479 2390//2390 2384//2384
f 2386//2386 2089//2089 2396//2396
f 2081//2081 2089//2089 2386//2386
f 2089//2089 471//471 480//480
f 480//480 2396//2396 2089//2089
f 478//478 2386//2386 2396//2396
f 2396//2396 481//481 478//478
f 2396//2396 480//480 481//481
f 2011//2011 2390//2390 2402//2402
f 2000//2000 2390//2390 2011//2011
f 2390//2390 479//479 482//482
f 482//482 2402//2402 2390//2390
f 2011//2011 2402//2402 2104//2104
f 2104//2104 2016//2016 2011//2011
f 2135//2135 2104//2104 483//483
f 2104//2104 482//482 483//483
f 2104//2104 2402//2402 482//482
f 2135//2135 483//483 185//185
f 1896//1896 1903//1903 2416//2416
f 2416//2416 2408//2408 1896//1896
f 1903//1903 1920//1920 2419//2419
f 2419//2419 2416//2416 1903//1903
f 2421//2421 2416//2416 2424//2424
f 2408//2408 2416//2416 2421//2421
f 2416//2416 2419//2419 2429//2429
f 2429//2429 2424//2424 2416//2416
f 2421//2421 2424//2424 2442//2442
f 2442//2442 2439//2439 2421//2421
f 2424//2424 2429//2429 2447//2447
f 2447//2447 2442//2442 2424//2424
f 2462//2462 2442//2442 2470//2470
f 2439//2439 2442//2442 2462//2462
f 2442//2442 2447//2447 1616//1616
f 1616//1616 2470//2470 2442//2442
f 2476//2476 2419//2419 484//484
f 2419//2419 467//467 484//484
f 2419//2419 1920//1920 467//467
f 2476//2476 484//484 485//485
f 2419//2419 2476//2476 2481//2481
f 2481//2481 2429//2429 2419//2419
f 2489//2489 2481//2481 486//486
f 2481//2481 485//485 486//486
f 2481//2481 2476//2476 485//485
f 488//488 487//487 2496//2496
f 2117//2117 469//469 2016//2016
f 2117//2117 487//487 469//469
f 2117//2117 2496//2496 487//487
f 2500//2500 488//488 2496//2496
f 2500//2500 486//486 488//488
f 2500//2500 2489//2489 486//486
f 2496//2496 2117//2117 2140//2140
f 2140//2140 2500//2500 2496//2496
f 2429//2429 2481//2481 2506//2506
f 2506//2506 2447//2447 2429//2429
f 2481//2481 2489//2489 2511//2511
f 2511//2511 2506//2506 2481//2481
f 1616//1616 2506//2506 1621//1621
f 2447//2447 2506//2506 1616//1616
f 2506//2506 2511//2511 1632//1632
f 1632//1632 1621//1621 2506//2506
f 2511//2511 2500//2500 2515//2515
f 2489//2489 2500//2500 2511//2511
f 2500//2500 2140//2140 2171//2171
f 2171//2171 2515//2515 2500//2500
f 2511//2511 2515//2515 1701//1701
f 1701//1701 1632//1632 2511//2511
f 1701//1701 2171//2171 1707//1707
f 2515//2515 2171//2171 1701//1701
f 2519//2519 2470//2470 2521//2521
f 2462//2462 2470//2470 2519//2519
f 2470//2470 1616//1616 1626//1626
f 1626//1626 2521//2521 2470//2470
f 2523//2523 2521//2521 2524//2524
f 2519//2519 2521//2521 2523//2523
f 2524//2524 1626//1626 1681//1681
f 2521//2521 1626//1626 2524//2524
f 2537//2537 2524//2524 2542//2542
f 2523//2523 2524//2524 2537//2537
f 489//489 2524//2524 98//98
f 2524//2524 1681//1681 98//98
f 489//489 2542//2542 2524//2524
f 2537//2537 2542//2542 2479//2479
f 2479//2479 2353//2353 2537//2537
f 2479//2479 489//489 300//300
f 2542//2542 489//489 2479//2479
f 1411//1411 1410//1410 3256//3256
f 1415//1415 1412//1412 3259//3259
f 3261//3261 1411//1411 3256//3256
f 3261//3261 1412//1412 1411//1411
f 3261//3261 3259//3259 1412//1412
f 1419//1419 1417//1417 3266//3266
f 1419//1419 3266//3266 3269//3269
f 3269//3269 1424//1424 1419//1419
f 3297//3297 1415//1415 3259//3259
f 3297//3297 3266//3266 1415//1415
f 3266//3266 1417//1417 1415//1415
f 3259//3259 3261//3261 3302//3302
f 3302//3302 3297//3297 3259//3259
f 3266//3266 3297//3297 3307//3307
f 3307//3307 3269//3269 3266//3266
f 3297//3297 3302//3302 3311//3311
f 3311//3311 3307//3307 3297//3297
f 3256//3256 1426//1426 3315//3315
f 1410//1410 1426//1426 3256//3256
f 3318//3318 1430//1430 3317//3317
f 3318//3318 1426//1426 1430//1430
f 3318//3318 3315//3315 1426//1426
f 3256//3256 3315//3315 3320//3320
f 3320//3320 3261//3261 3256//3256
f 3320//3320 3318//3318 3322//3322
f 3315//3315 3318//3318 3320//3320
f 3318//3318 3324//3324 3327//3327
f 3317//3317 3324//3324 3318//3318
f 3324//3324 3331//3331 3335//3335
f 3335//3335 3327//3327 3324//3324
f 3322//3322 3327//3327 3340//3340
f 3318//3318 3327//3327 3322//3322
f 3340//3340 3335//3335 3230//3230
f 3327//3327 3335//3335 3340//3340
f 3302//3302 3320//3320 3343//3343
f 3261//3261 3320//3320 3302//3302
f 3320//3320 3322//3322 3344//3344
f 3344//3344 3343//3343 3320//3320
f 1441//1441 3302//3302 1439//1439
f 3302//3302 3343//3343 1439//1439
f 1441//1441 3311//3311 3302//3302
f 1445//1445 3343//3343 3344//3344
f 1439//1439 3343//3343 1445//1445
f 3344//3344 3340//3340 3346//3346
f 3322//3322 3340//3340 3344//3344
f 3346//3346 3230//3230 3254//3254
f 3340//3340 3230//3230 3346//3346
f 1452//1452 3344//3344 3346//3346
f 1445//1445 3344//3344 1452//1452
f 3285//3285 1459//1459 3254//3254
f 1459//1459 1452//1452 3254//3254
f 1452//1452 3346//3346 3254//3254
f 1123//1123 2045//2045 1121//1121
f 2045//2045 1704//1704 1121//1121
f 1123//1123 2049//2049 2045//2045
f 3433//3433 2050//2050 1126//1126
f 2050//2050 1123//1123 1126//1126
f 2050//2050 2049//2049 1123//1123
f 3433//3433 2051//2051 2050//2050
f 3446//3446 2057//2057 3433//3433
f 2057//2057 2051//2051 3433//3433
f 3446//3446 2059//2059 2057//2057
f 1131//1131 2114//2114 1128//1128
f 2114//2114 2059//2059 1128//1128
f 2059//2059 3446//3446 1128//1128
f 1131//1131 2130//2130 2114//2114
f 3433//3433 1126//1126 1133//1133
f 3433//3433 1133//1133 1135//1135
f 1135//1135 3446//3446 3433//3433
f 3446//3446 1135//1135 1128//1128
f 1136//1136 2213//2213 1131//1131
f 2213//2213 2130//2130 1131//1131
f 1136//1136 2219//2219 2213//2213
f 2285//2285 2281//2281 2219//2219
f 2281//2281 2217//2217 2219//2219
f 2281//2281 2200//2200 2217//2217
f 2200//2200 2173//2173 2217//2217
f 2281//2281 1531//1531 2200//2200
f 2281//2281 1547//1547 1531//1531
f 1547//1547 3426//3426 1531//1531
f 3453//3453 2285//2285 1138//1138
f 2285//2285 2219//2219 1138//1138
f 2219//2219 1136//1136 1138//1138
f 3456//3456 2289//2289 3453//3453
f 2289//2289 2285//2285 3453//3453
f 3456//3456 2296//2296 2289//2289
f 2917//2917 2909//2909 3456//3456
f 2909//2909 2302//2302 3456//3456
f 2302//2302 2296//2296 3456//3456
f 2909//2909 2311//2311 2302//2302
f 3453//3453 1138//1138 1141//1141
f 1645//1645 1641//1641 1648//1648
f 1614//1614 1641//1641 1645//1645
f 1648//1648 1652//1652 1659//1659
f 1641//1641 1652//1652 1648//1648
f 1645//1645 1648//1648 1662//1662
f 1662//1662 1660//1660 1645//1645
f 1648//1648 1659//1659 1665//1665
f 1665//1665 1662//1662 1648//1648
f 1718//1718 1676//1676 1721//1721
f 1670//1670 1676//1676 1718//1718
f 1721//1721 1660//1660 1723//1723
f 1676//1676 1660//1660 1721//1721
f 1727//1727 1721//1721 1730//1730
f 1718//1718 1721//1721 1727//1727
f 1721//1721 1723//1723 1734//1734
f 1734//1734 1730//1730 1721//1721
f 1660//1660 1662//1662 1743//1743
f 1743//1743 1723//1723 1660//1660
f 1743//1743 1665//1665 1746//1746
f 1662//1662 1665//1665 1743//1743
f 1734//1734 1743//1743 1752//1752
f 1723//1723 1743//1743 1734//1734
f 1752//1752 1746//1746 1758//1758
f 1743//1743 1746//1746 1752//1752
f 1727//1727 1730//1730 1770//1770
f 1770//1770 1765//1765 1727//1727
f 1730//1730 1734//1734 1773//1773
f 1773//1773 1770//1770 1730//1730
f 1765//1765 1770//1770 1796//1796
f 1796//1796 1790//1790 1765//1765
f 1796//1796 1773//1773 1613//1613
f 1770//1770 1773//1773 1796//1796
f 1773//1773 1752//1752 1798//1798
f 1734//1734 1752//1752 1773//1773
f 1752//1752 1758//1758 1801//1801
f 1801//1801 1798//1798 1752//1752
f 1613//1613 1798//1798 1617//1617
f 1773//1773 1798//1798 1613//1613
f 135//135 1798//1798 131//131
f 1798//1798 1801//1801 131//131
f 135//135 1617//1617 1798//1798
f 1652//1652 1812//1812 1822//1822
f 1822//1822 1659//1659 1652//1652
f 1822//1822 1827//1827 1850//1850
f 1812//1812 1827//1827 1822//1822
f 1659//1659 1822//1822 1856//1856
f 1856//1856 1665//1665 1659//1659
f 1856//1856 1850//1850 1872//1872
f 1822//1822 1850//1850 1856//1856
f 1827//1827 1881//1881 1885//1885
f 1885//1885 1850//1850 1827//1827
f 1885//1885 1889//1889 1892//1892
f 1881//1881 1889//1889 1885//1885
f 1872//1872 1885//1885 1899//1899
f 1850//1850 1885//1885 1872//1872
f 1885//1885 1892//1892 1902//1902
f 1902//1902 1899//1899 1885//1885
f 1746//1746 1856//1856 1906//1906
f 1665//1665 1856//1856 1746//1746
f 1906//1906 1872//1872 1909//1909
f 1856//1856 1872//1872 1906//1906
f 144//144 1746//1746 139//139
f 1746//1746 1906//1906 139//139
f 144//144 1758//1758 1746//1746
f 1915//1915 146//146 1909//1909
f 146//146 139//139 1909//1909
f 139//139 1906//1906 1909//1909
f 1909//1909 1899//1899 1922//1922
f 1872//1872 1899//1899 1909//1909
f 1922//1922 1902//1902 1924//1924
f 1899//1899 1902//1902 1922//1922
f 1915//1915 1922//1922 2015//2015
f 1909//1909 1922//1922 1915//1915
f 2015//2015 1924//1924 2020//2020
f 1922//1922 1924//1924 2015//2015
f 2027//2027 1801//1801 156//156
f 1801//1801 144//144 156//156
f 1801//1801 1758//1758 144//144
f 2032//2032 146//146 1915//1915
f 2032//2032 156//156 146//146
f 2032//2032 2027//2027 156//156
f 2022//2022 162//162 2027//2027
f 162//162 131//131 2027//2027
f 131//131 1801//1801 2027//2027
f 2022//2022 2032//2032 2036//2036
f 2027//2027 2032//2032 2022//2022
f 1915//1915 2015//2015 2040//2040
f 2040//2040 2032//2032 1915//1915
f 2015//2015 2020//2020 2043//2043
f 2043//2043 2040//2040 2015//2015
f 2032//2032 2040//2040 2048//2048
f 2048//2048 2036//2036 2032//2032
f 2040//2040 2043//2043 2064//2064
f 2064//2064 2048//2048 2040//2040
f 1924//1924 2071//2071 2073//2073
f 1902//1902 2071//2071 1924//1924
f 2073//2073 2075//2075 2080//2080
f 2071//2071 2075//2075 2073//2073
f 2020//2020 2073//2073 2084//2084
f 1924//1924 2073//2073 2020//2020
f 2084//2084 2080//2080 2093//2093
f 2073//2073 2080//2080 2084//2084
f 2080//2080 2095//2095 2096//2096
f 2075//2075 2095//2095 2080//2080
f 2095//2095 2099//2099 2102//2102
f 2102//2102 2096//2096 2095//2095
f 2093//2093 2096//2096 2191//2191
f 2080//2080 2096//2096 2093//2093
f 2096//2096 2102//2102 2195//2195
f 2195//2195 2191//2191 2096//2096
f 2020//2020 2084//2084 2203//2203
f 2203//2203 2043//2043 2020//2020
f 2203//2203 2093//2093 2205//2205
f 2084//2084 2093//2093 2203//2203
f 2043//2043 2203//2203 2094//2094
f 2094//2094 2064//2064 2043//2043
f 2203//2203 2205//2205 2241//2241
f 2241//2241 2094//2094 2203//2203
f 2205//2205 2191//2191 2244//2244
f 2093//2093 2191//2191 2205//2205
f 2244//2244 2195//2195 2246//2246
f 2191//2191 2195//2195 2244//2244
f 2241//2241 2244//2244 2251//2251
f 2205//2205 2244//2244 2241//2241
f 174//174 2244//2244 170//170
f 2244//2244 2246//2246 170//170
f 174//174 2251//2251 2244//2244
f 2099//2099 2263//2263 2269//2269
f 2269//2269 2102//2102 2099//2099
f 2269//2269 2273//2273 2274//2274
f 2263//2263 2273//2273 2269//2269
f 2195//2195 2269//2269 2280//2280
f 2102//2102 2269//2269 2195//2195
f 2280//2280 2274//2274 2284//2284
f 2269//2269 2274//2274 2280//2280
f 2274//2274 2286//2286 2288//2288
f 2273//2273 2286//2286 2274//2274
f 2288//2288 2290//2290 2291//2291
f 2286//2286 2290//2290 2288//2288
f 2284//2284 2288//2288 2323//2323
f 2274//2274 2288//2288 2284//2284
f 2323//2323 2291//2291 2329//2329
f 2288//2288 2291//2291 2323//2323
f 2246//2246 2280//2280 2334//2334
f 2195//2195 2280//2280 2246//2246
f 2334//2334 2284//2284 2337//2337
f 2280//2280 2284//2284 2334//2334
f 2343//2343 184//184 2334//2334
f 184//184 170//170 2334//2334
f 170//170 2246//2246 2334//2334
f 2343//2343 2337//2337 2346//2346
f 2334//2334 2337//2337 2343//2343
f 2284//2284 2323//2323 2350//2350
f 2350//2350 2337//2337 2284//2284
f 2350//2350 2329//2329 2362//2362
f 2323//2323 2329//2329 2350//2350
f 2346//2346 2350//2350 2367//2367
f 2337//2337 2350//2350 2346//2346
f 2350//2350 2362//2362 2372//2372
f 2372//2372 2367//2367 2350//2350
f 2291//2291 2375//2375 2377//2377
f 2290//2290 2375//2375 2291//2291
f 2375//2375 2387//2387 2398//2398
f 2398//2398 2377//2377 2375//2375
f 2329//2329 2377//2377 2407//2407
f 2291//2291 2377//2377 2329//2329
f 2407//2407 2398//2398 2418//2418
f 2377//2377 2398//2398 2407//2407
f 2387//2387 2423//2423 2425//2425
f 2425//2425 2398//2398 2387//2387
f 2423//2423 2427//2427 2431//2431
f 2431//2431 2425//2425 2423//2423
f 2398//2398 2425//2425 2444//2444
f 2444//2444 2418//2418 2398//2398
f 2425//2425 2431//2431 2450//2450
f 2450//2450 2444//2444 2425//2425
f 2362//2362 2407//2407 2452//2452
f 2329//2329 2407//2407 2362//2362
f 2452//2452 2418//2418 2455//2455
f 2407//2407 2418//2418 2452//2452
f 2372//2372 2452//2452 2467//2467
f 2362//2362 2452//2452 2372//2372
f 2467//2467 2455//2455 2472//2472
f 2452//2452 2455//2455 2467//2467
f 2455//2455 2444//2444 2477//2477
f 2418//2418 2444//2444 2455//2455
f 2444//2444 2450//2450 2486//2486
f 2486//2486 2477//2477 2444//2444
f 2472//2472 2477//2477 2491//2491
f 2455//2455 2477//2477 2472//2472
f 2491//2491 2486//2486 1722//1722
f 2477//2477 2486//2486 2491//2491
f 2431//2431 2495//2495 2529//2529
f 2427//2427 2495//2495 2431//2431
f 2529//2529 2534//2534 2544//2544
f 2495//2495 2534//2534 2529//2529
f 2431//2431 2529//2529 2546//2546
f 2546//2546 2450//2450 2431//2431
f 2529//2529 2544//2544 2549//2549
f 2549//2549 2546//2546 2529//2529
f 2534//2534 2571//2571 2578//2578
f 2578//2578 2544//2544 2534//2534
f 2578//2578 2667//2667 2674//2674
f 2571//2571 2667//2667 2578//2578
f 2549//2549 2578//2578 2676//2676
f 2544//2544 2578//2578 2549//2549
f 2676//2676 2674//2674 2678//2678
f 2578//2578 2674//2674 2676//2676
f 2450//2450 2546//2546 2680//2680
f 2680//2680 2486//2486 2450//2450
f 2546//2546 2549//2549 2684//2684
f 2684//2684 2680//2680 2546//2546
f 1722//1722 2680//2680 1729//1729
f 2486//2486 2680//2680 1722//1722
f 1729//1729 2684//2684 1748//1748
f 2680//2680 2684//2684 1729//1729
f 2684//2684 2676//2676 2688//2688
f 2549//2549 2676//2676 2684//2684
f 2676//2676 2678//2678 2690//2690
f 2690//2690 2688//2688 2676//2676
f 1748//1748 2688//2688 1777//1777
f 2684//2684 2688//2688 1748//1748
f 2688//2688 2690//2690 1784//1784
f 1784//1784 1777//1777 2688//2688
f 2674//2674 2693//2693 2696//2696
f 2667//2667 2693//2693 2674//2674
f 2696//2696 2701//2701 2718//2718
f 2693//2693 2701//2701 2696//2696
f 2674//2674 2696//2696 2722//2722
f 2722//2722 2678//2678 2674//2674
f 2696//2696 2718//2718 2725//2725
f 2725//2725 2722//2722 2696//2696
f 2718//2718 2731//2731 2735//2735
f 2701//2701 2731//2731 2718//2718
f 2735//2735 2605//2605 2611//2611
f 2731//2731 2605//2605 2735//2735
f 2725//2725 2735//2735 2738//2738
f 2718//2718 2735//2735 2725//2725
f 2738//2738 2611//2611 2642//2642
f 2735//2735 2611//2611 2738//2738
f 2678//2678 2722//2722 2746//2746
f 2746//2746 2690//2690 2678//2678
f 2722//2722 2725//2725 2748//2748
f 2748//2748 2746//2746 2722//2722
f 2690//2690 2746//2746 1817//1817
f 1817//1817 1784//1784 2690//2690
f 2746//2746 2748//2748 1825//1825
f 1825//1825 1817//1817 2746//2746
f 2748//2748 2738//2738 2755//2755
f 2725//2725 2738//2738 2748//2748
f 2755//2755 2642//2642 2733//2733
f 2738//2738 2642//2642 2755//2755
f 2748//2748 2755//2755 1867//1867
f 1867//1867 1825//1825 2748//2748
f 2755//2755 2733//2733 1711//1711
f 1711//1711 1867//1867 2755//2755
f 1790//1790 1796//1796 2764//2764
f 2764//2764 2760//2760 1790//1790
f 2764//2764 1613//1613 1619//1619
f 1796//1796 1613//1613 2764//2764
f 1635//1635 2764//2764 1637//1637
f 2760//2760 2764//2764 1635//1635
f 2764//2764 1619//1619 1627//1627
f 1627//1627 1637//1637 2764//2764
f 1107//1107 1096//1096 3434//3434
f 3434//3434 1108//1108 3439//3439
f 1096//1096 1108//1108 3434//3434
f 1112//1112 1110//1110 3442//3442
f 3442//3442 1115//1115 3445//3445
f 1110//1110 1115//1115 3442//3442
f 3449//3449 1112//1112 3442//3442
f 3449//3449 3447//3447 1112//1112
f 3447//3447 1120//1120 1112//1112
f 3449//3449 3445//3445 3452//3452
f 3442//3442 3445//3445 3449//3449
f 3458//3458 1107//1107 3434//3434
f 3458//3458 1115//1115 1107//1107
f 3458//3458 3445//3445 1115//1115
f 3458//3458 3439//3439 3460//3460
f 3434//3434 3439//3439 3458//3458
f 3452//3452 3458//3458 3464//3464
f 3445//3445 3458//3458 3452//3452
f 3464//3464 3460//3460 3469//3469
f 3458//3458 3460//3460 3464//3464
f 3439//3439 1127//1127 3473//3473
f 1108//1108 1127//1127 3439//3439
f 3473//3473 1129//1129 3474//3474
f 1127//1127 1129//1129 3473//3473
f 1129//1129 1132//1132 3478//3478
f 3478//3478 3474//3474 1129//1129
f 1132//1132 1134//1134 3481//3481
f 3481//3481 3478//3478 1132//1132
f 3460//3460 3473//3473 3483//3483
f 3439//3439 3473//3473 3460//3460
f 3483//3483 3474//3474 3492//3492
f 3473//3473 3474//3474 3483//3483
f 3469//3469 3483//3483 3493//3493
f 3460//3460 3483//3483 3469//3469
f 3493//3493 3492//3492 3496//3496
f 3483//3483 3492//3492 3493//3493
f 3492//3492 3478//3478 3498//3498
f 3474//3474 3478//3478 3492//3492
f 3478//3478 3481//3481 3500//3500
f 3500//3500 3498//3498 3478//3478
f 3496//3496 3498//3498 3502//3502
f 3492//3492 3498//3498 3496//3496
f 3502//3502 3500//3500 3505//3505
f 3498//3498 3500//3500 3502//3502
f 3509//3509 3449//3449 3513//3513
f 3447//3447 3449//3449 3509//3509
f 3513//3513 3452//3452 3515//3515
f 3449//3449 3452//3452 3513//3513
f 3509//3509 3513//3513 3521//3521
f 3521//3521 3517//3517 3509//3509
f 3521//3521 3515//3515 1670//1670
f 3513//3513 3515//3515 3521//3521
f 3515//3515 3464//3464 1614//1614
f 3452//3452 3464//3464 3515//3515
f 1652//1652 1641//1641 3469//3469
f 1641//1641 3464//3464 3469//3469
f 1641//1641 1614//1614 3464//3464
f 1660//1660 1676//1676 1645//1645
f 1676//1676 3515//3515 1645//1645
f 3515//3515 1614//1614 1645//1645
f 1676//1676 1670//1670 3515//3515
f 3525//3525 3521//3521 3527//3527
f 3517//3517 3521//3521 3525//3525
f 1727//1727 3527//3527 1718//1718
f 3527//3527 3521//3521 1718//1718
f 3521//3521 1670//1670 1718//1718
f 3525//3525 3527//3527 3457//3457
f 3457//3457 3443//3443 3525//3525
f 1790//1790 3457//3457 1765//1765
f 3457//3457 3527//3527 1765//1765
f 3527//3527 1727//1727 1765//1765
f 1827//1827 1812//1812 3493//3493
f 1812//1812 3469//3469 3493//3493
f 1812//1812 1652//1652 3469//3469
f 1889//1889 1881//1881 3496//3496
f 1881//1881 3493//3493 3496//3496
f 1881//1881 1827//1827 3493//3493
f 3496//3496 3502//3502 3529//3529
f 3529//3529 1889//1889 3496//3496
f 3529//3529 3505//3505 3531//3531
f 3502//3502 3505//3505 3529//3529
f 2075//2075 2071//2071 3529//3529
f 2071//2071 1892//1892 3529//3529
f 1892//1892 1889//1889 3529//3529
f 2071//2071 1902//1902 1892//1892
f 2099//2099 2095//2095 3531//3531
f 2095//2095 3529//3529 3531//3531
f 2095//2095 2075//2075 3529//3529
f 1134//1134 1137//1137 3532//3532
f 3532//3532 3481//3481 1134//1134
f 3532//3532 1137//1137 1139//1139
f 3481//3481 3532//3532 3534//3534
f 3534//3534 3500//3500 3481//3481
f 3535//3535 3534//3534 1140//1140
f 3534//3534 1139//1139 1140//1140
f 3534//3534 3532//3532 1139//1139
f 3500//3500 3534//3534 3536//3536
f 3536//3536 3505//3505 3500//3500
f 3534//3534 3535//3535 3537//3537
f 3537//3537 3536//3536 3534//3534
f 1140//1140 1142//1142 3539//3539
f 3539//3539 3535//3535 1140//1140
f 3539//3539 1142//1142 1143//1143
f 3535//3535 3539//3539 3540//3540
f 3540//3540 3537//3537 3535//3535
f 3541//3541 3540//3540 1144//1144
f 3540//3540 1143//1143 1144//1144
f 3540//3540 3539//3539 1143//1143
f 1144//1144 1145//1145 3542//3542
f 3542//3542 3541//3541 1144//1144
f 3542//3542 1145//1145 1146//1146
f 3531//3531 3536//3536 3543//3543
f 3505//3505 3536//3536 3531//3531
f 3536//3536 3537//3537 3544//3544
f 3544//3544 3543//3543 3536//3536
f 2273//2273 2263//2263 3543//3543
f 2263//2263 3531//3531 3543//3543
f 2263//2263 2099//2099 3531//3531
f 2290//2290 2286//2286 3544//3544
f 2286//2286 3543//3543 3544//3544
f 2286//2286 2273//2273 3543//3543
f 3537//3537 3540//3540 3545//3545
f 3545//3545 3544//3544 3537//3537
f 3545//3545 3541//3541 3546//3546
f 3540//3540 3541//3541 3545//3545
f 2387//2387 2375//2375 3545//3545
f 2375//2375 3544//3544 3545//3545
f 2375//2375 2290//2290 3544//3544
f 2427//2427 2423//2423 3546//3546
f 2423//2423 3545//3545 3546//3546
f 2423//2423 2387//2387 3545//3545
f 3541//3541 3542//3542 3547//3547
f 3547//3547 3546//3546 3541//3541
f 3435//3435 3547//3547 1147//1147
f 3547//3547 1146//1146 1147//1147
f 3547//3547 3542//3542 1146//1146
f 2534//2534 2495//2495 3547//3547
f 2495//2495 3546//3546 3547//3547
f 2495//2495 2427//2427 3546//3546
f 2667//2667 2571//2571 3435//3435
f 2571//2571 3547//3547 3435//3435
f 2571//2571 2534//2534 3547//3547
#7072 faces
