solid exported
	facet normal 0.9865548823097582 0.12335970147951081 -0.10720003844059456
		outer loop
			vertex -0.019239870831370354 0.01621595025062561 0.02842344157397747
			vertex -0.019276980310678482 0.016521401703357697 0.02843342162668705
			vertex -0.01926444284617901 0.016517769545316696 0.028544623404741287
		endloop
	endfacet
	facet normal 0.9865563295797937 0.12335612422263362 -0.10719083534899812
		outer loop
			vertex -0.019239870831370354 0.01621595025062561 0.02842344157397747
			vertex -0.01926444284617901 0.016517769545316696 0.028544623404741287
			vertex -0.01922769844532013 0.016215315088629723 0.028534742072224617
		endloop
	endfacet
	facet normal 0.9377456814371139 0.12452092646143521 -0.3242338289247885
		outer loop
			vertex -0.01927577517926693 0.016210556030273438 0.0283175278455019
			vertex -0.019313959404826164 0.01652485318481922 0.02832779660820961
			vertex -0.019276980310678482 0.016521401703357697 0.02843342162668705
		endloop
	endfacet
	facet normal 0.93774559184592 0.1245210106641677 -0.3242340557016176
		outer loop
			vertex -0.01927577517926693 0.016210556030273438 0.0283175278455019
			vertex -0.019276980310678482 0.016521401703357697 0.02843342162668705
			vertex -0.019239870831370354 0.01621595025062561 0.02842344157397747
		endloop
	endfacet
	facet normal 0.8422808775019552 0.11950272091783833 -0.5256253638170151
		outer loop
			vertex -0.01933361403644085 0.016199404373764992 0.028222309425473213
			vertex -0.019313959404826164 0.01652485318481922 0.02832779660820961
			vertex -0.01927577517926693 0.016210556030273438 0.0283175278455019
		endloop
	endfacet
	facet normal 0.8422904320167985 0.11949756144443592 -0.5256112260423936
		outer loop
			vertex -0.01933361403644085 0.016199404373764992 0.028222309425473213
			vertex -0.01937352679669857 0.016527948901057243 0.02823304384946823
			vertex -0.019313959404826164 0.01652485318481922 0.02832779660820961
		endloop
	endfacet
	facet normal 0.7045120845049855 0.1085041801892346 -0.7013483910781448
		outer loop
			vertex -0.01941048353910446 0.016183052211999893 0.02814256213605404
			vertex -0.019452698528766632 0.016530534252524376 0.0281539149582386
			vertex -0.01937352679669857 0.016527948901057243 0.02823304384946823
		endloop
	endfacet
	facet normal 0.704517955861827 0.10850208866467131 -0.7013428167620145
		outer loop
			vertex -0.01941048353910446 0.016183052211999893 0.02814256213605404
			vertex -0.01937352679669857 0.016527948901057243 0.02823304384946823
			vertex -0.01933361403644085 0.016199404373764992 0.028222309425473213
		endloop
	endfacet
	facet normal 0.9292199404808639 0.3558501138605717 -0.099604210142735
		outer loop
			vertex -0.019130703061819077 0.015928249806165695 0.02841404266655445
			vertex -0.01922769844532013 0.016215315088629723 0.028534742072224617
			vertex -0.01911960169672966 0.01593044027686119 0.02852543443441391
		endloop
	endfacet
	facet normal 0.9292224247589558 0.3558465547239474 -0.09959374888106086
		outer loop
			vertex -0.019130703061819077 0.015928249806165695 0.02841404266655445
			vertex -0.019239870831370354 0.01621595025062561 0.02842344157397747
			vertex -0.01922769844532013 0.016215315088629723 0.028534742072224617
		endloop
	endfacet
	facet normal 0.5309172459181392 0.09202478533825922 -0.8424122012828078
		outer loop
			vertex -0.019502531737089157 0.016162322834134102 0.028082285076379776
			vertex -0.01954750157892704 0.016532478854060173 0.028094379231333733
			vertex -0.019452698528766632 0.016530534252524376 0.0281539149582386
		endloop
	endfacet
	facet normal 0.5309216167196025 0.09202368138605167 -0.8424095672319979
		outer loop
			vertex -0.019502531737089157 0.016162322834134102 0.028082285076379776
			vertex -0.019452698528766632 0.016530534252524376 0.0281539149582386
			vertex -0.01941048353910446 0.016183052211999893 0.02814256213605404
		endloop
	endfacet
	facet normal 0.8832485453834475 0.3455051051299751 -0.31701455709028425
		outer loop
			vertex -0.019163446500897408 0.01591452583670616 0.028307856991887093
			vertex -0.01927577517926693 0.016210556030273438 0.0283175278455019
			vertex -0.019239870831370354 0.01621595025062561 0.02842344157397747
		endloop
	endfacet
	facet normal 0.8832489709390805 0.3455048605764572 -0.3170136379607324
		outer loop
			vertex -0.019163446500897408 0.01591452583670616 0.028307856991887093
			vertex -0.019239870831370354 0.01621595025062561 0.02842344157397747
			vertex -0.019130703061819077 0.015928249806165695 0.02841404266655445
		endloop
	endfacet
	facet normal 0.11196147860099115 0.04603795957792745 -0.9926455226249606
		outer loop
			vertex -0.01960514299571514 0.01613825187087059 0.028044499456882477
			vertex -0.01971317082643509 0.01611204817891121 0.02803109958767891
			vertex -0.01976444385945797 0.016534095630049706 0.028044890612363815
		endloop
	endfacet
	facet normal 0.11194200192061388 0.04603012403527413 -0.9926480825989151
		outer loop
			vertex -0.01960514299571514 0.01613825187087059 0.028044499456882477
			vertex -0.01976444385945797 0.016534095630049706 0.028044890612363815
			vertex -0.019653182476758957 0.016533687710762024 0.028057418763637543
		endloop
	endfacet
	facet normal 0.3300212782338727 0.07084623143525288 -0.9413111958349923
		outer loop
			vertex -0.01960514299571514 0.01613825187087059 0.028044499456882477
			vertex -0.019653182476758957 0.016533687710762024 0.028057418763637543
			vertex -0.01954750157892704 0.016532478854060173 0.028094379231333733
		endloop
	endfacet
	facet normal 0.33001036364774605 0.07084829183411998 -0.9413148673155386
		outer loop
			vertex -0.01960514299571514 0.01613825187087059 0.028044499456882477
			vertex -0.01954750157892704 0.016532478854060173 0.028094379231333733
			vertex -0.019502531737089157 0.016162322834134102 0.028082285076379776
		endloop
	endfacet
	facet normal 0.7933309111849944 0.3179959491704224 -0.5191383646674446
		outer loop
			vertex -0.01921619102358818 0.015889953821897507 0.028212198987603188
			vertex -0.01933361403644085 0.016199404373764992 0.028222309425473213
			vertex -0.01927577517926693 0.016210556030273438 0.0283175278455019
		endloop
	endfacet
	facet normal 0.7933426516736991 0.31799285859343507 -0.5191223159515681
		outer loop
			vertex -0.01921619102358818 0.015889953821897507 0.028212198987603188
			vertex -0.01927577517926693 0.016210556030273438 0.0283175278455019
			vertex -0.019163446500897408 0.01591452583670616 0.028307856991887093
		endloop
	endfacet
	facet normal 0.663567990395139 0.2745325309300845 -0.6959234236495271
		outer loop
			vertex -0.019286293536424637 0.015855764970183372 0.028131868690252304
			vertex -0.01933361403644085 0.016199404373764992 0.028222309425473213
			vertex -0.01921619102358818 0.015889953821897507 0.028212198987603188
		endloop
	endfacet
	facet normal 0.6635724829553136 0.2745320700171157 -0.6959193217583757
		outer loop
			vertex -0.019286293536424637 0.015855764970183372 0.028131868690252304
			vertex -0.01941048353910446 0.016183052211999893 0.02814256213605404
			vertex -0.01933361403644085 0.016199404373764992 0.028222309425473213
		endloop
	endfacet
	facet normal 0.817883052556052 0.5678716141477803 -0.09267762506014514
		outer loop
			vertex -0.018955819308757782 0.015675021335482597 0.028405768796801567
			vertex -0.019130703061819077 0.015928249806165695 0.02841404266655445
			vertex -0.01911960169672966 0.01593044027686119 0.02852543443441391
		endloop
	endfacet
	facet normal 0.8178828760624934 0.5678717734344283 -0.09267820660857352
		outer loop
			vertex -0.018955819308757782 0.015675021335482597 0.028405768796801567
			vertex -0.01911960169672966 0.01593044027686119 0.02852543443441391
			vertex -0.018946435302495956 0.015679698437452316 0.028517240658402443
		endloop
	endfacet
	facet normal 0.5000670401240136 0.21714320916275787 -0.8383208109644583
		outer loop
			vertex -0.01937023736536503 0.01581367664039135 0.02807089313864708
			vertex -0.019502531737089157 0.016162322834134102 0.028082285076379776
			vertex -0.01941048353910446 0.016183052211999893 0.02814256213605404
		endloop
	endfacet
	facet normal 0.5000698481016375 0.21714319102902016 -0.838319140667407
		outer loop
			vertex -0.01937023736536503 0.01581367664039135 0.02807089313864708
			vertex -0.01941048353910446 0.016183052211999893 0.02814256213605404
			vertex -0.019286293536424637 0.015855764970183372 0.028131868690252304
		endloop
	endfacet
	facet normal 0.7774187158786859 0.5470419811904425 -0.31042746498460916
		outer loop
			vertex -0.018983498215675354 0.01565396413207054 0.028299342840909958
			vertex -0.019163446500897408 0.01591452583670616 0.028307856991887093
			vertex -0.019130703061819077 0.015928249806165695 0.02841404266655445
		endloop
	endfacet
	facet normal 0.7774198544139209 0.5470416465102522 -0.31042520346516733
		outer loop
			vertex -0.018983498215675354 0.01565396413207054 0.028299342840909958
			vertex -0.019130703061819077 0.015928249806165695 0.02841404266655445
			vertex -0.018955819308757782 0.015675021335482597 0.028405768796801567
		endloop
	endfacet
	facet normal 0.31082111038943144 0.1486159360805974 -0.9387776844808193
		outer loop
			vertex -0.019463814795017242 0.015765797346830368 0.02803233079612255
			vertex -0.019502531737089157 0.016162322834134102 0.028082285076379776
			vertex -0.01937023736536503 0.01581367664039135 0.02807089313864708
		endloop
	endfacet
	facet normal 0.1054487858522547 0.072413391567144 -0.9917846814122655
		outer loop
			vertex -0.019463814795017242 0.015765797346830368 0.02803233079612255
			vertex -0.019562330096960068 0.015714529901742935 0.02801811322569847
			vertex -0.01971317082643509 0.01611204817891121 0.02803109958767891
		endloop
	endfacet
	facet normal 0.3108315779471529 0.14861651007131935 -0.9387741278311331
		outer loop
			vertex -0.019463814795017242 0.015765797346830368 0.02803233079612255
			vertex -0.01960514299571514 0.01613825187087059 0.028044499456882477
			vertex -0.019502531737089157 0.016162322834134102 0.028082285076379776
		endloop
	endfacet
	facet normal 0.10545563017723421 0.07241832444526375 -0.9917835935063974
		outer loop
			vertex -0.019463814795017242 0.015765797346830368 0.02803233079612255
			vertex -0.01971317082643509 0.01611204817891121 0.02803109958767891
			vertex -0.01960514299571514 0.01613825187087059 0.028044499456882477
		endloop
	endfacet
	facet normal 0.6982868080561797 0.4990113904109304 -0.5132086962775106
		outer loop
			vertex -0.019028086215257645 0.015617580153048038 0.02820330113172531
			vertex -0.01921619102358818 0.015889953821897507 0.028212198987603188
			vertex -0.019163446500897408 0.01591452583670616 0.028307856991887093
		endloop
	endfacet
	facet normal 0.6982764535141377 0.49901156961171916 -0.5132226104346601
		outer loop
			vertex -0.019028086215257645 0.015617580153048038 0.02820330113172531
			vertex -0.019163446500897408 0.01591452583670616 0.028307856991887093
			vertex -0.018983498215675354 0.01565396413207054 0.028299342840909958
		endloop
	endfacet
	facet normal 0.5840702635489099 0.42593899180233374 -0.6909688144195211
		outer loop
			vertex -0.019087346270680428 0.015567692928016186 0.02812245674431324
			vertex -0.01921619102358818 0.015889953821897507 0.028212198987603188
			vertex -0.019028086215257645 0.015617580153048038 0.02820330113172531
		endloop
	endfacet
	facet normal 0.5840607286866092 0.4259376537360233 -0.6909776988701725
		outer loop
			vertex -0.019087346270680428 0.015567692928016186 0.02812245674431324
			vertex -0.019286293536424637 0.015855764970183372 0.028131868690252304
			vertex -0.01921619102358818 0.015889953821897507 0.028212198987603188
		endloop
	endfacet
	facet normal 0.6590086194758713 0.7471072379183181 -0.08682404336684718
		outer loop
			vertex -0.018725382164120674 0.015470982529222965 0.02839910238981247
			vertex -0.018955819308757782 0.015675021335482597 0.028405768796801567
			vertex -0.018946435302495956 0.015679698437452316 0.028517240658402443
		endloop
	endfacet
	facet normal 0.6590147414763113 0.7471038619630292 -0.08680662392258741
		outer loop
			vertex -0.018725382164120674 0.015470982529222965 0.02839910238981247
			vertex -0.018946435302495956 0.015679698437452316 0.028517240658402443
			vertex -0.018718261271715164 0.015477661043405533 0.028510641306638718
		endloop
	endfacet
	facet normal 0.44015447777966643 0.3312419259343231 -0.8345914103283294
		outer loop
			vertex -0.01915830746293068 0.01550680585205555 0.02806086838245392
			vertex -0.01937023736536503 0.01581367664039135 0.02807089313864708
			vertex -0.019286293536424637 0.015855764970183372 0.028131868690252304
		endloop
	endfacet
	facet normal 0.4401454318619552 0.3312397542282458 -0.8345970429074526
		outer loop
			vertex -0.01915830746293068 0.01550680585205555 0.02806086838245392
			vertex -0.019286293536424637 0.015855764970183372 0.028131868690252304
			vertex -0.019087346270680428 0.015567692928016186 0.02812245674431324
		endloop
	endfacet
	facet normal 0.6264079051368421 0.7174079950642818 -0.304858827984234
		outer loop
			vertex -0.0187463890761137 0.015444016084074974 0.02829248271882534
			vertex -0.018983498215675354 0.01565396413207054 0.028299342840909958
			vertex -0.018955819308757782 0.015675021335482597 0.028405768796801567
		endloop
	endfacet
	facet normal 0.6264039801853726 0.7174081791708565 -0.30486645939932405
		outer loop
			vertex -0.0187463890761137 0.015444016084074974 0.02829248271882534
			vertex -0.018955819308757782 0.015675021335482597 0.028405768796801567
			vertex -0.018725382164120674 0.015470982529222965 0.02839910238981247
		endloop
	endfacet
	facet normal 0.09280933637342194 0.09647722664966932 -0.9909987748831546
		outer loop
			vertex -0.01923741027712822 0.015437970869243145 0.028021618723869324
			vertex -0.019320691004395485 0.015364640392363071 0.02800668030977249
			vertex -0.019562330096960068 0.015714529901742935 0.02801811322569847
		endloop
	endfacet
	facet normal 0.2735779718665185 0.21953906408796503 -0.9364601927731809
		outer loop
			vertex -0.01923741027712822 0.015437970869243145 0.028021618723869324
			vertex -0.019463814795017242 0.015765797346830368 0.02803233079612255
			vertex -0.01937023736536503 0.01581367664039135 0.02807089313864708
		endloop
	endfacet
	facet normal 0.09281127747663484 0.0964795123107472 -0.9909983705725433
		outer loop
			vertex -0.01923741027712822 0.015437970869243145 0.028021618723869324
			vertex -0.019562330096960068 0.015714529901742935 0.02801811322569847
			vertex -0.019463814795017242 0.015765797346830368 0.02803233079612255
		endloop
	endfacet
	facet normal 0.2736040798148335 0.21954704842939965 -0.936450693328067
		outer loop
			vertex -0.01923741027712822 0.015437970869243145 0.028021618723869324
			vertex -0.01937023736536503 0.01581367664039135 0.02807089313864708
			vertex -0.01915830746293068 0.01550680585205555 0.02806086838245392
		endloop
	endfacet
	facet normal 0.5626384441910068 0.6520336210906948 -0.5082225281170438
		outer loop
			vertex -0.01878022775053978 0.015398113988339901 0.028196129947900772
			vertex -0.018983498215675354 0.01565396413207054 0.028299342840909958
			vertex -0.0187463890761137 0.015444016084074974 0.02829248271882534
		endloop
	endfacet
	facet normal 0.5626387638717825 0.652033694373956 -0.5082220801872774
		outer loop
			vertex -0.01878022775053978 0.015398113988339901 0.028196129947900772
			vertex -0.019028086215257645 0.015617580153048038 0.02820330113172531
			vertex -0.018983498215675354 0.01565396413207054 0.028299342840909958
		endloop
	endfacet
	facet normal 0.4706059750088377 0.5539297201089889 -0.6867982829521041
		outer loop
			vertex -0.01882520318031311 0.01533557754009962 0.02811487391591072
			vertex -0.019028086215257645 0.015617580153048038 0.02820330113172531
			vertex -0.01878022775053978 0.015398113988339901 0.028196129947900772
		endloop
	endfacet
	facet normal 0.4706161217883478 0.5539338064106926 -0.686788034278595
		outer loop
			vertex -0.01882520318031311 0.01533557754009962 0.02811487391591072
			vertex -0.019087346270680428 0.015567692928016186 0.02812245674431324
			vertex -0.019028086215257645 0.015617580153048038 0.02820330113172531
		endloop
	endfacet
	facet normal 0.4618449631901466 0.8831285658158848 -0.08235997945526013
		outer loop
			vertex -0.018452785909175873 0.015327989123761654 0.028394430875778198
			vertex -0.018718261271715164 0.015477661043405533 0.028510641306638718
			vertex -0.018448341637849808 0.015336071141064167 0.028506014496088028
		endloop
	endfacet
	facet normal 0.46184365560521135 0.8831289275995592 -0.08236343250537627
		outer loop
			vertex -0.018452785909175873 0.015327989123761654 0.028394430875778198
			vertex -0.018725382164120674 0.015470982529222965 0.02839910238981247
			vertex -0.018718261271715164 0.015477661043405533 0.028510641306638718
		endloop
	endfacet
	facet normal 0.354656810577604 0.4276989078311729 -0.8314398300243642
		outer loop
			vertex -0.018879055976867676 0.015259543433785439 0.028052790090441704
			vertex -0.019087346270680428 0.015567692928016186 0.02812245674431324
			vertex -0.01882520318031311 0.01533557754009962 0.02811487391591072
		endloop
	endfacet
	facet normal 0.354648627512082 0.42769465974847026 -0.8314455057467309
		outer loop
			vertex -0.018879055976867676 0.015259543433785439 0.028052790090441704
			vertex -0.01915830746293068 0.01550680585205555 0.02806086838245392
			vertex -0.019087346270680428 0.015567692928016186 0.02812245674431324
		endloop
	endfacet
	facet normal 0.43899299807972253 0.846698550225978 -0.30064383027463565
		outer loop
			vertex -0.01846589893102646 0.015296882018446922 0.028287677094340324
			vertex -0.018725382164120674 0.015470982529222965 0.02839910238981247
			vertex -0.018452785909175873 0.015327989123761654 0.028394430875778198
		endloop
	endfacet
	facet normal 0.4389938630554064 0.8466987218040336 -0.30064208403865705
		outer loop
			vertex -0.01846589893102646 0.015296882018446922 0.028287677094340324
			vertex -0.0187463890761137 0.015444016084074974 0.02829248271882534
			vertex -0.018725382164120674 0.015470982529222965 0.02839910238981247
		endloop
	endfacet
	facet normal 0.07478583642608963 0.11681615005408505 -0.9903338153151147
		outer loop
			vertex -0.01893909089267254 0.015173823572695255 0.028012989088892937
			vertex -0.019002294167876244 0.015082716010510921 0.027997469529509544
			vertex -0.019320691004395485 0.015364640392363071 0.02800668030977249
		endloop
	endfacet
	facet normal 0.22045631356303713 0.279505860744987 -0.9344921014216224
		outer loop
			vertex -0.01893909089267254 0.015173823572695255 0.028012989088892937
			vertex -0.01923741027712822 0.015437970869243145 0.028021618723869324
			vertex -0.01915830746293068 0.01550680585205555 0.02806086838245392
		endloop
	endfacet
	facet normal 0.07478419546943164 0.11681285146829815 -0.9903343283153601
		outer loop
			vertex -0.01893909089267254 0.015173823572695255 0.028012989088892937
			vertex -0.019320691004395485 0.015364640392363071 0.02800668030977249
			vertex -0.01923741027712822 0.015437970869243145 0.028021618723869324
		endloop
	endfacet
	facet normal 0.22045194813921132 0.27950324727568326 -0.9344939129411036
		outer loop
			vertex -0.01893909089267254 0.015173823572695255 0.028012989088892937
			vertex -0.01915830746293068 0.01550680585205555 0.02806086838245392
			vertex -0.018879055976867676 0.015259543433785439 0.028052790090441704
		endloop
	endfacet
	facet normal 0.39430843603932136 0.7681679936097089 -0.5044192609941244
		outer loop
			vertex -0.018487023189663887 0.015244310721755028 0.028191104531288147
			vertex -0.0187463890761137 0.015444016084074974 0.02829248271882534
			vertex -0.01846589893102646 0.015296882018446922 0.028287677094340324
		endloop
	endfacet
	facet normal 0.3943026330452238 0.7681650417341955 -0.5044282924570207
		outer loop
			vertex -0.018487023189663887 0.015244310721755028 0.028191104531288147
			vertex -0.01878022775053978 0.015398113988339901 0.028196129947900772
			vertex -0.0187463890761137 0.015444016084074974 0.02829248271882534
		endloop
	endfacet
	facet normal 0.32980522592019235 0.6510648243931064 -0.6836249756947916
		outer loop
			vertex -0.018515096977353096 0.015172909013926983 0.028109559789299965
			vertex -0.01878022775053978 0.015398113988339901 0.028196129947900772
			vertex -0.018487023189663887 0.015244310721755028 0.028191104531288147
		endloop
	endfacet
	facet normal 0.32980651478140405 0.6510657601511589 -0.6836234627092149
		outer loop
			vertex -0.018515096977353096 0.015172909013926983 0.028109559789299965
			vertex -0.01882520318031311 0.01533557754009962 0.02811487391591072
			vertex -0.01878022775053978 0.015398113988339901 0.028196129947900772
		endloop
	endfacet
	facet normal 0.23783140931529276 0.9680402819502806 -0.07958789647128094
		outer loop
			vertex -0.018153872340917587 0.015254353173077106 0.028392024338245392
			vertex -0.018452785909175873 0.015327989123761654 0.028394430875778198
			vertex -0.018448341637849808 0.015336071141064167 0.028506014496088028
		endloop
	endfacet
	facet normal 0.23783153356784606 0.9680402780432346 -0.07958757269036354
		outer loop
			vertex -0.018153872340917587 0.015254353173077106 0.028392024338245392
			vertex -0.018448341637849808 0.015336071141064167 0.028506014496088028
			vertex -0.01815236173570156 0.015263157896697521 0.02850363217294216
		endloop
	endfacet
	facet normal 0.2485448081830211 0.50090270675801 -0.8290488264799392
		outer loop
			vertex -0.018548715859651566 0.015086258761584759 0.02804712764918804
			vertex -0.018879055976867676 0.015259543433785439 0.028052790090441704
			vertex -0.01882520318031311 0.01533557754009962 0.02811487391591072
		endloop
	endfacet
	facet normal 0.24854572056182755 0.5009035120306171 -0.829048066414605
		outer loop
			vertex -0.018548715859651566 0.015086258761584759 0.02804712764918804
			vertex -0.01882520318031311 0.01533557754009962 0.02811487391591072
			vertex -0.018515096977353096 0.015172909013926983 0.028109559789299965
		endloop
	endfacet
	facet normal 0.22606284516464809 0.9274089762261639 -0.29800701476845
		outer loop
			vertex -0.018158329650759697 0.01522111427038908 0.028285201638936996
			vertex -0.01846589893102646 0.015296882018446922 0.028287677094340324
			vertex -0.018452785909175873 0.015327989123761654 0.028394430875778198
		endloop
	endfacet
	facet normal 0.2260637145119745 0.9274093879320732 -0.29800507404489973
		outer loop
			vertex -0.018158329650759697 0.01522111427038908 0.028285201638936996
			vertex -0.018452785909175873 0.015327989123761654 0.028394430875778198
			vertex -0.018153872340917587 0.015254353173077106 0.028392024338245392
		endloop
	endfacet
	facet normal 0.15449128668485682 0.3250015117241926 -0.9330093567137723
		outer loop
			vertex -0.018586190417408943 0.014988705515861511 0.028006941080093384
			vertex -0.018879055976867676 0.015259543433785439 0.028052790090441704
			vertex -0.018548715859651566 0.015086258761584759 0.02804712764918804
		endloop
	endfacet
	facet normal 0.05240898840416663 0.1322442285539834 -0.9898306733722763
		outer loop
			vertex -0.018586190417408943 0.014988705515861511 0.028006941080093384
			vertex -0.018625643104314804 0.014885139651596546 0.02799101546406746
			vertex -0.019002294167876244 0.015082716010510921 0.027997469529509544
		endloop
	endfacet
	facet normal 0.052410784800573394 0.13225229786173856 -0.9898295001397354
		outer loop
			vertex -0.018586190417408943 0.014988705515861511 0.028006941080093384
			vertex -0.019002294167876244 0.015082716010510921 0.027997469529509544
			vertex -0.01893909089267254 0.015173823572695255 0.028012989088892937
		endloop
	endfacet
	facet normal 0.1544958197597735 0.32500602053235816 -0.9330070355010599
		outer loop
			vertex -0.018586190417408943 0.014988705515861511 0.028006941080093384
			vertex -0.01893909089267254 0.015173823572695255 0.028012989088892937
			vertex -0.018879055976867676 0.015259543433785439 0.028052790090441704
		endloop
	endfacet
	facet normal 0.20304988279944514 0.8406576427773238 -0.5020612240904543
		outer loop
			vertex -0.018165510147809982 0.015165106393396854 0.028188517317175865
			vertex -0.01846589893102646 0.015296882018446922 0.028287677094340324
			vertex -0.018158329650759697 0.01522111427038908 0.028285201638936996
		endloop
	endfacet
	facet normal 0.20305634301212602 0.8406632889174994 -0.5020491571837913
		outer loop
			vertex -0.018165510147809982 0.015165106393396854 0.028188517317175865
			vertex -0.018487023189663887 0.015244310721755028 0.028191104531288147
			vertex -0.01846589893102646 0.015296882018446922 0.028287677094340324
		endloop
	endfacet
	facet normal 0.16984295442638092 0.7117068308578641 -0.681635355407841
		outer loop
			vertex -0.01817505434155464 0.015089140273630619 0.028106821700930595
			vertex -0.018487023189663887 0.015244310721755028 0.028191104531288147
			vertex -0.018165510147809982 0.015165106393396854 0.028188517317175865
		endloop
	endfacet
	facet normal 0.1698368491176713 0.7116995254766187 -0.681644504208856
		outer loop
			vertex -0.01817505434155464 0.015089140273630619 0.028106821700930595
			vertex -0.018515096977353096 0.015172909013926983 0.028109559789299965
			vertex -0.018487023189663887 0.015244310721755028 0.028191104531288147
		endloop
	endfacet
	facet normal 0 0.9969026470509874 -0.07864548494818033
		outer loop
			vertex -0.017846014350652695 0.015254353173077106 0.028392024338245392
			vertex -0.018153872340917587 0.015254353173077106 0.028392024338245392
			vertex -0.01815236173570156 0.015263157896697521 0.02850363217294216
		endloop
	endfacet
	facet normal 0 0.9969026470509875 -0.07864548494818034
		outer loop
			vertex -0.017846014350652695 0.015254353173077106 0.028392024338245392
			vertex -0.01815236173570156 0.015263157896697521 0.02850363217294216
			vertex -0.01784752495586872 0.015263157896697521 0.02850363217294216
		endloop
	endfacet
	facet normal 0.12799265295880843 0.5465999666689078 -0.8275544436628416
		outer loop
			vertex -0.018186481669545174 0.014997024089097977 0.028044212609529495
			vertex -0.018548715859651566 0.015086258761584759 0.02804712764918804
			vertex -0.018515096977353096 0.015172909013926983 0.028109559789299965
		endloop
	endfacet
	facet normal 0.1279885373248778 0.5465939822517233 -0.8275590328669257
		outer loop
			vertex -0.018186481669545174 0.014997024089097977 0.028044212609529495
			vertex -0.018515096977353096 0.015172909013926983 0.028109559789299965
			vertex -0.01817505434155464 0.015089140273630619 0.028106821700930595
		endloop
	endfacet
	facet normal 0 0.9548436567741984 -0.2971087193572026
		outer loop
			vertex -0.017841557040810585 0.01522111427038908 0.028285201638936996
			vertex -0.018158329650759697 0.01522111427038908 0.028285201638936996
			vertex -0.018153872340917587 0.015254353173077106 0.028392024338245392
		endloop
	endfacet
	facet normal 0 0.9548436567741984 -0.2971087193572026
		outer loop
			vertex -0.017841557040810585 0.01522111427038908 0.028285201638936996
			vertex -0.018153872340917587 0.015254353173077106 0.028392024338245392
			vertex -0.017846014350652695 0.015254353173077106 0.028392024338245392
		endloop
	endfacet
	facet normal 0.07955893304428095 0.35340414139624826 -0.9320814819621922
		outer loop
			vertex -0.018199220299720764 0.014893376268446445 0.02800382673740387
			vertex -0.018586190417408943 0.014988705515861511 0.028006941080093384
			vertex -0.018548715859651566 0.015086258761584759 0.02804712764918804
		endloop
	endfacet
	facet normal 0.02698812069672539 0.14187973076137342 -0.9895159338486367
		outer loop
			vertex -0.018199220299720764 0.014893376268446445 0.02800382673740387
			vertex -0.018625643104314804 0.014885139651596546 0.02799101546406746
			vertex -0.018586190417408943 0.014988705515861511 0.028006941080093384
		endloop
	endfacet
	facet normal 0.026987912813625784 0.14188853782038874 -0.9895146766961855
		outer loop
			vertex -0.018199220299720764 0.014893376268446445 0.02800382673740387
			vertex -0.018212629482150078 0.014783395454287529 0.027987690642476082
			vertex -0.018625643104314804 0.014885139651596546 0.02799101546406746
		endloop
	endfacet
	facet normal 0.07955838140693278 0.3534032299976816 -0.9320818746092614
		outer loop
			vertex -0.018199220299720764 0.014893376268446445 0.02800382673740387
			vertex -0.018548715859651566 0.015086258761584759 0.02804712764918804
			vertex -0.018186481669545174 0.014997024089097977 0.028044212609529495
		endloop
	endfacet
	facet normal 0 0.8652991907364297 -0.5012557336438959
		outer loop
			vertex -0.0178343765437603 0.015165106393396854 0.028188517317175865
			vertex -0.018158329650759697 0.01522111427038908 0.028285201638936996
			vertex -0.017841557040810585 0.01522111427038908 0.028285201638936996
		endloop
	endfacet
	facet normal 0 0.8652991907364297 -0.5012557336438959
		outer loop
			vertex -0.0178343765437603 0.015165106393396854 0.028188517317175865
			vertex -0.018165510147809982 0.015165106393396854 0.028188517317175865
			vertex -0.018158329650759697 0.01522111427038908 0.028285201638936996
		endloop
	endfacet
	facet normal 0 0.7323199496913004 -0.680960711997492
		outer loop
			vertex -0.01782483235001564 0.015089140273630619 0.028106821700930595
			vertex -0.01817505434155464 0.015089140273630619 0.028106821700930595
			vertex -0.018165510147809982 0.015165106393396854 0.028188517317175865
		endloop
	endfacet
	facet normal 0 0.7323199496913004 -0.680960711997492
		outer loop
			vertex -0.01782483235001564 0.015089140273630619 0.028106821700930595
			vertex -0.018165510147809982 0.015165106393396854 0.028188517317175865
			vertex -0.0178343765437603 0.015165106393396854 0.028188517317175865
		endloop
	endfacet
	facet normal -0.23783141793875578 0.9680403063961619 -0.07958757336208862
		outer loop
			vertex -0.01754710078239441 0.015327989123761654 0.028394430875778198
			vertex -0.017846014350652695 0.015254353173077106 0.028392024338245392
			vertex -0.01784752495586872 0.015263157896697521 0.02850363217294216
		endloop
	endfacet
	facet normal -0.23783152485952944 0.9680402533548993 -0.07958789900213242
		outer loop
			vertex -0.01754710078239441 0.015327989123761654 0.028394430875778198
			vertex -0.01784752495586872 0.015263157896697521 0.02850363217294216
			vertex -0.017551545053720474 0.015336071141064167 0.028506014496088028
		endloop
	endfacet
	facet normal 0 0.5621263511539965 -0.8270513680166994
		outer loop
			vertex -0.01781340502202511 0.014997024089097977 0.028044212609529495
			vertex -0.018186481669545174 0.014997024089097977 0.028044212609529495
			vertex -0.01817505434155464 0.015089140273630619 0.028106821700930595
		endloop
	endfacet
	facet normal 0 0.5621263511539965 -0.8270513680166994
		outer loop
			vertex -0.01781340502202511 0.014997024089097977 0.028044212609529495
			vertex -0.01817505434155464 0.015089140273630619 0.028106821700930595
			vertex -0.01782483235001564 0.015089140273630619 0.028106821700930595
		endloop
	endfacet
	facet normal -0.2260630030055836 0.9274095542753307 -0.2980050961157042
		outer loop
			vertex -0.017533987760543823 0.015296882018446922 0.028287677094340324
			vertex -0.017841557040810585 0.01522111427038908 0.028285201638936996
			vertex -0.017846014350652695 0.015254353173077106 0.028392024338245392
		endloop
	endfacet
	facet normal -0.22606355209490753 0.9274087931458009 -0.29800704825571156
		outer loop
			vertex -0.017533987760543823 0.015296882018446922 0.028287677094340324
			vertex -0.017846014350652695 0.015254353173077106 0.028392024338245392
			vertex -0.01754710078239441 0.015327989123761654 0.028394430875778198
		endloop
	endfacet
	facet normal 0 0.14516328939559048 -0.9894077114172155
		outer loop
			vertex -0.017800668254494667 0.014893376268446445 0.02800382673740387
			vertex -0.017787257209420204 0.014783395454287529 0.027987690642476082
			vertex -0.018212629482150078 0.014783395454287529 0.027987690642476082
		endloop
	endfacet
	facet normal 0 0.1451632893955905 -0.9894077114172156
		outer loop
			vertex -0.017800668254494667 0.014893376268446445 0.02800382673740387
			vertex -0.018212629482150078 0.014783395454287529 0.027987690642476082
			vertex -0.018199220299720764 0.014893376268446445 0.02800382673740387
		endloop
	endfacet
	facet normal 0 0.36305828431532755 -0.9317664311349765
		outer loop
			vertex -0.017800668254494667 0.014893376268446445 0.02800382673740387
			vertex -0.018199220299720764 0.014893376268446445 0.02800382673740387
			vertex -0.018186481669545174 0.014997024089097977 0.028044212609529495
		endloop
	endfacet
	facet normal 0 0.3630582843153276 -0.9317664311349766
		outer loop
			vertex -0.017800668254494667 0.014893376268446445 0.02800382673740387
			vertex -0.018186481669545174 0.014997024089097977 0.028044212609529495
			vertex -0.01781340502202511 0.014997024089097977 0.028044212609529495
		endloop
	endfacet
	facet normal -0.2030546095129023 0.8406566387829204 -0.5020609935314287
		outer loop
			vertex -0.017512863501906395 0.015244310721755028 0.028191104531288147
			vertex -0.0178343765437603 0.015165106393396854 0.028188517317175865
			vertex -0.017841557040810585 0.01522111427038908 0.028285201638936996
		endloop
	endfacet
	facet normal -0.203051694873433 0.8406645944101416 -0.5020488511233329
		outer loop
			vertex -0.017512863501906395 0.015244310721755028 0.028191104531288147
			vertex -0.017841557040810585 0.01522111427038908 0.028285201638936996
			vertex -0.017533987760543823 0.015296882018446922 0.028287677094340324
		endloop
	endfacet
	facet normal -0.16983890556903258 0.7117075815494209 -0.681635580438835
		outer loop
			vertex -0.017484789714217186 0.015172909013926983 0.028109559789299965
			vertex -0.01782483235001564 0.015089140273630619 0.028106821700930595
			vertex -0.0178343765437603 0.015165106393396854 0.028188517317175865
		endloop
	endfacet
	facet normal -0.16984077949546567 0.7116983104857234 -0.6816447934754137
		outer loop
			vertex -0.017484789714217186 0.015172909013926983 0.028109559789299965
			vertex -0.0178343765437603 0.015165106393396854 0.028188517317175865
			vertex -0.017512863501906395 0.015244310721755028 0.028191104531288147
		endloop
	endfacet
	facet normal -0.4618447822898952 0.8831283349852341 -0.08236346895200271
		outer loop
			vertex -0.017274504527449608 0.015470982529222965 0.02839910238981247
			vertex -0.017551545053720474 0.015336071141064167 0.028506014496088028
			vertex -0.017281625419855118 0.015477661043405533 0.028510641306638718
		endloop
	endfacet
	facet normal -0.46184383471729695 0.8831291561702193 -0.08235997726868846
		outer loop
			vertex -0.017274504527449608 0.015470982529222965 0.02839910238981247
			vertex -0.01754710078239441 0.015327989123761654 0.028394430875778198
			vertex -0.017551545053720474 0.015336071141064167 0.028506014496088028
		endloop
	endfacet
	facet normal -0.1279910450956184 0.5465935856041757 -0.8275589069979866
		outer loop
			vertex -0.017451170831918716 0.015086258761584759 0.02804712764918804
			vertex -0.01781340502202511 0.014997024089097977 0.028044212609529495
			vertex -0.01782483235001564 0.015089140273630619 0.028106821700930595
		endloop
	endfacet
	facet normal -0.12799025015549487 0.5466007797382593 -0.8275542782528895
		outer loop
			vertex -0.017451170831918716 0.015086258761584759 0.02804712764918804
			vertex -0.01782483235001564 0.015089140273630619 0.028106821700930595
			vertex -0.017484789714217186 0.015172909013926983 0.028109559789299965
		endloop
	endfacet
	facet normal -0.4389935862343878 0.8466982506272118 -0.3006438152197554
		outer loop
			vertex -0.01725349761545658 0.015444016084074974 0.02829248271882534
			vertex -0.017533987760543823 0.015296882018446922 0.028287677094340324
			vertex -0.01754710078239441 0.015327989123761654 0.028394430875778198
		endloop
	endfacet
	facet normal -0.43899328292293033 0.846699035043904 -0.30064204896233343
		outer loop
			vertex -0.01725349761545658 0.015444016084074974 0.02829248271882534
			vertex -0.01754710078239441 0.015327989123761654 0.028394430875778198
			vertex -0.017274504527449608 0.015470982529222965 0.02839910238981247
		endloop
	endfacet
	facet normal -0.026985936354062625 0.14188055388353416 -0.9895158754000848
		outer loop
			vertex -0.01741369627416134 0.014988705515861511 0.028006941080093384
			vertex -0.017374243587255478 0.014885139651596546 0.02799101546406746
			vertex -0.017787257209420204 0.014783395454287529 0.027987690642476082
		endloop
	endfacet
	facet normal -0.026989996549624733 0.14188783314660877 -0.9895147209067743
		outer loop
			vertex -0.01741369627416134 0.014988705515861511 0.028006941080093384
			vertex -0.017787257209420204 0.014783395454287529 0.027987690642476082
			vertex -0.017800668254494667 0.014893376268446445 0.02800382673740387
		endloop
	endfacet
	facet normal -0.07955862499454308 0.35340444255997217 -0.9320813940680572
		outer loop
			vertex -0.01741369627416134 0.014988705515861511 0.028006941080093384
			vertex -0.017800668254494667 0.014893376268446445 0.02800382673740387
			vertex -0.01781340502202511 0.014997024089097977 0.028044212609529495
		endloop
	endfacet
	facet normal -0.07955863576879066 0.3534042492067646 -0.932081466459457
		outer loop
			vertex -0.01741369627416134 0.014988705515861511 0.028006941080093384
			vertex -0.01781340502202511 0.014997024089097977 0.028044212609529495
			vertex -0.017451170831918716 0.015086258761584759 0.02804712764918804
		endloop
	endfacet
	facet normal -0.3943057900621903 0.768163252789694 -0.5044285489412638
		outer loop
			vertex -0.017219658941030502 0.015398113988339901 0.028196129947900772
			vertex -0.017533987760543823 0.015296882018446922 0.028287677094340324
			vertex -0.01725349761545658 0.015444016084074974 0.02829248271882534
		endloop
	endfacet
	facet normal -0.39430516432702545 0.7681695769537878 -0.504419407267084
		outer loop
			vertex -0.017219658941030502 0.015398113988339901 0.028196129947900772
			vertex -0.017512863501906395 0.015244310721755028 0.028191104531288147
			vertex -0.017533987760543823 0.015296882018446922 0.028287677094340324
		endloop
	endfacet
	facet normal -0.3298058504015417 0.6510645419697804 -0.6836249433941071
		outer loop
			vertex -0.01717468351125717 0.01533557754009962 0.02811487391591072
			vertex -0.017484789714217186 0.015172909013926983 0.028109559789299965
			vertex -0.017512863501906395 0.015244310721755028 0.028191104531288147
		endloop
	endfacet
	facet normal -0.32980592860330066 0.6510661127916528 -0.6836234096580379
		outer loop
			vertex -0.01717468351125717 0.01533557754009962 0.02811487391591072
			vertex -0.017512863501906395 0.015244310721755028 0.028191104531288147
			vertex -0.017219658941030502 0.015398113988339901 0.028196129947900772
		endloop
	endfacet
	facet normal -0.6590134355417341 0.747102963459489 -0.08682426945002228
		outer loop
			vertex -0.0170440673828125 0.015675021335482597 0.028405768796801567
			vertex -0.017281625419855118 0.015477661043405533 0.028510641306638718
			vertex -0.017053451389074326 0.015679698437452316 0.028517240658402443
		endloop
	endfacet
	facet normal -0.6590099126542932 0.747108127546849 -0.08680657104633428
		outer loop
			vertex -0.0170440673828125 0.015675021335482597 0.028405768796801567
			vertex -0.017274504527449608 0.015470982529222965 0.02839910238981247
			vertex -0.017281625419855118 0.015477661043405533 0.028510641306638718
		endloop
	endfacet
	facet normal -0.24854532961957101 0.500903676540383 -0.8290480842222762
		outer loop
			vertex -0.017120830714702606 0.015259543433785439 0.028052790090441704
			vertex -0.017451170831918716 0.015086258761584759 0.02804712764918804
			vertex -0.017484789714217186 0.015172909013926983 0.028109559789299965
		endloop
	endfacet
	facet normal -0.24854516510937302 0.5009024789640343 -0.8290488571058041
		outer loop
			vertex -0.017120830714702606 0.015259543433785439 0.028052790090441704
			vertex -0.017484789714217186 0.015172909013926983 0.028109559789299965
			vertex -0.01717468351125717 0.01533557754009962 0.02811487391591072
		endloop
	endfacet
	facet normal -0.6264061719409217 0.7174062854630385 -0.30486641227338546
		outer loop
			vertex -0.017016388475894928 0.01565396413207054 0.028299342840909958
			vertex -0.01725349761545658 0.015444016084074974 0.02829248271882534
			vertex -0.017274504527449608 0.015470982529222965 0.02839910238981247
		endloop
	endfacet
	facet normal -0.6264057635501676 0.7174099382943632 -0.30485865549072
		outer loop
			vertex -0.017016388475894928 0.01565396413207054 0.028299342840909958
			vertex -0.017274504527449608 0.015470982529222965 0.02839910238981247
			vertex -0.0170440673828125 0.015675021335482597 0.028405768796801567
		endloop
	endfacet
	facet normal -0.05241258963636279 0.1322510577536738 -0.9898295702648234
		outer loop
			vertex -0.017060795798897743 0.015173823572695255 0.028012989088892937
			vertex -0.01699759252369404 0.015082716010510921 0.027997469529509544
			vertex -0.017374243587255478 0.014885139651596546 0.02799101546406746
		endloop
	endfacet
	facet normal -0.05240694119544342 0.13224500905645345 -0.9898306774869103
		outer loop
			vertex -0.017060795798897743 0.015173823572695255 0.028012989088892937
			vertex -0.017374243587255478 0.014885139651596546 0.02799101546406746
			vertex -0.01741369627416134 0.014988705515861511 0.028006941080093384
		endloop
	endfacet
	facet normal -0.15449304980269646 0.32500081425068617 -0.9330093077236971
		outer loop
			vertex -0.017060795798897743 0.015173823572695255 0.028012989088892937
			vertex -0.01741369627416134 0.014988705515861511 0.028006941080093384
			vertex -0.017451170831918716 0.015086258761584759 0.02804712764918804
		endloop
	endfacet
	facet normal -0.1544942458290507 0.32500707354925884 -0.933006929314386
		outer loop
			vertex -0.017060795798897743 0.015173823572695255 0.028012989088892937
			vertex -0.017451170831918716 0.015086258761584759 0.02804712764918804
			vertex -0.017120830714702606 0.015259543433785439 0.028052790090441704
		endloop
	endfacet
	facet normal -0.5626385837647089 0.6520335054036616 -0.5082225220218562
		outer loop
			vertex -0.016971800476312637 0.015617580153048038 0.02820330113172531
			vertex -0.017219658941030502 0.015398113988339901 0.028196129947900772
			vertex -0.01725349761545658 0.015444016084074974 0.02829248271882534
		endloop
	endfacet
	facet normal -0.5626386324631512 0.6520338186281073 -0.5082220662517949
		outer loop
			vertex -0.016971800476312637 0.015617580153048038 0.02820330113172531
			vertex -0.01725349761545658 0.015444016084074974 0.02829248271882534
			vertex -0.017016388475894928 0.01565396413207054 0.028299342840909958
		endloop
	endfacet
	facet normal -0.47061281658121795 0.5539370991199706 -0.6867876433716937
		outer loop
			vertex -0.016912540420889854 0.015567692928016186 0.02812245674431324
			vertex -0.017219658941030502 0.015398113988339901 0.028196129947900772
			vertex -0.016971800476312637 0.015617580153048038 0.02820330113172531
		endloop
	endfacet
	facet normal -0.47060965305727226 0.5539268294865695 -0.686798094074431
		outer loop
			vertex -0.016912540420889854 0.015567692928016186 0.02812245674431324
			vertex -0.01717468351125717 0.01533557754009962 0.02811487391591072
			vertex -0.017219658941030502 0.015398113988339901 0.028196129947900772
		endloop
	endfacet
	facet normal -0.817882930320235 0.5678717916177431 -0.09267761636792579
		outer loop
			vertex -0.016869183629751205 0.015928249806165695 0.02841404266655445
			vertex -0.017053451389074326 0.015679698437452316 0.028517240658402443
			vertex -0.016880284994840622 0.01593044027686119 0.02852543443441391
		endloop
	endfacet
	facet normal -0.8178829988323667 0.5678715961411943 -0.09267820950486251
		outer loop
			vertex -0.016869183629751205 0.015928249806165695 0.02841404266655445
			vertex -0.0170440673828125 0.015675021335482597 0.028405768796801567
			vertex -0.017053451389074326 0.015679698437452316 0.028517240658402443
		endloop
	endfacet
	facet normal -0.35465424206681057 0.4277008189201326 -0.831439942556926
		outer loop
			vertex -0.016841579228639603 0.01550680585205555 0.02806086838245392
			vertex -0.017120830714702606 0.015259543433785439 0.028052790090441704
			vertex -0.01717468351125717 0.01533557754009962 0.02811487391591072
		endloop
	endfacet
	facet normal -0.35465082959947086 0.42769234672206496 -0.8314457562702332
		outer loop
			vertex -0.016841579228639603 0.01550680585205555 0.02806086838245392
			vertex -0.01717468351125717 0.01533557754009962 0.02811487391591072
			vertex -0.016912540420889854 0.015567692928016186 0.02812245674431324
		endloop
	endfacet
	facet normal -0.777419195867759 0.5470412674210883 -0.31042752074301705
		outer loop
			vertex -0.016836440190672874 0.01591452583670616 0.028307856991887093
			vertex -0.0170440673828125 0.015675021335482597 0.028405768796801567
			vertex -0.016869183629751205 0.015928249806165695 0.02841404266655445
		endloop
	endfacet
	facet normal -0.7774193558932814 0.5470423496066332 -0.3104252129246749
		outer loop
			vertex -0.016836440190672874 0.01591452583670616 0.028307856991887093
			vertex -0.017016388475894928 0.01565396413207054 0.028299342840909958
			vertex -0.0170440673828125 0.015675021335482597 0.028405768796801567
		endloop
	endfacet
	facet normal -0.07478354717403103 0.11681358019376174 -0.990334291315001
		outer loop
			vertex -0.016762476414442062 0.015437970869243145 0.028021618723869324
			vertex -0.016679195687174797 0.015364640392363071 0.02800668030977249
			vertex -0.01699759252369404 0.015082716010510921 0.027997469529509544
		endloop
	endfacet
	facet normal -0.0747866387926904 0.11681559428089767 -0.9903338202802591
		outer loop
			vertex -0.016762476414442062 0.015437970869243145 0.028021618723869324
			vertex -0.01699759252369404 0.015082716010510921 0.027997469529509544
			vertex -0.017060795798897743 0.015173823572695255 0.028012989088892937
		endloop
	endfacet
	facet normal -0.2204531752192729 0.2795023746529688 -0.9344938844631849
		outer loop
			vertex -0.016762476414442062 0.015437970869243145 0.028021618723869324
			vertex -0.017060795798897743 0.015173823572695255 0.028012989088892937
			vertex -0.017120830714702606 0.015259543433785439 0.028052790090441704
		endloop
	endfacet
	facet normal -0.22045530077500056 0.27950697142040687 -0.9344920081453858
		outer loop
			vertex -0.016762476414442062 0.015437970869243145 0.028021618723869324
			vertex -0.017120830714702606 0.015259543433785439 0.028052790090441704
			vertex -0.016841579228639603 0.01550680585205555 0.02806086838245392
		endloop
	endfacet
	facet normal -0.6982837536813113 0.49901614141569106 -0.5132082325443861
		outer loop
			vertex -0.0167836956679821 0.015889953821897507 0.028212198987603188
			vertex -0.017016388475894928 0.01565396413207054 0.028299342840909958
			vertex -0.016836440190672874 0.01591452583670616 0.028307856991887093
		endloop
	endfacet
	facet normal -0.6982798245013897 0.49900701680313964 -0.5132224506737209
		outer loop
			vertex -0.0167836956679821 0.015889953821897507 0.028212198987603188
			vertex -0.016971800476312637 0.015617580153048038 0.02820330113172531
			vertex -0.017016388475894928 0.01565396413207054 0.028299342840909958
		endloop
	endfacet
	facet normal -0.584062842504367 0.42593416877638557 -0.6909780603423589
		outer loop
			vertex -0.016713593155145645 0.015855764970183372 0.028131868690252304
			vertex -0.016971800476312637 0.015617580153048038 0.02820330113172531
			vertex -0.0167836956679821 0.015889953821897507 0.028212198987603188
		endloop
	endfacet
	facet normal -0.5840677453196348 0.4259422139154657 -0.690968956815015
		outer loop
			vertex -0.016713593155145645 0.015855764970183372 0.028131868690252304
			vertex -0.016912540420889854 0.015567692928016186 0.02812245674431324
			vertex -0.016971800476312637 0.015617580153048038 0.02820330113172531
		endloop
	endfacet
	facet normal -0.929221324506131 0.355846481165791 -0.0996042766400935
		outer loop
			vertex -0.01676001586019993 0.01621595025062561 0.02842344157397747
			vertex -0.016869183629751205 0.015928249806165695 0.02841404266655445
			vertex -0.016880284994840622 0.01593044027686119 0.02852543443441391
		endloop
	endfacet
	facet normal -0.9292210516566928 0.3558501881182599 -0.09959357797684107
		outer loop
			vertex -0.01676001586019993 0.01621595025062561 0.02842344157397747
			vertex -0.016880284994840622 0.01593044027686119 0.02852543443441391
			vertex -0.016772188246250153 0.016215315088629723 0.028534742072224617
		endloop
	endfacet
	facet normal -0.4401474785914665 0.33123727309293105 -0.8345969482352149
		outer loop
			vertex -0.016629649326205254 0.01581367664039135 0.02807089313864708
			vertex -0.016841579228639603 0.01550680585205555 0.02806086838245392
			vertex -0.016912540420889854 0.015567692928016186 0.02812245674431324
		endloop
	endfacet
	facet normal -0.44015288780665784 0.3312447106828087 -0.8345911436147175
		outer loop
			vertex -0.016629649326205254 0.01581367664039135 0.02807089313864708
			vertex -0.016912540420889854 0.015567692928016186 0.02812245674431324
			vertex -0.016713593155145645 0.015855764970183372 0.028131868690252304
		endloop
	endfacet
	facet normal -0.8832488420436934 0.3455051877541441 -0.3170136405006073
		outer loop
			vertex -0.016724111512303352 0.016210556030273438 0.0283175278455019
			vertex -0.016836440190672874 0.01591452583670616 0.028307856991887093
			vertex -0.016869183629751205 0.015928249806165695 0.02841404266655445
		endloop
	endfacet
	facet normal -0.8832486656893599 0.34550477556073533 -0.3170145810884596
		outer loop
			vertex -0.016724111512303352 0.016210556030273438 0.0283175278455019
			vertex -0.016869183629751205 0.015928249806165695 0.02841404266655445
			vertex -0.01676001586019993 0.01621595025062561 0.02842344157397747
		endloop
	endfacet
	facet normal -0.2735988187430755 0.21955315446632945 -0.936450798892434
		outer loop
			vertex -0.01653607189655304 0.015765797346830368 0.02803233079612255
			vertex -0.016762476414442062 0.015437970869243145 0.028021618723869324
			vertex -0.016841579228639603 0.01550680585205555 0.02806086838245392
		endloop
	endfacet
	facet normal -0.092811647489216 0.09647881063055697 -0.9909984042316368
		outer loop
			vertex -0.01653607189655304 0.015765797346830368 0.02803233079612255
			vertex -0.016437556594610214 0.015714529901742935 0.02801811322569847
			vertex -0.016679195687174797 0.015364640392363071 0.02800668030977249
		endloop
	endfacet
	facet normal -0.09280881083807688 0.09647782171983556 -0.990998766168262
		outer loop
			vertex -0.01653607189655304 0.015765797346830368 0.02803233079612255
			vertex -0.016679195687174797 0.015364640392363071 0.02800668030977249
			vertex -0.016762476414442062 0.015437970869243145 0.028021618723869324
		endloop
	endfacet
	facet normal -0.2735818092305901 0.21953199583911198 -0.9364607287339994
		outer loop
			vertex -0.01653607189655304 0.015765797346830368 0.02803233079612255
			vertex -0.016841579228639603 0.01550680585205555 0.02806086838245392
			vertex -0.016629649326205254 0.01581367664039135 0.02807089313864708
		endloop
	endfacet
	facet normal -0.7933330292259845 0.31798974995387 -0.5191389252053813
		outer loop
			vertex -0.016666272655129433 0.016199404373764992 0.028222309425473213
			vertex -0.016836440190672874 0.01591452583670616 0.028307856991887093
			vertex -0.016724111512303352 0.016210556030273438 0.0283175278455019
		endloop
	endfacet
	facet normal -0.7933401163028484 0.31799892298612326 -0.5191224757648706
		outer loop
			vertex -0.016666272655129433 0.016199404373764992 0.028222309425473213
			vertex -0.0167836956679821 0.015889953821897507 0.028212198987603188
			vertex -0.016836440190672874 0.01591452583670616 0.028307856991887093
		endloop
	endfacet
	facet normal -0.6635687706371196 0.2745307934756625 -0.6959233650832289
		outer loop
			vertex -0.01658940315246582 0.016183052211999893 0.02814256213605404
			vertex -0.016713593155145645 0.015855764970183372 0.028131868690252304
			vertex -0.0167836956679821 0.015889953821897507 0.028212198987603188
		endloop
	endfacet
	facet normal -0.6635719166799058 0.27453388106548654 -0.6959191472727831
		outer loop
			vertex -0.01658940315246582 0.016183052211999893 0.02814256213605404
			vertex -0.0167836956679821 0.015889953821897507 0.028212198987603188
			vertex -0.016666272655129433 0.016199404373764992 0.028222309425473213
		endloop
	endfacet
	facet normal -0.986556639960327 0.1233535998740877 -0.10719088369956277
		outer loop
			vertex -0.01672290824353695 0.016521401703357697 0.02843342162668705
			vertex -0.01676001586019993 0.01621595025062561 0.02842344157397747
			vertex -0.016772188246250153 0.016215315088629723 0.028534742072224617
		endloop
	endfacet
	facet normal -0.9865571014044084 0.12335599091384819 -0.10718388486239201
		outer loop
			vertex -0.01672290824353695 0.016521401703357697 0.02843342162668705
			vertex -0.016772188246250153 0.016215315088629723 0.028534742072224617
			vertex -0.016735443845391273 0.016517769545316696 0.028544623404741287
		endloop
	endfacet
	facet normal -0.5000694291407989 0.21714406189787222 -0.8383191650089413
		outer loop
			vertex -0.016497354954481125 0.016162322834134102 0.028082285076379776
			vertex -0.016629649326205254 0.01581367664039135 0.02807089313864708
			vertex -0.016713593155145645 0.015855764970183372 0.028131868690252304
		endloop
	endfacet
	facet normal -0.5000673031788274 0.21714228263922442 -0.8383208940386028
		outer loop
			vertex -0.016497354954481125 0.016162322834134102 0.028082285076379776
			vertex -0.016713593155145645 0.015855764970183372 0.028131868690252304
			vertex -0.01658940315246582 0.016183052211999893 0.02814256213605404
		endloop
	endfacet
	facet normal -0.9377411966121639 0.1245152459888195 -0.3242489810203435
		outer loop
			vertex -0.016685927286744118 0.01652485318481922 0.02832779660820961
			vertex -0.01676001586019993 0.01621595025062561 0.02842344157397747
			vertex -0.01672290824353695 0.016521401703357697 0.02843342162668705
		endloop
	endfacet
	facet normal -0.9377456034610347 0.12452092438241442 -0.3242340552447395
		outer loop
			vertex -0.016685927286744118 0.01652485318481922 0.02832779660820961
			vertex -0.016724111512303352 0.016210556030273438 0.0283175278455019
			vertex -0.01676001586019993 0.01621595025062561 0.02842344157397747
		endloop
	endfacet
	facet normal -0.10545616761477897 0.07241616037674367 -0.9917836943750856
		outer loop
			vertex -0.01639474369585514 0.01613825187087059 0.028044499456882477
			vertex -0.016286715865135193 0.01611204817891121 0.02803109958767891
			vertex -0.016437556594610214 0.015714529901742935 0.02801811322569847
		endloop
	endfacet
	facet normal -0.10544775164288293 0.072415369346506 -0.9917846469651919
		outer loop
			vertex -0.01639474369585514 0.01613825187087059 0.028044499456882477
			vertex -0.016437556594610214 0.015714529901742935 0.02801811322569847
			vertex -0.01653607189655304 0.015765797346830368 0.02803233079612255
		endloop
	endfacet
	facet normal -0.3108225076076142 0.14861318364591009 -0.9387776576011713
		outer loop
			vertex -0.01639474369585514 0.01613825187087059 0.028044499456882477
			vertex -0.01653607189655304 0.015765797346830368 0.02803233079612255
			vertex -0.016629649326205254 0.01581367664039135 0.02807089313864708
		endloop
	endfacet
	facet normal -0.3108308001220821 0.14861948965522506 -0.9387739136714903
		outer loop
			vertex -0.01639474369585514 0.01613825187087059 0.028044499456882477
			vertex -0.016629649326205254 0.01581367664039135 0.02807089313864708
			vertex -0.016497354954481125 0.016162322834134102 0.028082285076379776
		endloop
	endfacet
	facet normal -0.8422817743372674 0.11949696738042732 -0.5256252347501457
		outer loop
			vertex -0.01662635989487171 0.016527948901057243 0.02823304384946823
			vertex -0.016666272655129433 0.016199404373764992 0.028222309425473213
			vertex -0.016724111512303352 0.016210556030273438 0.0283175278455019
		endloop
	endfacet
	facet normal -0.8422899276253855 0.11950334198301518 -0.5256107200920789
		outer loop
			vertex -0.01662635989487171 0.016527948901057243 0.02823304384946823
			vertex -0.016724111512303352 0.016210556030273438 0.0283175278455019
			vertex -0.016685927286744118 0.01652485318481922 0.02832779660820961
		endloop
	endfacet
	facet normal -0.7045122424775011 0.10850158464504762 -0.701348633939524
		outer loop
			vertex -0.01654718816280365 0.016530534252524376 0.0281539149582386
			vertex -0.016666272655129433 0.016199404373764992 0.028222309425473213
			vertex -0.01662635989487171 0.016527948901057243 0.02823304384946823
		endloop
	endfacet
	facet normal -0.7045174865075611 0.10850465677020817 -0.7013428909344186
		outer loop
			vertex -0.01654718816280365 0.016530534252524376 0.0281539149582386
			vertex -0.01658940315246582 0.016183052211999893 0.02814256213605404
			vertex -0.016666272655129433 0.016199404373764992 0.028222309425473213
		endloop
	endfacet
	facet normal -0.9865576759145727 -0.11609389091613861 -0.11500504591533717
		outer loop
			vertex -0.01676001586019993 0.016826853156089783 0.02844340167939663
			vertex -0.01672290824353695 0.016521401703357697 0.02843342162668705
			vertex -0.016735443845391273 0.016517769545316696 0.028544623404741287
		endloop
	endfacet
	facet normal -0.9865560555300821 -0.11609721515722973 -0.11501558994180566
		outer loop
			vertex -0.01676001586019993 0.016826853156089783 0.02844340167939663
			vertex -0.016735443845391273 0.016517769545316696 0.028544623404741287
			vertex -0.016772188246250153 0.01682022213935852 0.028554504737257957
		endloop
	endfacet
	facet normal -0.530917298909178 0.0920232472798474 -0.8424123359015196
		outer loop
			vertex -0.016452385112643242 0.016532478854060173 0.028094379231333733
			vertex -0.01658940315246582 0.016183052211999893 0.02814256213605404
			vertex -0.01654718816280365 0.016530534252524376 0.0281539149582386
		endloop
	endfacet
	facet normal -0.5309212992399007 0.09202519285192766 -0.842409602209033
		outer loop
			vertex -0.016452385112643242 0.016532478854060173 0.028094379231333733
			vertex -0.016497354954481125 0.016162322834134102 0.028082285076379776
			vertex -0.01658940315246582 0.016183052211999893 0.02814256213605404
		endloop
	endfacet
	facet normal -0.937740274057491 -0.10308995892707133 -0.3316860545440473
		outer loop
			vertex -0.016724111512303352 0.016839150339365005 0.02833806537091732
			vertex -0.016685927286744118 0.01652485318481922 0.02832779660820961
			vertex -0.01672290824353695 0.016521401703357697 0.02843342162668705
		endloop
	endfacet
	facet normal -0.9377466817399411 -0.10308500826888935 -0.33166947697358734
		outer loop
			vertex -0.016724111512303352 0.016839150339365005 0.02833806537091732
			vertex -0.01672290824353695 0.016521401703357697 0.02843342162668705
			vertex -0.01676001586019993 0.016826853156089783 0.02844340167939663
		endloop
	endfacet
	facet normal -0.11194199340599878 0.046035667673235255 -0.9926478264793467
		outer loop
			vertex -0.016346704214811325 0.016533687710762024 0.028057418763637543
			vertex -0.016235442832112312 0.016534095630049706 0.028044890612363815
			vertex -0.016286715865135193 0.01611204817891121 0.02803109958767891
		endloop
	endfacet
	facet normal -0.11196279841868861 0.04603257016087362 -0.9926456237019535
		outer loop
			vertex -0.016346704214811325 0.016533687710762024 0.028057418763637543
			vertex -0.016286715865135193 0.01611204817891121 0.02803109958767891
			vertex -0.01639474369585514 0.01613825187087059 0.028044499456882477
		endloop
	endfacet
	facet normal -0.33001110177811804 0.07084511445919983 -0.9413148476787432
		outer loop
			vertex -0.016346704214811325 0.016533687710762024 0.028057418763637543
			vertex -0.01639474369585514 0.01613825187087059 0.028044499456882477
			vertex -0.016497354954481125 0.016162322834134102 0.028082285076379776
		endloop
	endfacet
	facet normal -0.3300212350948135 0.07084948512819832 -0.9413109660699609
		outer loop
			vertex -0.016346704214811325 0.016533687710762024 0.028057418763637543
			vertex -0.016497354954481125 0.016162322834134102 0.028082285076379776
			vertex -0.016452385112643242 0.016532478854060173 0.028094379231333733
		endloop
	endfacet
	facet normal -0.8422905363460271 -0.08493311439830337 -0.5322903516507947
		outer loop
			vertex -0.016666272655129433 0.016856493428349495 0.02824377827346325
			vertex -0.01662635989487171 0.016527948901057243 0.02823304384946823
			vertex -0.016685927286744118 0.01652485318481922 0.02832779660820961
		endloop
	endfacet
	facet normal -0.8422800941017998 -0.08493773262386911 -0.5323061380977862
		outer loop
			vertex -0.016666272655129433 0.016856493428349495 0.02824377827346325
			vertex -0.016685927286744118 0.01652485318481922 0.02832779660820961
			vertex -0.016724111512303352 0.016839150339365005 0.02833806537091732
		endloop
	endfacet
	facet normal -0.7045122295494529 -0.062489411937263435 -0.7069353519318398
		outer loop
			vertex -0.01658940315246582 0.01687801629304886 0.028165269643068314
			vertex -0.01654718816280365 0.016530534252524376 0.0281539149582386
			vertex -0.01662635989487171 0.016527948901057243 0.02823304384946823
		endloop
	endfacet
	facet normal -0.7045127092158733 -0.062489271161117375 -0.7069348863530946
		outer loop
			vertex -0.01658940315246582 0.01687801629304886 0.028165269643068314
			vertex -0.01662635989487171 0.016527948901057243 0.02823304384946823
			vertex -0.016666272655129433 0.016856493428349495 0.02824377827346325
		endloop
	endfacet
	facet normal -0.9292212630141545 -0.34858783817864647 -0.12261469502599366
		outer loop
			vertex -0.016869183629751205 0.017114553600549698 0.028452802449464798
			vertex -0.016772188246250153 0.01682022213935852 0.028554504737257957
			vertex -0.016880284994840622 0.0171050988137722 0.028563812375068665
		endloop
	endfacet
	facet normal -0.9292223752250007 -0.34858655386175713 -0.12260991741287613
		outer loop
			vertex -0.016869183629751205 0.017114553600549698 0.028452802449464798
			vertex -0.01676001586019993 0.016826853156089783 0.02844340167939663
			vertex -0.016772188246250153 0.01682022213935852 0.028554504737257957
		endloop
	endfacet
	facet normal -0.5309276063195763 -0.03683656161160847 -0.8466161731129398
		outer loop
			vertex -0.016497354954481125 0.016902636736631393 0.02810647338628769
			vertex -0.01654718816280365 0.016530534252524376 0.0281539149582386
			vertex -0.01658940315246582 0.01687801629304886 0.028165269643068314
		endloop
	endfacet
	facet normal -0.5309178509300991 -0.036838636556692686 -0.8466222005241825
		outer loop
			vertex -0.016497354954481125 0.016902636736631393 0.02810647338628769
			vertex -0.016452385112643242 0.016532478854060173 0.028094379231333733
			vertex -0.01654718816280365 0.016530534252524376 0.0281539149582386
		endloop
	endfacet
	facet normal -0.8832481010280273 -0.3240753313731248 -0.33889227141642425
		outer loop
			vertex -0.016836440190672874 0.01713518053293228 0.028347738087177277
			vertex -0.016724111512303352 0.016839150339365005 0.02833806537091732
			vertex -0.01676001586019993 0.016826853156089783 0.02844340167939663
		endloop
	endfacet
	facet normal -0.8832490453448425 -0.3240749229905134 -0.33889020078207865
		outer loop
			vertex -0.016836440190672874 0.01713518053293228 0.028347738087177277
			vertex -0.01676001586019993 0.016826853156089783 0.02844340167939663
			vertex -0.016869183629751205 0.017114553600549698 0.028452802449464798
		endloop
	endfacet
	facet normal -0.111939730895204 0.018861715672996444 -0.9935359743506929
		outer loop
			vertex -0.01639474369585514 0.01692912168800831 0.02807033807039261
			vertex -0.016286715865135193 0.016956143081188202 0.028058679774403572
			vertex -0.016235442832112312 0.016534095630049706 0.028044890612363815
		endloop
	endfacet
	facet normal -0.11194233684595939 0.01886064717216888 -0.9935357010242324
		outer loop
			vertex -0.01639474369585514 0.01692912168800831 0.02807033807039261
			vertex -0.016235442832112312 0.016534095630049706 0.028044890612363815
			vertex -0.016346704214811325 0.016533687710762024 0.028057418763637543
		endloop
	endfacet
	facet normal -0.33002038831389463 -0.009253395519307584 -0.9439284496022512
		outer loop
			vertex -0.01639474369585514 0.01692912168800831 0.02807033807039261
			vertex -0.016346704214811325 0.016533687710762024 0.028057418763637543
			vertex -0.016452385112643242 0.016532478854060173 0.028094379231333733
		endloop
	endfacet
	facet normal -0.33002282164595065 -0.009252990574571277 -0.9439276028161653
		outer loop
			vertex -0.01639474369585514 0.01692912168800831 0.02807033807039261
			vertex -0.016452385112643242 0.016532478854060173 0.028094379231333733
			vertex -0.016497354954481125 0.016902636736631393 0.02810647338628769
		endloop
	endfacet
	facet normal -0.7933387336655493 -0.2834279815674799 -0.5387784636847757
		outer loop
			vertex -0.0167836956679821 0.01716594584286213 0.028253888711333275
			vertex -0.016724111512303352 0.016839150339365005 0.02833806537091732
			vertex -0.016836440190672874 0.01713518053293228 0.028347738087177277
		endloop
	endfacet
	facet normal -0.7933308179052357 -0.2834293545317528 -0.5387893970296036
		outer loop
			vertex -0.0167836956679821 0.01716594584286213 0.028253888711333275
			vertex -0.016666272655129433 0.016856493428349495 0.02824377827346325
			vertex -0.016724111512303352 0.016839150339365005 0.02833806537091732
		endloop
	endfacet
	facet normal -0.6635664722326909 -0.22852115777650164 -0.7123605950480058
		outer loop
			vertex -0.016713593155145645 0.01720530353486538 0.0281759612262249
			vertex -0.01658940315246582 0.01687801629304886 0.028165269643068314
			vertex -0.016666272655129433 0.016856493428349495 0.02824377827346325
		endloop
	endfacet
	facet normal -0.6635716686169238 -0.22852093548931546 -0.7123558258707791
		outer loop
			vertex -0.016713593155145645 0.01720530353486538 0.0281759612262249
			vertex -0.016666272655129433 0.016856493428349495 0.02824377827346325
			vertex -0.0167836956679821 0.01716594584286213 0.028253888711333275
		endloop
	endfacet
	facet normal -0.8178835618100294 -0.5606123217195107 -0.12953881293727998
		outer loop
			vertex -0.0170440673828125 0.017367782071232796 0.028461074456572533
			vertex -0.016869183629751205 0.017114553600549698 0.028452802449464798
			vertex -0.016880284994840622 0.0171050988137722 0.028563812375068665
		endloop
	endfacet
	facet normal -0.8178840670066377 -0.5606119753869525 -0.1295371220516362
		outer loop
			vertex -0.0170440673828125 0.017367782071232796 0.028461074456572533
			vertex -0.016880284994840622 0.0171050988137722 0.028563812375068665
			vertex -0.017053451389074326 0.017355840653181076 0.028572004288434982
		endloop
	endfacet
	facet normal -0.5000649747430691 -0.1619606589062732 -0.8507078029510837
		outer loop
			vertex -0.016629649326205254 0.017251282930374146 0.028117863461375237
			vertex -0.01658940315246582 0.01687801629304886 0.028165269643068314
			vertex -0.016713593155145645 0.01720530353486538 0.0281759612262249
		endloop
	endfacet
	facet normal -0.500071324919737 -0.16196086454013 -0.850704030994583
		outer loop
			vertex -0.016629649326205254 0.017251282930374146 0.028117863461375237
			vertex -0.016497354954481125 0.016902636736631393 0.02810647338628769
			vertex -0.01658940315246582 0.01687801629304886 0.028165269643068314
		endloop
	endfacet
	facet normal -0.777417527374136 -0.5256119495859783 -0.3454765789223801
		outer loop
			vertex -0.017016388475894928 0.0173957422375679 0.028356250375509262
			vertex -0.016869183629751205 0.017114553600549698 0.028452802449464798
			vertex -0.0170440673828125 0.017367782071232796 0.028461074456572533
		endloop
	endfacet
	facet normal -0.7774183238533552 -0.525611819226267 -0.3454749849507111
		outer loop
			vertex -0.017016388475894928 0.0173957422375679 0.028356250375509262
			vertex -0.016836440190672874 0.01713518053293228 0.028347738087177277
			vertex -0.016869183629751205 0.017114553600549698 0.028452802449464798
		endloop
	endfacet
	facet normal -0.10545955517948592 -0.007531748972303056 -0.9943950698684921
		outer loop
			vertex -0.01653607189655304 0.01730157621204853 0.028082508593797684
			vertex -0.016437556594610214 0.017353663221001625 0.02807166613638401
			vertex -0.016286715865135193 0.016956143081188202 0.028058679774403572
		endloop
	endfacet
	facet normal -0.10543527420128343 -0.007514034527615752 -0.9943977786777372
		outer loop
			vertex -0.01653607189655304 0.01730157621204853 0.028082508593797684
			vertex -0.016286715865135193 0.016956143081188202 0.028058679774403572
			vertex -0.01639474369585514 0.01692912168800831 0.02807033807039261
		endloop
	endfacet
	facet normal -0.3108444763641307 -0.08702290009553766 -0.946468555406291
		outer loop
			vertex -0.01653607189655304 0.01730157621204853 0.028082508593797684
			vertex -0.01639474369585514 0.01692912168800831 0.02807033807039261
			vertex -0.016497354954481125 0.016902636736631393 0.02810647338628769
		endloop
	endfacet
	facet normal -0.3108223009229466 -0.08702119487513077 -0.9464759948839008
		outer loop
			vertex -0.01653607189655304 0.01730157621204853 0.028082508593797684
			vertex -0.016497354954481125 0.016902636736631393 0.02810647338628769
			vertex -0.016629649326205254 0.017251282930374146 0.028117863461375237
		endloop
	endfacet
	facet normal -0.698281250277832 -0.4644459829658038 -0.5446955336858897
		outer loop
			vertex -0.016971800476312637 0.017438318580389023 0.0282627884298563
			vertex -0.0167836956679821 0.01716594584286213 0.028253888711333275
			vertex -0.016836440190672874 0.01713518053293228 0.028347738087177277
		endloop
	endfacet
	facet normal -0.6982750593740956 -0.4644455468167079 -0.5447038420079601
		outer loop
			vertex -0.016971800476312637 0.017438318580389023 0.0282627884298563
			vertex -0.016836440190672874 0.01713518053293228 0.028347738087177277
			vertex -0.017016388475894928 0.0173957422375679 0.028356250375509262
		endloop
	endfacet
	facet normal -0.5840713726221737 -0.37993121507343575 -0.7172955482198901
		outer loop
			vertex -0.016912540420889854 0.01749337464570999 0.028185373172163963
			vertex -0.0167836956679821 0.01716594584286213 0.028253888711333275
			vertex -0.016971800476312637 0.017438318580389023 0.0282627884298563
		endloop
	endfacet
	facet normal -0.5840643710908531 -0.37992980877260113 -0.717301994161637
		outer loop
			vertex -0.016912540420889854 0.01749337464570999 0.028185373172163963
			vertex -0.016713593155145645 0.01720530353486538 0.0281759612262249
			vertex -0.0167836956679821 0.01716594584286213 0.028253888711333275
		endloop
	endfacet
	facet normal -0.6590113633931313 -0.7398466694754048 -0.1353917596638639
		outer loop
			vertex -0.017274504527449608 0.017571821808815002 0.02846774086356163
			vertex -0.0170440673828125 0.017367782071232796 0.028461074456572533
			vertex -0.017053451389074326 0.017355840653181076 0.028572004288434982
		endloop
	endfacet
	facet normal -0.6590106961463025 -0.7398469127232589 -0.13539367820776804
		outer loop
			vertex -0.017274504527449608 0.017571821808815002 0.02846774086356163
			vertex -0.017053451389074326 0.017355840653181076 0.028572004288434982
			vertex -0.017281625419855118 0.01755787618458271 0.028578605502843857
		endloop
	endfacet
	facet normal -0.44014453065902714 -0.27605550657452005 -0.8544390846753382
		outer loop
			vertex -0.016841579228639603 0.017558153718709946 0.028127890080213547
			vertex -0.016713593155145645 0.01720530353486538 0.0281759612262249
			vertex -0.016912540420889854 0.01749337464570999 0.028185373172163963
		endloop
	endfacet
	facet normal -0.4401499732897634 -0.27605703163957135 -0.8544357882809973
		outer loop
			vertex -0.016841579228639603 0.017558153718709946 0.028127890080213547
			vertex -0.016629649326205254 0.017251282930374146 0.028117863461375237
			vertex -0.016713593155145645 0.01720530353486538 0.0281759612262249
		endloop
	endfacet
	facet normal -0.6264044716076292 -0.6959753039866946 -0.35104958936109715
		outer loop
			vertex -0.01725349761545658 0.01760569028556347 0.02836311049759388
			vertex -0.0170440673828125 0.017367782071232796 0.028461074456572533
			vertex -0.017274504527449608 0.017571821808815002 0.02846774086356163
		endloop
	endfacet
	facet normal -0.6264073578791093 -0.6959755352463551 -0.35104398062559483
		outer loop
			vertex -0.01725349761545658 0.01760569028556347 0.02836311049759388
			vertex -0.017016388475894928 0.0173957422375679 0.028356250375509262
			vertex -0.0170440673828125 0.017367782071232796 0.028461074456572533
		endloop
	endfacet
	facet normal -0.2735805193704158 -0.15794315879475798 -0.9487927371196238
		outer loop
			vertex -0.016762476414442062 0.017629403620958328 0.02809321880340576
			vertex -0.01653607189655304 0.01730157621204853 0.028082508593797684
			vertex -0.016629649326205254 0.017251282930374146 0.028117863461375237
		endloop
	endfacet
	facet normal -0.2735930331448771 -0.15794727482018414 -0.948788443538107
		outer loop
			vertex -0.016762476414442062 0.017629403620958328 0.02809321880340576
			vertex -0.016629649326205254 0.017251282930374146 0.028117863461375237
			vertex -0.016841579228639603 0.017558153718709946 0.028127890080213547
		endloop
	endfacet
	facet normal -0.09281213226101251 -0.03157919305753881 -0.9951827282820975
		outer loop
			vertex -0.016762476414442062 0.017629403620958328 0.02809321880340576
			vertex -0.016679195687174797 0.017703551799058914 0.02808309905230999
			vertex -0.016437556594610214 0.017353663221001625 0.02807166613638401
		endloop
	endfacet
	facet normal -0.09282415237345819 -0.03159348007686097 -0.9951811537367367
		outer loop
			vertex -0.016762476414442062 0.017629403620958328 0.02809321880340576
			vertex -0.016437556594610214 0.017353663221001625 0.02807166613638401
			vertex -0.01653607189655304 0.01730157621204853 0.028082508593797684
		endloop
	endfacet
	facet normal -0.562641824233109 -0.6174696065405567 -0.5496957909810566
		outer loop
			vertex -0.017219658941030502 0.01765778288245201 0.02826995961368084
			vertex -0.017016388475894928 0.0173957422375679 0.028356250375509262
			vertex -0.01725349761545658 0.01760569028556347 0.02836311049759388
		endloop
	endfacet
	facet normal -0.5626363153108691 -0.6174678424853994 -0.5497034111135151
		outer loop
			vertex -0.017219658941030502 0.01765778288245201 0.02826995961368084
			vertex -0.016971800476312637 0.017438318580389023 0.0282627884298563
			vertex -0.017016388475894928 0.0173957422375679 0.028356250375509262
		endloop
	endfacet
	facet normal -0.4706192295775197 -0.5079258252054182 -0.7214768858676325
		outer loop
			vertex -0.01717468351125717 0.017725490033626556 0.028192957863211632
			vertex -0.016912540420889854 0.01749337464570999 0.028185373172163963
			vertex -0.016971800476312637 0.017438318580389023 0.0282627884298563
		endloop
	endfacet
	facet normal -0.4706091818541639 -0.5079211249651218 -0.7214867488517857
		outer loop
			vertex -0.01717468351125717 0.017725490033626556 0.028192957863211632
			vertex -0.016971800476312637 0.017438318580389023 0.0282627884298563
			vertex -0.017219658941030502 0.01765778288245201 0.02826995961368084
		endloop
	endfacet
	facet normal -0.46184384653530036 -0.87586822129921 -0.13983962362519553
		outer loop
			vertex -0.01754710078239441 0.017714815214276314 0.02847241424024105
			vertex -0.017274504527449608 0.017571821808815002 0.02846774086356163
			vertex -0.017281625419855118 0.01755787618458271 0.028578605502843857
		endloop
	endfacet
	facet normal -0.4618478923523962 -0.8758678017263529 -0.13982888910627725
		outer loop
			vertex -0.01754710078239441 0.017714815214276314 0.02847241424024105
			vertex -0.017281625419855118 0.01755787618458271 0.028578605502843857
			vertex -0.017551545053720474 0.01769946701824665 0.028583232313394547
		endloop
	endfacet
	facet normal -0.35464648646839075 -0.372509856997301 -0.8575909724778336
		outer loop
			vertex -0.017120830714702606 0.017805416136980057 0.02813596837222576
			vertex -0.016841579228639603 0.017558153718709946 0.028127890080213547
			vertex -0.016912540420889854 0.01749337464570999 0.028185373172163963
		endloop
	endfacet
	facet normal -0.3546589992830263 -0.37251690537545773 -0.8575827362051167
		outer loop
			vertex -0.017120830714702606 0.017805416136980057 0.02813596837222576
			vertex -0.016912540420889854 0.01749337464570999 0.028185373172163963
			vertex -0.01717468351125717 0.017725490033626556 0.028192957863211632
		endloop
	endfacet
	facet normal -0.43899205349481174 -0.8252675563472538 -0.3552737499577484
		outer loop
			vertex -0.017533987760543823 0.01775282435119152 0.028367917984724045
			vertex -0.01725349761545658 0.01760569028556347 0.02836311049759388
			vertex -0.017274504527449608 0.017571821808815002 0.02846774086356163
		endloop
	endfacet
	facet normal -0.43899442409893163 -0.8252683379861725 -0.3552690050195596
		outer loop
			vertex -0.017533987760543823 0.01775282435119152 0.028367917984724045
			vertex -0.017274504527449608 0.017571821808815002 0.02846774086356163
			vertex -0.01754710078239441 0.017714815214276314 0.02847241424024105
		endloop
	endfacet
	facet normal -0.07478002950188468 -0.05191885712136167 -0.9958475683873056
		outer loop
			vertex -0.017060795798897743 0.017893550917506218 0.02810184843838215
			vertex -0.01699759252369404 0.017985476180911064 0.028092309832572937
			vertex -0.016679195687174797 0.017703551799058914 0.02808309905230999
		endloop
	endfacet
	facet normal -0.2204464514565027 -0.21790445450821708 -0.9507476062266539
		outer loop
			vertex -0.017060795798897743 0.017893550917506218 0.02810184843838215
			vertex -0.016841579228639603 0.017558153718709946 0.028127890080213547
			vertex -0.017120830714702606 0.017805416136980057 0.02813596837222576
		endloop
	endfacet
	facet normal -0.07478132803618304 -0.05192148829748947 -0.9958473336963446
		outer loop
			vertex -0.017060795798897743 0.017893550917506218 0.02810184843838215
			vertex -0.016679195687174797 0.017703551799058914 0.02808309905230999
			vertex -0.016762476414442062 0.017629403620958328 0.02809321880340576
		endloop
	endfacet
	facet normal -0.2204466539218311 -0.2179045809451279 -0.9507475303032855
		outer loop
			vertex -0.017060795798897743 0.017893550917506218 0.02810184843838215
			vertex -0.016762476414442062 0.017629403620958328 0.02809321880340576
			vertex -0.016841579228639603 0.017558153718709946 0.028127890080213547
		endloop
	endfacet
	facet normal -0.39430406217674235 -0.7336032894156013 -0.5534894039722256
		outer loop
			vertex -0.017512863501906395 0.01781158708035946 0.028274983167648315
			vertex -0.017219658941030502 0.01765778288245201 0.02826995961368084
			vertex -0.01725349761545658 0.01760569028556347 0.02836311049759388
		endloop
	endfacet
	facet normal -0.39430670697290304 -0.7336049005710573 -0.5534853843547403
		outer loop
			vertex -0.017512863501906395 0.01781158708035946 0.028274983167648315
			vertex -0.01725349761545658 0.01760569028556347 0.02836311049759388
			vertex -0.017533987760543823 0.01775282435119152 0.028367917984724045
		endloop
	endfacet
	facet normal -0.32980646762575105 -0.6050592756010904 -0.7246592074356802
		outer loop
			vertex -0.017484789714217186 0.017888158559799194 0.028198271989822388
			vertex -0.01717468351125717 0.017725490033626556 0.028192957863211632
			vertex -0.017219658941030502 0.01765778288245201 0.02826995961368084
		endloop
	endfacet
	facet normal -0.32980795187998235 -0.6050604646344335 -0.7246575391266517
		outer loop
			vertex -0.017484789714217186 0.017888158559799194 0.028198271989822388
			vertex -0.017219658941030502 0.01765778288245201 0.02826995961368084
			vertex -0.017512863501906395 0.01781158708035946 0.028274983167648315
		endloop
	endfacet
	facet normal -0.237831093594319 -0.9607809890116192 -0.14260526664042
		outer loop
			vertex -0.017846014350652695 0.01778845116496086 0.028474818915128708
			vertex -0.01754710078239441 0.017714815214276314 0.02847241424024105
			vertex -0.017551545053720474 0.01769946701824665 0.028583232313394547
		endloop
	endfacet
	facet normal -0.2378316655624726 -0.9607810683499697 -0.14260377819704292
		outer loop
			vertex -0.017846014350652695 0.01778845116496086 0.028474818915128708
			vertex -0.017551545053720474 0.01769946701824665 0.028583232313394547
			vertex -0.01784752495586872 0.017772380262613297 0.028585614636540413
		endloop
	endfacet
	facet normal -0.24854809132851247 -0.44571892565283405 -0.8599758633891051
		outer loop
			vertex -0.017451170831918716 0.017978699877858162 0.028141630813479424
			vertex -0.017120830714702606 0.017805416136980057 0.02813596837222576
			vertex -0.01717468351125717 0.017725490033626556 0.028192957863211632
		endloop
	endfacet
	facet normal -0.24853671902968125 -0.44570829136349155 -0.8599846616677522
		outer loop
			vertex -0.017451170831918716 0.017978699877858162 0.028141630813479424
			vertex -0.01717468351125717 0.017725490033626556 0.028192957863211632
			vertex -0.017484789714217186 0.017888158559799194 0.028198271989822388
		endloop
	endfacet
	facet normal -0.2260654680142993 -0.9059787328702746 -0.3579063281897202
		outer loop
			vertex -0.017841557040810585 0.017828593030571938 0.028370393440127373
			vertex -0.017533987760543823 0.01775282435119152 0.028367917984724045
			vertex -0.01754710078239441 0.017714815214276314 0.02847241424024105
		endloop
	endfacet
	facet normal -0.22606244463816705 -0.9059768635532193 -0.3579129696315674
		outer loop
			vertex -0.017841557040810585 0.017828593030571938 0.028370393440127373
			vertex -0.01754710078239441 0.017714815214276314 0.02847241424024105
			vertex -0.017846014350652695 0.01778845116496086 0.028474818915128708
		endloop
	endfacet
	facet normal -0.05240484813901419 -0.06734592092949071 -0.9963524772015603
		outer loop
			vertex -0.01741369627416134 0.018078668043017387 0.0281078964471817
			vertex -0.017374243587255478 0.01818305253982544 0.02809876576066017
			vertex -0.01699759252369404 0.017985476180911064 0.028092309832572937
		endloop
	endfacet
	facet normal -0.05240663843955449 -0.06735402199940012 -0.9963518354316262
		outer loop
			vertex -0.01741369627416134 0.018078668043017387 0.0281078964471817
			vertex -0.01699759252369404 0.017985476180911064 0.028092309832572937
			vertex -0.017060795798897743 0.017893550917506218 0.02810184843838215
		endloop
	endfacet
	facet normal -0.15449160047882168 -0.2634064249374237 -0.9522339001963632
		outer loop
			vertex -0.01741369627416134 0.018078668043017387 0.0281078964471817
			vertex -0.017060795798897743 0.017893550917506218 0.02810184843838215
			vertex -0.017120830714702606 0.017805416136980057 0.02813596837222576
		endloop
	endfacet
	facet normal -0.1544996334699255 -0.263414666422594 -0.9522303170825492
		outer loop
			vertex -0.01741369627416134 0.018078668043017387 0.0281078964471817
			vertex -0.017120830714702606 0.017805416136980057 0.02813596837222576
			vertex -0.017451170831918716 0.017978699877858162 0.028141630813479424
		endloop
	endfacet
	facet normal -0.20305547786727848 -0.806099773836048 -0.5558521633758057
		outer loop
			vertex -0.0178343765437603 0.017890790477395058 0.028277572244405746
			vertex -0.017512863501906395 0.01781158708035946 0.028274983167648315
			vertex -0.017533987760543823 0.01775282435119152 0.028367917984724045
		endloop
	endfacet
	facet normal -0.2030532616666195 -0.8060975708179925 -0.5558561677699361
		outer loop
			vertex -0.0178343765437603 0.017890790477395058 0.028277572244405746
			vertex -0.017533987760543823 0.01775282435119152 0.028367917984724045
			vertex -0.017841557040810585 0.017828593030571938 0.028370393440127373
		endloop
	endfacet
	facet normal -0.16984332777689315 -0.665694274415856 -0.7266390968146552
		outer loop
			vertex -0.01782483235001564 0.017971927300095558 0.028201010078191757
			vertex -0.017484789714217186 0.017888158559799194 0.028198271989822388
			vertex -0.017512863501906395 0.01781158708035946 0.028274983167648315
		endloop
	endfacet
	facet normal -0.16984210445806008 -0.6656926940920168 -0.7266408305247993
		outer loop
			vertex -0.01782483235001564 0.017971927300095558 0.028201010078191757
			vertex -0.017512863501906395 0.01781158708035946 0.028274983167648315
			vertex -0.0178343765437603 0.017890790477395058 0.028277572244405746
		endloop
	endfacet
	facet normal 0 -0.9896434102850629 -0.14354762442949284
		outer loop
			vertex -0.018153872340917587 0.01778845116496086 0.028474818915128708
			vertex -0.017846014350652695 0.01778845116496086 0.028474818915128708
			vertex -0.01784752495586872 0.017772380262613297 0.028585614636540413
		endloop
	endfacet
	facet normal 0 -0.9896434102850629 -0.14354762442949284
		outer loop
			vertex -0.018153872340917587 0.01778845116496086 0.028474818915128708
			vertex -0.01784752495586872 0.017772380262613297 0.028585614636540413
			vertex -0.01815236173570156 0.017772380262613297 0.028585614636540413
		endloop
	endfacet
	facet normal -0.12798858341084254 -0.49140253003361756 -0.8614769155311393
		outer loop
			vertex -0.01781340502202511 0.01806793548166752 0.02814454585313797
			vertex -0.017451170831918716 0.017978699877858162 0.028141630813479424
			vertex -0.017484789714217186 0.017888158559799194 0.028198271989822388
		endloop
	endfacet
	facet normal -0.12799506887937243 -0.49141241226242066 -0.8614703148785763
		outer loop
			vertex -0.01781340502202511 0.01806793548166752 0.02814454585313797
			vertex -0.017484789714217186 0.017888158559799194 0.028198271989822388
			vertex -0.01782483235001564 0.017971927300095558 0.028201010078191757
		endloop
	endfacet
	facet normal 0 -0.9334108149363749 -0.358809490621155
		outer loop
			vertex -0.018158329650759697 0.017828593030571938 0.028370393440127373
			vertex -0.017841557040810585 0.017828593030571938 0.028370393440127373
			vertex -0.017846014350652695 0.01778845116496086 0.028474818915128708
		endloop
	endfacet
	facet normal 0 -0.9334108149363748 -0.35880949062115497
		outer loop
			vertex -0.018158329650759697 0.017828593030571938 0.028370393440127373
			vertex -0.017846014350652695 0.01778845116496086 0.028474818915128708
			vertex -0.018153872340917587 0.01778845116496086 0.028474818915128708
		endloop
	endfacet
	facet normal -0.026988786160460604 -0.07700475004685692 -0.9966653770909303
		outer loop
			vertex -0.017800668254494667 0.01817399635910988 0.028111012652516365
			vertex -0.017787257209420204 0.01828479766845703 0.0281020887196064
			vertex -0.017374243587255478 0.01818305253982544 0.02809876576066017
		endloop
	endfacet
	facet normal -0.026989380906359123 -0.07697937459512853 -0.996667321228721
		outer loop
			vertex -0.017800668254494667 0.01817399635910988 0.028111012652516365
			vertex -0.017374243587255478 0.01818305253982544 0.02809876576066017
			vertex -0.01741369627416134 0.018078668043017387 0.0281078964471817
		endloop
	endfacet
	facet normal -0.07956348420280665 -0.2918188648541856 -0.9531586447683955
		outer loop
			vertex -0.017800668254494667 0.01817399635910988 0.028111012652516365
			vertex -0.01741369627416134 0.018078668043017387 0.0281078964471817
			vertex -0.017451170831918716 0.017978699877858162 0.028141630813479424
		endloop
	endfacet
	facet normal -0.07955649675515629 -0.2918070202584051 -0.9531628542657115
		outer loop
			vertex -0.017800668254494667 0.01817399635910988 0.028111012652516365
			vertex -0.017451170831918716 0.017978699877858162 0.028141630813479424
			vertex -0.01781340502202511 0.01806793548166752 0.02814454585313797
		endloop
	endfacet
	facet normal 0 -0.8307399896924549 -0.5566606412580108
		outer loop
			vertex -0.018165510147809982 0.017890790477395058 0.028277572244405746
			vertex -0.0178343765437603 0.017890790477395058 0.028277572244405746
			vertex -0.017841557040810585 0.017828593030571938 0.028370393440127373
		endloop
	endfacet
	facet normal 0 -0.8307399896924549 -0.5566606412580108
		outer loop
			vertex -0.018165510147809982 0.017890790477395058 0.028277572244405746
			vertex -0.017841557040810585 0.017828593030571938 0.028370393440127373
			vertex -0.018158329650759697 0.017828593030571938 0.028370393440127373
		endloop
	endfacet
	facet normal 0 -0.6863057649289468 -0.7273131354686874
		outer loop
			vertex -0.01817505434155464 0.017971927300095558 0.028201010078191757
			vertex -0.01782483235001564 0.017971927300095558 0.028201010078191757
			vertex -0.0178343765437603 0.017890790477395058 0.028277572244405746
		endloop
	endfacet
	facet normal 0 -0.6863057649289469 -0.7273131354686874
		outer loop
			vertex -0.01817505434155464 0.017971927300095558 0.028201010078191757
			vertex -0.0178343765437603 0.017890790477395058 0.028277572244405746
			vertex -0.018165510147809982 0.017890790477395058 0.028277572244405746
		endloop
	endfacet
	facet normal 0.2378316254773917 -0.9607808568992532 -0.14260526967373566
		outer loop
			vertex -0.018452785909175873 0.017714815214276314 0.02847241424024105
			vertex -0.01815236173570156 0.017772380262613297 0.028585614636540413
			vertex -0.018448341637849808 0.01769946701824665 0.028583232313394547
		endloop
	endfacet
	facet normal 0.23783113329187036 -0.9607811983856236 -0.14260378980163857
		outer loop
			vertex -0.018452785909175873 0.017714815214276314 0.02847241424024105
			vertex -0.018153872340917587 0.01778845116496086 0.028474818915128708
			vertex -0.01815236173570156 0.017772380262613297 0.028585614636540413
		endloop
	endfacet
	facet normal 0 -0.5069455798273218 -0.8619780618400567
		outer loop
			vertex -0.018186481669545174 0.01806793548166752 0.02814454585313797
			vertex -0.01782483235001564 0.017971927300095558 0.028201010078191757
			vertex -0.01817505434155464 0.017971927300095558 0.028201010078191757
		endloop
	endfacet
	facet normal 0 -0.5069455798273219 -0.8619780618400568
		outer loop
			vertex -0.018186481669545174 0.01806793548166752 0.02814454585313797
			vertex -0.01781340502202511 0.01806793548166752 0.02814454585313797
			vertex -0.01782483235001564 0.017971927300095558 0.028201010078191757
		endloop
	endfacet
	facet normal 0.2260649190740241 -0.9059762912985307 -0.3579128552720827
		outer loop
			vertex -0.01846589893102646 0.01775282435119152 0.028367917984724045
			vertex -0.018158329650759697 0.017828593030571938 0.028370393440127373
			vertex -0.018153872340917587 0.01778845116496086 0.028474818915128708
		endloop
	endfacet
	facet normal 0.2260630094947184 -0.9059793758220429 -0.35790625354035444
		outer loop
			vertex -0.01846589893102646 0.01775282435119152 0.028367917984724045
			vertex -0.018153872340917587 0.01778845116496086 0.028474818915128708
			vertex -0.018452785909175873 0.017714815214276314 0.02847241424024105
		endloop
	endfacet
	facet normal 0 -0.08028000431193784 -0.9967723515967302
		outer loop
			vertex -0.018199220299720764 0.01817399635910988 0.028111012652516365
			vertex -0.018212629482150078 0.01828479766845703 0.0281020887196064
			vertex -0.017787257209420204 0.01828479766845703 0.0281020887196064
		endloop
	endfacet
	facet normal 0 -0.08028000431193784 -0.9967723515967302
		outer loop
			vertex -0.018199220299720764 0.01817399635910988 0.028111012652516365
			vertex -0.017787257209420204 0.01828479766845703 0.0281020887196064
			vertex -0.017800668254494667 0.01817399635910988 0.028111012652516365
		endloop
	endfacet
	facet normal 0 -0.3014607250808504 -0.9534785950579739
		outer loop
			vertex -0.018199220299720764 0.01817399635910988 0.028111012652516365
			vertex -0.017800668254494667 0.01817399635910988 0.028111012652516365
			vertex -0.01781340502202511 0.01806793548166752 0.02814454585313797
		endloop
	endfacet
	facet normal 0 -0.3014607250808505 -0.953478595057974
		outer loop
			vertex -0.018199220299720764 0.01817399635910988 0.028111012652516365
			vertex -0.01781340502202511 0.01806793548166752 0.02814454585313797
			vertex -0.018186481669545174 0.01806793548166752 0.02814454585313797
		endloop
	endfacet
	facet normal 0.20305488319645223 -0.8060972322839012 -0.5558560663645847
		outer loop
			vertex -0.018487023189663887 0.01781158708035946 0.028274983167648315
			vertex -0.018165510147809982 0.017890790477395058 0.028277572244405746
			vertex -0.018158329650759697 0.017828593030571938 0.028370393440127373
		endloop
	endfacet
	facet normal 0.2030538833158452 -0.806100227587192 -0.555852087838332
		outer loop
			vertex -0.018487023189663887 0.01781158708035946 0.028274983167648315
			vertex -0.018158329650759697 0.017828593030571938 0.028370393440127373
			vertex -0.01846589893102646 0.01775282435119152 0.028367917984724045
		endloop
	endfacet
	facet normal 0.1698425402424901 -0.6656945211309249 -0.7266390548685412
		outer loop
			vertex -0.018515096977353096 0.017888158559799194 0.028198271989822388
			vertex -0.018165510147809982 0.017890790477395058 0.028277572244405746
			vertex -0.018487023189663887 0.01781158708035946 0.028274983167648315
		endloop
	endfacet
	facet normal 0.1698429157353152 -0.6656925469376728 -0.7266407757111907
		outer loop
			vertex -0.018515096977353096 0.017888158559799194 0.028198271989822388
			vertex -0.01817505434155464 0.017971927300095558 0.028201010078191757
			vertex -0.018165510147809982 0.017890790477395058 0.028277572244405746
		endloop
	endfacet
	facet normal 0.4618473326533598 -0.8758663842111234 -0.13983961645367063
		outer loop
			vertex -0.018725382164120674 0.017571821808815002 0.02846774086356163
			vertex -0.018448341637849808 0.01769946701824665 0.028583232313394547
			vertex -0.018718261271715164 0.01755787618458271 0.028578605502843857
		endloop
	endfacet
	facet normal 0.4618444007129262 -0.8758696249131246 -0.13982900158643902
		outer loop
			vertex -0.018725382164120674 0.017571821808815002 0.02846774086356163
			vertex -0.018452785909175873 0.017714815214276314 0.02847241424024105
			vertex -0.018448341637849808 0.01769946701824665 0.028583232313394547
		endloop
	endfacet
	facet normal 0.1279911171383337 -0.49141302301997275 -0.8614705536117025
		outer loop
			vertex -0.018548715859651566 0.017978699877858162 0.028141630813479424
			vertex -0.018186481669545174 0.01806793548166752 0.02814454585313797
			vertex -0.01817505434155464 0.017971927300095558 0.028201010078191757
		endloop
	endfacet
	facet normal 0.12799236982948461 -0.4914012344848071 -0.8614770919834377
		outer loop
			vertex -0.018548715859651566 0.017978699877858162 0.028141630813479424
			vertex -0.01817505434155464 0.017971927300095558 0.028201010078191757
			vertex -0.018515096977353096 0.017888158559799194 0.028198271989822388
		endloop
	endfacet
	facet normal 0.43899281218861214 -0.8252691546295199 -0.3552690997874871
		outer loop
			vertex -0.0187463890761137 0.01760569028556347 0.02836311049759388
			vertex -0.01846589893102646 0.01775282435119152 0.028367917984724045
			vertex -0.018452785909175873 0.017714815214276314 0.02847241424024105
		endloop
	endfacet
	facet normal 0.4389936434505531 -0.825266693412901 -0.3552737898485414
		outer loop
			vertex -0.0187463890761137 0.01760569028556347 0.02836311049759388
			vertex -0.018452785909175873 0.017714815214276314 0.02847241424024105
			vertex -0.018725382164120674 0.017571821808815002 0.02846774086356163
		endloop
	endfacet
	facet normal 0.0795597187591123 -0.2918202403427539 -0.9531585379553963
		outer loop
			vertex -0.018586190417408943 0.018078668043017387 0.0281078964471817
			vertex -0.018186481669545174 0.01806793548166752 0.02814454585313797
			vertex -0.018548715859651566 0.017978699877858162 0.028141630813479424
		endloop
	endfacet
	facet normal 0.02698313204189381 -0.07698173523850783 -0.9966673080947716
		outer loop
			vertex -0.018586190417408943 0.018078668043017387 0.0281078964471817
			vertex -0.018625643104314804 0.01818305253982544 0.02809876576066017
			vertex -0.018212629482150078 0.01828479766845703 0.0281020887196064
		endloop
	endfacet
	facet normal 0.02699564910616378 -0.07700436064596008 -0.9966652213109696
		outer loop
			vertex -0.018586190417408943 0.018078668043017387 0.0281078964471817
			vertex -0.018212629482150078 0.01828479766845703 0.0281020887196064
			vertex -0.018199220299720764 0.01817399635910988 0.028111012652516365
		endloop
	endfacet
	facet normal 0.07956053817471394 -0.2918052065817198 -0.9531630721850013
		outer loop
			vertex -0.018586190417408943 0.018078668043017387 0.0281078964471817
			vertex -0.018199220299720764 0.01817399635910988 0.028111012652516365
			vertex -0.018186481669545174 0.01806793548166752 0.02814454585313797
		endloop
	endfacet
	facet normal 0.39430550102336936 -0.733602468189595 -0.553489467405518
		outer loop
			vertex -0.01878022775053978 0.01765778288245201 0.02826995961368084
			vertex -0.01846589893102646 0.01775282435119152 0.028367917984724045
			vertex -0.0187463890761137 0.01760569028556347 0.02836311049759388
		endloop
	endfacet
	facet normal 0.3943052158543707 -0.7336056163059527 -0.5534854979802103
		outer loop
			vertex -0.01878022775053978 0.01765778288245201 0.02826995961368084
			vertex -0.018487023189663887 0.01781158708035946 0.028274983167648315
			vertex -0.01846589893102646 0.01775282435119152 0.028367917984724045
		endloop
	endfacet
	facet normal 0.32980714266919775 -0.6050588663801028 -0.7246592418918042
		outer loop
			vertex -0.01882520318031311 0.017725490033626556 0.028192957863211632
			vertex -0.018487023189663887 0.01781158708035946 0.028274983167648315
			vertex -0.01878022775053978 0.01765778288245201 0.02826995961368084
		endloop
	endfacet
	facet normal 0.329807232723635 -0.6050607867548017 -0.7246575974726537
		outer loop
			vertex -0.01882520318031311 0.017725490033626556 0.028192957863211632
			vertex -0.018515096977353096 0.017888158559799194 0.028198271989822388
			vertex -0.018487023189663887 0.01781158708035946 0.028274983167648315
		endloop
	endfacet
	facet normal 0.6590108384827136 -0.7398471359702217 -0.1353917654769709
		outer loop
			vertex -0.018955819308757782 0.017367782071232796 0.028461074456572533
			vertex -0.018718261271715164 0.01755787618458271 0.028578605502843857
			vertex -0.018946435302495956 0.017355840653181076 0.028572004288434982
		endloop
	endfacet
	facet normal 0.6590112224532244 -0.7398464484224083 -0.1353936536084887
		outer loop
			vertex -0.018955819308757782 0.017367782071232796 0.028461074456572533
			vertex -0.018725382164120674 0.017571821808815002 0.02846774086356163
			vertex -0.018718261271715164 0.01755787618458271 0.028578605502843857
		endloop
	endfacet
	facet normal 0.24854159197569725 -0.44570625969471084 -0.8599843063260733
		outer loop
			vertex -0.018879055976867676 0.017805416136980057 0.02813596837222576
			vertex -0.018548715859651566 0.017978699877858162 0.028141630813479424
			vertex -0.018515096977353096 0.017888158559799194 0.028198271989822388
		endloop
	endfacet
	facet normal 0.24854364245664765 -0.4457217837833557 -0.8599756678275065
		outer loop
			vertex -0.018879055976867676 0.017805416136980057 0.02813596837222576
			vertex -0.018515096977353096 0.017888158559799194 0.028198271989822388
			vertex -0.01882520318031311 0.017725490033626556 0.028192957863211632
		endloop
	endfacet
	facet normal 0.6264060833417043 -0.6959739166542527 -0.3510494638785897
		outer loop
			vertex -0.018983498215675354 0.0173957422375679 0.028356250375509262
			vertex -0.0187463890761137 0.01760569028556347 0.02836311049759388
			vertex -0.018725382164120674 0.017571821808815002 0.02846774086356163
		endloop
	endfacet
	facet normal 0.6264057830561737 -0.695976969439069 -0.351043947340203
		outer loop
			vertex -0.018983498215675354 0.0173957422375679 0.028356250375509262
			vertex -0.018725382164120674 0.017571821808815002 0.02846774086356163
			vertex -0.018955819308757782 0.017367782071232796 0.028461074456572533
		endloop
	endfacet
	facet normal 0.052408437137434725 -0.06735278416901833 -0.9963518244985018
		outer loop
			vertex -0.01893909089267254 0.017893550917506218 0.02810184843838215
			vertex -0.019002294167876244 0.017985476180911064 0.028092309832572937
			vertex -0.018625643104314804 0.01818305253982544 0.02809876576066017
		endloop
	endfacet
	facet normal 0.052402807903385126 -0.0673466968464101 -0.9963525320626825
		outer loop
			vertex -0.01893909089267254 0.017893550917506218 0.02810184843838215
			vertex -0.018625643104314804 0.01818305253982544 0.02809876576066017
			vertex -0.018586190417408943 0.018078668043017387 0.0281078964471817
		endloop
	endfacet
	facet normal 0.15449438963623668 -0.26340455057846823 -0.9522339661582556
		outer loop
			vertex -0.01893909089267254 0.017893550917506218 0.02810184843838215
			vertex -0.018548715859651566 0.017978699877858162 0.028141630813479424
			vertex -0.018879055976867676 0.017805416136980057 0.02813596837222576
		endloop
	endfacet
	facet normal 0.15449650907760373 -0.26341589410795774 -0.9522304843965768
		outer loop
			vertex -0.01893909089267254 0.017893550917506218 0.02810184843838215
			vertex -0.018586190417408943 0.018078668043017387 0.0281078964471817
			vertex -0.018548715859651566 0.017978699877858162 0.028141630813479424
		endloop
	endfacet
	facet normal 0.562638579831578 -0.617465690156086 -0.5497035109631131
		outer loop
			vertex -0.019028086215257645 0.017438318580389023 0.0282627884298563
			vertex -0.0187463890761137 0.01760569028556347 0.02836311049759388
			vertex -0.018983498215675354 0.0173957422375679 0.028356250375509262
		endloop
	endfacet
	facet normal 0.5626394190017029 -0.6174715890476831 -0.5496960259128273
		outer loop
			vertex -0.019028086215257645 0.017438318580389023 0.0282627884298563
			vertex -0.01878022775053978 0.01765778288245201 0.02826995961368084
			vertex -0.0187463890761137 0.01760569028556347 0.02836311049759388
		endloop
	endfacet
	facet normal 0.47061595660106886 -0.5079291041746992 -0.7214767123925404
		outer loop
			vertex -0.019087346270680428 0.01749337464570999 0.028185373172163963
			vertex -0.01878022775053978 0.01765778288245201 0.02826995961368084
			vertex -0.019028086215257645 0.017438318580389023 0.0282627884298563
		endloop
	endfacet
	facet normal 0.4706128239911216 -0.5079182808750232 -0.7214863753724411
		outer loop
			vertex -0.019087346270680428 0.01749337464570999 0.028185373172163963
			vertex -0.01882520318031311 0.017725490033626556 0.028192957863211632
			vertex -0.01878022775053978 0.01765778288245201 0.02826995961368084
		endloop
	endfacet
	facet normal 0.8178839117114901 -0.5606118131670652 -0.1295388046148613
		outer loop
			vertex -0.019130703061819077 0.017114553600549698 0.028452802449464798
			vertex -0.018946435302495956 0.017355840653181076 0.028572004288434982
			vertex -0.01911960169672966 0.0171050988137722 0.028563812375068665
		endloop
	endfacet
	facet normal 0.8178837155837335 -0.5606124823413646 -0.12953714689616888
		outer loop
			vertex -0.019130703061819077 0.017114553600549698 0.028452802449464798
			vertex -0.018955819308757782 0.017367782071232796 0.028461074456572533
			vertex -0.018946435302495956 0.017355840653181076 0.028572004288434982
		endloop
	endfacet
	facet normal 0.354649853764929 -0.3725063026659154 -0.8575911238455561
		outer loop
			vertex -0.01915830746293068 0.017558153718709946 0.028127890080213547
			vertex -0.01882520318031311 0.017725490033626556 0.028192957863211632
			vertex -0.019087346270680428 0.01749337464570999 0.028185373172163963
		endloop
	endfacet
	facet normal 0.3546550716996531 -0.37251981016935276 -0.8575830986843803
		outer loop
			vertex -0.01915830746293068 0.017558153718709946 0.028127890080213547
			vertex -0.018879055976867676 0.017805416136980057 0.02813596837222576
			vertex -0.01882520318031311 0.017725490033626556 0.028192957863211632
		endloop
	endfacet
	facet normal 0.7774178761227415 -0.5256114592072701 -0.3454765402090423
		outer loop
			vertex -0.019163446500897408 0.01713518053293228 0.028347738087177277
			vertex -0.018983498215675354 0.0173957422375679 0.028356250375509262
			vertex -0.018955819308757782 0.017367782071232796 0.028461074456572533
		endloop
	endfacet
	facet normal 0.7774179880728268 -0.5256123200276888 -0.3454749786249485
		outer loop
			vertex -0.019163446500897408 0.01713518053293228 0.028347738087177277
			vertex -0.018955819308757782 0.017367782071232796 0.028461074456572533
			vertex -0.019130703061819077 0.017114553600549698 0.028452802449464798
		endloop
	endfacet
	facet normal 0.0747818410396512 -0.051920910959882154 -0.9958473252742193
		outer loop
			vertex -0.01923741027712822 0.017629403620958328 0.02809321880340576
			vertex -0.019320691004395485 0.017703551799058914 0.02808309905230999
			vertex -0.019002294167876244 0.017985476180911064 0.028092309832572937
		endloop
	endfacet
	facet normal 0.0747793945779022 -0.05191929623546377 -0.9958475931712527
		outer loop
			vertex -0.01923741027712822 0.017629403620958328 0.02809321880340576
			vertex -0.019002294167876244 0.017985476180911064 0.028092309832572937
			vertex -0.01893909089267254 0.017893550917506218 0.02810184843838215
		endloop
	endfacet
	facet normal 0.22044650836720237 -0.21790441420940948 -0.950747602267165
		outer loop
			vertex -0.01923741027712822 0.017629403620958328 0.02809321880340576
			vertex -0.01893909089267254 0.017893550917506218 0.02810184843838215
			vertex -0.018879055976867676 0.017805416136980057 0.02813596837222576
		endloop
	endfacet
	facet normal 0.2204466069497821 -0.21790463262979168 -0.9507475293487772
		outer loop
			vertex -0.01923741027712822 0.017629403620958328 0.02809321880340576
			vertex -0.018879055976867676 0.017805416136980057 0.02813596837222576
			vertex -0.01915830746293068 0.017558153718709946 0.028127890080213547
		endloop
	endfacet
	facet normal 0.6982794240836178 -0.46444883556283545 -0.5446954424683369
		outer loop
			vertex -0.01921619102358818 0.01716594584286213 0.028253888711333275
			vertex -0.018983498215675354 0.0173957422375679 0.028356250375509262
			vertex -0.019163446500897408 0.01713518053293228 0.028347738087177277
		endloop
	endfacet
	facet normal 0.698277074854245 -0.4644428368020062 -0.5447035689953799
		outer loop
			vertex -0.01921619102358818 0.01716594584286213 0.028253888711333275
			vertex -0.019028086215257645 0.017438318580389023 0.0282627884298563
			vertex -0.018983498215675354 0.0173957422375679 0.028356250375509262
		endloop
	endfacet
	facet normal 0.5840695234752991 -0.37993356925480304 -0.7172958069727181
		outer loop
			vertex -0.019286293536424637 0.01720530353486538 0.0281759612262249
			vertex -0.019087346270680428 0.01749337464570999 0.028185373172163963
			vertex -0.019028086215257645 0.017438318580389023 0.0282627884298563
		endloop
	endfacet
	facet normal 0.5840659232684483 -0.3799272378485729 -0.7173020920207392
		outer loop
			vertex -0.019286293536424637 0.01720530353486538 0.0281759612262249
			vertex -0.019028086215257645 0.017438318580389023 0.0282627884298563
			vertex -0.01921619102358818 0.01716594584286213 0.028253888711333275
		endloop
	endfacet
	facet normal 0.9292218826398438 -0.3485862133366695 -0.12261461860180549
		outer loop
			vertex -0.019239870831370354 0.016826853156089783 0.02844340167939663
			vertex -0.019130703061819077 0.017114553600549698 0.028452802449464798
			vertex -0.01911960169672966 0.0171050988137722 0.028563812375068665
		endloop
	endfacet
	facet normal 0.9292217604862267 -0.3485881820670735 -0.12260994723940909
		outer loop
			vertex -0.019239870831370354 0.016826853156089783 0.02844340167939663
			vertex -0.01911960169672966 0.0171050988137722 0.028563812375068665
			vertex -0.01922769844532013 0.01682022213935852 0.028554504737257957
		endloop
	endfacet
	facet normal 0.9865560555300821 -0.11609721515722973 -0.11501558994180566
		outer loop
			vertex -0.019239870831370354 0.016826853156089783 0.02844340167939663
			vertex -0.01922769844532013 0.01682022213935852 0.028554504737257957
			vertex -0.01926444284617901 0.016517769545316696 0.028544623404741287
		endloop
	endfacet
	facet normal 0.9865551540615867 -0.11609906441659824 -0.11502145554682346
		outer loop
			vertex -0.019239870831370354 0.016826853156089783 0.02844340167939663
			vertex -0.01926444284617901 0.016517769545316696 0.028544623404741287
			vertex -0.019276980310678482 0.016521401703357697 0.02843342162668705
		endloop
	endfacet
	facet normal 0.44014576212163997 -0.27605402067484947 -0.854438930383916
		outer loop
			vertex -0.01937023736536503 0.017251282930374146 0.028117863461375237
			vertex -0.01915830746293068 0.017558153718709946 0.028127890080213547
			vertex -0.019087346270680428 0.01749337464570999 0.028185373172163963
		endloop
	endfacet
	facet normal 0.4401490166421605 -0.2760587140371192 -0.8544357375210329
		outer loop
			vertex -0.01937023736536503 0.017251282930374146 0.028117863461375237
			vertex -0.019087346270680428 0.01749337464570999 0.028185373172163963
			vertex -0.019286293536424637 0.01720530353486538 0.0281759612262249
		endloop
	endfacet
	facet normal 0.8832483679923162 -0.324074598134049 -0.3388922768125067
		outer loop
			vertex -0.01927577517926693 0.016839150339365005 0.02833806537091732
			vertex -0.019130703061819077 0.017114553600549698 0.028452802449464798
			vertex -0.019239870831370354 0.016826853156089783 0.02844340167939663
		endloop
	endfacet
	facet normal 0.9377459242011584 -0.10309062164631198 -0.3316698740806776
		outer loop
			vertex -0.01927577517926693 0.016839150339365005 0.02833806537091732
			vertex -0.019239870831370354 0.016826853156089783 0.02844340167939663
			vertex -0.019276980310678482 0.016521401703357697 0.02843342162668705
		endloop
	endfacet
	facet normal 0.9377453597744598 -0.10309105773509392 -0.33167133436058127
		outer loop
			vertex -0.01927577517926693 0.016839150339365005 0.02833806537091732
			vertex -0.019276980310678482 0.016521401703357697 0.02843342162668705
			vertex -0.019313959404826164 0.01652485318481922 0.02832779660820961
		endloop
	endfacet
	facet normal 0.8832487593213505 -0.32407564708764425 -0.33889025380205284
		outer loop
			vertex -0.01927577517926693 0.016839150339365005 0.02833806537091732
			vertex -0.019163446500897408 0.01713518053293228 0.028347738087177277
			vertex -0.019130703061819077 0.017114553600549698 0.028452802449464798
		endloop
	endfacet
	facet normal 0.09282644366098135 -0.03158913067903989 -0.9951810780858916
		outer loop
			vertex -0.019463814795017242 0.01730157621204853 0.028082508593797684
			vertex -0.019562330096960068 0.017353663221001625 0.02807166613638401
			vertex -0.019320691004395485 0.017703551799058914 0.02808309905230999
		endloop
	endfacet
	facet normal 0.09280887793469737 -0.03158287368726911 -0.9951829149790287
		outer loop
			vertex -0.019463814795017242 0.01730157621204853 0.028082508593797684
			vertex -0.019320691004395485 0.017703551799058914 0.02808309905230999
			vertex -0.01923741027712822 0.017629403620958328 0.02809321880340576
		endloop
	endfacet
	facet normal 0.2735905114816312 -0.15795019193930937 -0.9487886850577187
		outer loop
			vertex -0.019463814795017242 0.01730157621204853 0.028082508593797684
			vertex -0.01923741027712822 0.017629403620958328 0.02809321880340576
			vertex -0.01915830746293068 0.017558153718709946 0.028127890080213547
		endloop
	endfacet
	facet normal 0.2735823586169622 -0.15793976138160498 -0.9487927723313988
		outer loop
			vertex -0.019463814795017242 0.01730157621204853 0.028082508593797684
			vertex -0.01915830746293068 0.017558153718709946 0.028127890080213547
			vertex -0.01937023736536503 0.017251282930374146 0.028117863461375237
		endloop
	endfacet
	facet normal 0.793337024239076 -0.2834320545311682 -0.5387788381476475
		outer loop
			vertex -0.01933361403644085 0.016856493428349495 0.02824377827346325
			vertex -0.01921619102358818 0.01716594584286213 0.028253888711333275
			vertex -0.019163446500897408 0.01713518053293228 0.028347738087177277
		endloop
	endfacet
	facet normal 0.8422800941017998 -0.08493773262386911 -0.5323061380977862
		outer loop
			vertex -0.01933361403644085 0.016856493428349495 0.02824377827346325
			vertex -0.01927577517926693 0.016839150339365005 0.02833806537091732
			vertex -0.019313959404826164 0.01652485318481922 0.02832779660820961
		endloop
	endfacet
	facet normal 0.8422905363460271 -0.08493311439830337 -0.5322903516507947
		outer loop
			vertex -0.01933361403644085 0.016856493428349495 0.02824377827346325
			vertex -0.019313959404826164 0.01652485318481922 0.02832779660820961
			vertex -0.01937352679669857 0.016527948901057243 0.02823304384946823
		endloop
	endfacet
	facet normal 0.7933322459249266 -0.28342515914145816 -0.5387895013280707
		outer loop
			vertex -0.01933361403644085 0.016856493428349495 0.02824377827346325
			vertex -0.019163446500897408 0.01713518053293228 0.028347738087177277
			vertex -0.01927577517926693 0.016839150339365005 0.02833806537091732
		endloop
	endfacet
	facet normal 0.6635707661673903 -0.22852293642465074 -0.712356024622434
		outer loop
			vertex -0.01941048353910446 0.01687801629304886 0.028165269643068314
			vertex -0.019286293536424637 0.01720530353486538 0.0281759612262249
			vertex -0.01921619102358818 0.01716594584286213 0.028253888711333275
		endloop
	endfacet
	facet normal 0.7045122295494529 -0.062489411937263435 -0.7069353519318398
		outer loop
			vertex -0.01941048353910446 0.01687801629304886 0.028165269643068314
			vertex -0.01937352679669857 0.016527948901057243 0.02823304384946823
			vertex -0.019452698528766632 0.016530534252524376 0.0281539149582386
		endloop
	endfacet
	facet normal 0.7045127092158733 -0.062489271161117375 -0.7069348863530946
		outer loop
			vertex -0.01941048353910446 0.01687801629304886 0.028165269643068314
			vertex -0.01933361403644085 0.016856493428349495 0.02824377827346325
			vertex -0.01937352679669857 0.016527948901057243 0.02823304384946823
		endloop
	endfacet
	facet normal 0.663567127220632 -0.22851905430643252 -0.7123606597019879
		outer loop
			vertex -0.01941048353910446 0.01687801629304886 0.028165269643068314
			vertex -0.01921619102358818 0.01716594584286213 0.028253888711333275
			vertex -0.01933361403644085 0.016856493428349495 0.02824377827346325
		endloop
	endfacet
	facet normal 0.5000659222291763 -0.16195869724708917 -0.8507076194622386
		outer loop
			vertex -0.019502531737089157 0.016902636736631393 0.02810647338628769
			vertex -0.01937023736536503 0.017251282930374146 0.028117863461375237
			vertex -0.019286293536424637 0.01720530353486538 0.0281759612262249
		endloop
	endfacet
	facet normal 0.5309178509300991 -0.036838636556692686 -0.8466222005241825
		outer loop
			vertex -0.019502531737089157 0.016902636736631393 0.02810647338628769
			vertex -0.019452698528766632 0.016530534252524376 0.0281539149582386
			vertex -0.01954750157892704 0.016532478854060173 0.028094379231333733
		endloop
	endfacet
	facet normal 0.5000707300156518 -0.16196296763519535 -0.8507039802989133
		outer loop
			vertex -0.019502531737089157 0.016902636736631393 0.02810647338628769
			vertex -0.019286293536424637 0.01720530353486538 0.0281759612262249
			vertex -0.01941048353910446 0.01687801629304886 0.028165269643068314
		endloop
	endfacet
	facet normal 0.5309276063195763 -0.03683656161160847 -0.8466161731129398
		outer loop
			vertex -0.019502531737089157 0.016902636736631393 0.02810647338628769
			vertex -0.01941048353910446 0.01687801629304886 0.028165269643068314
			vertex -0.019452698528766632 0.016530534252524376 0.0281539149582386
		endloop
	endfacet
	facet normal 0.111939730895204 0.018861715672996444 -0.9935359743506929
		outer loop
			vertex -0.01960514299571514 0.01692912168800831 0.02807033807039261
			vertex -0.01976444385945797 0.016534095630049706 0.028044890612363815
			vertex -0.01971317082643509 0.016956143081188202 0.028058679774403572
		endloop
	endfacet
	facet normal 0.10543336765163103 -0.007521718803484858 -0.9943979227310752
		outer loop
			vertex -0.01960514299571514 0.01692912168800831 0.02807033807039261
			vertex -0.01971317082643509 0.016956143081188202 0.028058679774403572
			vertex -0.019562330096960068 0.017353663221001625 0.02807166613638401
		endloop
	endfacet
	facet normal 0.33002282164595065 -0.009252990574571277 -0.9439276028161653
		outer loop
			vertex -0.01960514299571514 0.01692912168800831 0.02807033807039261
			vertex -0.019502531737089157 0.016902636736631393 0.02810647338628769
			vertex -0.01954750157892704 0.016532478854060173 0.028094379231333733
		endloop
	endfacet
	facet normal 0.10546322415810597 -0.007524739659107651 -0.9943947338171295
		outer loop
			vertex -0.01960514299571514 0.01692912168800831 0.02807033807039261
			vertex -0.019562330096960068 0.017353663221001625 0.02807166613638401
			vertex -0.019463814795017242 0.01730157621204853 0.028082508593797684
		endloop
	endfacet
	facet normal 0.31084282859989104 -0.08702922850975457 -0.9464685146865772
		outer loop
			vertex -0.01960514299571514 0.01692912168800831 0.02807033807039261
			vertex -0.01937023736536503 0.017251282930374146 0.028117863461375237
			vertex -0.019502531737089157 0.016902636736631393 0.02810647338628769
		endloop
	endfacet
	facet normal 0.11194233684595939 0.01886064717216888 -0.9935357010242324
		outer loop
			vertex -0.01960514299571514 0.01692912168800831 0.02807033807039261
			vertex -0.019653182476758957 0.016533687710762024 0.028057418763637543
			vertex -0.01976444385945797 0.016534095630049706 0.028044890612363815
		endloop
	endfacet
	facet normal 0.31082526088420454 -0.0870153799621146 -0.946475557447901
		outer loop
			vertex -0.01960514299571514 0.01692912168800831 0.02807033807039261
			vertex -0.019463814795017242 0.01730157621204853 0.028082508593797684
			vertex -0.01937023736536503 0.017251282930374146 0.028117863461375237
		endloop
	endfacet
	facet normal 0.33002038831389463 -0.009253395519307584 -0.9439284496022512
		outer loop
			vertex -0.01960514299571514 0.01692912168800831 0.02807033807039261
			vertex -0.01954750157892704 0.016532478854060173 0.028094379231333733
			vertex -0.019653182476758957 0.016533687710762024 0.028057418763637543
		endloop
	endfacet
	facet normal -2.4512354492495225e-7 0.032653956000648625 -0.9994667173835493
		outer loop
			vertex 0.019002407789230347 0.015082716010510921 0.027997469529509544
			vertex 0.019320804625749588 0.015364640392363071 0.02800668030977249
			vertex 0.07550005614757538 0 0.027504682540893555
		endloop
	endfacet
	facet normal 8.078444061183243e-7 0.032657801965700395 -0.9994665917228632
		outer loop
			vertex 0.01956244371831417 0.015714529901742935 0.02801811322569847
			vertex 0.07550005614757538 0 0.027504682540893555
			vertex 0.019320804625749588 0.015364640392363071 0.02800668030977249
		endloop
	endfacet
	facet normal -0.0000010813083105513193 0.03265082711455504 -0.9994668196031155
		outer loop
			vertex 0.018625756725668907 0.014885139651596546 0.02799101546406746
			vertex 0.019002407789230347 0.015082716010510921 0.027997469529509544
			vertex 0.07550005614757538 0 0.027504682540893555
		endloop
	endfacet
	facet normal -9.548288796009133e-7 0.032651534225249815 -0.9994667965029282
		outer loop
			vertex 0.019713282585144043 0.01611204817891121 0.02803109958767891
			vertex 0.07550005614757538 0 0.027504682540893555
			vertex 0.01956244371831417 0.015714529901742935 0.02801811322569847
		endloop
	endfacet
	facet normal 7.43738885336193e-7 0.03265779296106726 -0.9994665920171414
		outer loop
			vertex 0.01821274310350418 0.014783395454287529 0.027987690642476082
			vertex 0.018625756725668907 0.014885139651596546 0.02799101546406746
			vertex 0.07550005614757538 0 0.027504682540893555
		endloop
	endfacet
	facet normal -2.9352876209666547e-8 0.03265484537424354 -0.999466688326121
		outer loop
			vertex 0.019764557480812073 0.016534095630049706 0.028044890612363815
			vertex 0.07550005614757538 0.03060699999332428 0.028504682704806328
			vertex 0.07550005614757538 0 0.027504682540893555
		endloop
	endfacet
	facet normal 0.000001176244417822599 0.03265890504044182 -0.9994665556786659
		outer loop
			vertex 0.019764557480812073 0.016534095630049706 0.028044890612363815
			vertex 0.07550005614757538 0 0.027504682540893555
			vertex 0.019713282585144043 0.01611204817891121 0.02803109958767891
		endloop
	endfacet
	facet normal 2.1520468339191634e-8 0.03265464410607444 -0.9994666949019889
		outer loop
			vertex 0.019713282585144043 0.016956143081188202 0.028058679774403572
			vertex 0.07550005614757538 0.03060699999332428 0.028504682704806328
			vertex 0.019764557480812073 0.016534095630049706 0.028044890612363815
		endloop
	endfacet
	facet normal 8.321401642227905e-7 0.032651334889741306 -0.9994668030151006
		outer loop
			vertex 0.01956244371831417 0.017353663221001625 0.02807166613638401
			vertex 0.07550005614757538 0.03060699999332428 0.028504682704806328
			vertex 0.019713282585144043 0.016956143081188202 0.028058679774403572
		endloop
	endfacet
	facet normal -7.343635440833254e-7 0.03265793949354176 -0.9994665872291564
		outer loop
			vertex 0.019320804625749588 0.017703551799058914 0.02808309905230999
			vertex 0.07550005614757538 0.03060699999332428 0.028504682704806328
			vertex 0.01956244371831417 0.017353663221001625 0.02807166613638401
		endloop
	endfacet
	facet normal 1.9464884944384735e-7 0.03265389905684286 -0.9994667192439914
		outer loop
			vertex 0.019002407789230347 0.017985476180911064 0.028092309832572937
			vertex 0.07550005614757538 0.03060699999332428 0.028504682704806328
			vertex 0.019320804625749588 0.017703551799058914 0.02808309905230999
		endloop
	endfacet
	facet normal -5.349746353021034e-7 0.03265716158315752 -0.9994666126474888
		outer loop
			vertex 0.018625756725668907 0.01818305253982544 0.02809876576066017
			vertex 0.07550005614757538 0.03060699999332428 0.028504682704806328
			vertex 0.019002407789230347 0.017985476180911064 0.028092309832572937
		endloop
	endfacet
	facet normal 0.0000014467865836059595 0.03264809915739147 -0.9994669087164998
		outer loop
			vertex 0.01821274310350418 0.01828479766845703 0.0281020887196064
			vertex 0.07550005614757538 0.03060699999332428 0.028504682704806328
			vertex 0.018625756725668907 0.01818305253982544 0.02809876576066017
		endloop
	endfacet
	facet normal 5.618265197115179e-7 0.03264983785252219 -0.9994668519205069
		outer loop
			vertex 0.0025922604836523533 0.0133745688945055 0.027941660955548286
			vertex 0.01699770614504814 0.015082716010510921 0.027997469529509544
			vertex 0.01737435720860958 0.014885139651596546 0.02799101546406746
		endloop
	endfacet
	facet normal -4.3175041614109446e-8 0.03265493461751391 -0.9994666854103362
		outer loop
			vertex 0.0032193604856729507 0.014029156416654587 0.027963047847151756
			vertex 0.01699770614504814 0.015082716010510921 0.027997469529509544
			vertex 0.0025922604836523533 0.0133745688945055 0.027941660955548286
		endloop
	endfacet
	facet normal 4.869745139289488e-8 0.03265373439952225 -0.999466724623568
		outer loop
			vertex 0.0032193604856729507 0.014029156416654587 0.027963047847151756
			vertex 0.0166793093085289 0.015364640392363071 0.02800668030977249
			vertex 0.01699770614504814 0.015082716010510921 0.027997469529509544
		endloop
	endfacet
	facet normal 1.9967301645271309e-7 0.0326533780243753 -0.999466736266674
		outer loop
			vertex 0.001839789329096675 0.012875599786639214 0.027925359085202217
			vertex 0.0025922604836523533 0.0133745688945055 0.027941660955548286
			vertex 0.01737435720860958 0.014885139651596546 0.02799101546406746
		endloop
	endfacet
	facet normal -5.000268425927412e-7 0.03265878122341867 -0.9994665597251121
		outer loop
			vertex 0.001839789329096675 0.012875599786639214 0.027925359085202217
			vertex 0.01737435720860958 0.014885139651596546 0.02799101546406746
			vertex 0.017787368968129158 0.014783395454287529 0.027987690642476082
		endloop
	endfacet
	facet normal 7.058241529211378e-8 0.03265351406262177 -0.999466731822204
		outer loop
			vertex 0.003692281898111105 0.014802641235291958 0.027988318353891373
			vertex 0.0166793093085289 0.015364640392363071 0.02800668030977249
			vertex 0.0032193604856729507 0.014029156416654587 0.027963047847151756
		endloop
	endfacet
	facet normal -1.3527019146974764e-7 0.032658265960432926 -0.9994665765619376
		outer loop
			vertex 0.003692281898111105 0.014802641235291958 0.027988318353891373
			vertex 0.016437670215964317 0.015714529901742935 0.02801811322569847
			vertex 0.0166793093085289 0.015364640392363071 0.02800668030977249
		endloop
	endfacet
	facet normal 0 0.032654633986435685 -0.9994666952326187
		outer loop
			vertex 0.0009929902153089643 0.012564267963171005 0.027915187180042267
			vertex 0.017787368968129158 0.014783395454287529 0.027987690642476082
			vertex 0.01821274310350418 0.014783395454287529 0.027987690642476082
		endloop
	endfacet
	facet normal -3.5571789962858666e-8 0.03265490290702908 -0.9994666864463925
		outer loop
			vertex 0.0009929902153089643 0.012564267963171005 0.027915187180042267
			vertex 0.001839789329096675 0.012875599786639214 0.027925359085202217
			vertex 0.017787368968129158 0.014783395454287529 0.027987690642476082
		endloop
	endfacet
	facet normal -2.4089393269626318e-8 0.0326548207134596 -0.9994666891318448
		outer loop
			vertex 0.0009929902153089643 0.012564267963171005 0.027915187180042267
			vertex 0.01821274310350418 0.014783395454287529 0.027987690642476082
			vertex 0.07550005614757538 0 0.027504682540893555
		endloop
	endfacet
	facet normal 1.130341909994874e-7 0.03265479913287143 -0.9994666898369247
		outer loop
			vertex 0.003982217982411385 0.01565830409526825 0.02801627479493618
			vertex 0.016437670215964317 0.015714529901742935 0.02801811322569847
			vertex 0.003692281898111105 0.014802641235291958 0.027988318353891373
		endloop
	endfacet
	facet normal 1.2920243994845829e-7 0.03265122127475577 -0.999466806727092
		outer loop
			vertex 0.003982217982411385 0.01565830409526825 0.02801627479493618
			vertex 0.016286829486489296 0.01611204817891121 0.02803109958767891
			vertex 0.016437670215964317 0.015714529901742935 0.02801811322569847
		endloop
	endfacet
	facet normal 6.641044232521014e-7 0.03265889740314034 -0.9994665559286966
		outer loop
			vertex 0.00009455005056224763 0.012448114342987537 0.027911391109228134
			vertex 0.0009929902153089643 0.012564267963171005 0.027915187180042267
			vertex 0.07550005614757538 0 0.027504682540893555
		endloop
	endfacet
	facet normal 7.30909981364072e-8 0.03265463262422768 -0.9994666952771221
		outer loop
			vertex 0.0040680645033717155 0.01655772514641285 0.028045661747455597
			vertex 0.016286829486489296 0.016956143081188202 0.028058679774403572
			vertex 0.016235556453466415 0.016534095630049706 0.028044890612363815
		endloop
	endfacet
	facet normal 8.169375832041258e-8 0.03265905770505082 -0.9994665506908231
		outer loop
			vertex 0.0040680645033717155 0.01655772514641285 0.028045661747455597
			vertex 0.016235556453466415 0.016534095630049706 0.028044890612363815
			vertex 0.016286829486489296 0.01611204817891121 0.02803109958767891
		endloop
	endfacet
	facet normal -3.8532888377366316e-8 0.032655765063619 -0.9994666582773576
		outer loop
			vertex 0.0040680645033717155 0.01655772514641285 0.028045661747455597
			vertex 0.016286829486489296 0.01611204817891121 0.02803109958767891
			vertex 0.003982217982411385 0.01565830409526825 0.02801627479493618
		endloop
	endfacet
	facet normal -5.608877496457877e-8 0.03265104073154414 -0.9994668126251838
		outer loop
			vertex 0.003954586107283831 0.0174567848443985 0.02807503566145897
			vertex 0.016437670215964317 0.017353663221001625 0.02807166613638401
			vertex 0.016286829486489296 0.016956143081188202 0.028058679774403572
		endloop
	endfacet
	facet normal 8.057110386055444e-8 0.032654403467405196 -0.9994667027641199
		outer loop
			vertex 0.003954586107283831 0.0174567848443985 0.02807503566145897
			vertex 0.016286829486489296 0.016956143081188202 0.028058679774403572
			vertex 0.0040680645033717155 0.01655772514641285 0.028045661747455597
		endloop
	endfacet
	facet normal 2.2853998420396561e-7 0.03265828845144977 -0.9994665758270108
		outer loop
			vertex 0.0036519740242511034 0.018310165032744408 0.028102917596697807
			vertex 0.0166793093085289 0.017703551799058914 0.02808309905230999
			vertex 0.016437670215964317 0.017353663221001625 0.02807166613638401
		endloop
	endfacet
	facet normal -2.4043580795028812e-8 0.03265491573143739 -0.9994666860273894
		outer loop
			vertex 0.0036519740242511034 0.018310165032744408 0.028102917596697807
			vertex 0.016437670215964317 0.017353663221001625 0.02807166613638401
			vertex 0.003954586107283831 0.0174567848443985 0.02807503566145897
		endloop
	endfacet
	facet normal -6.480425207346824e-8 0.032653752570657925 -0.999466724029895
		outer loop
			vertex 0.0031704201828688383 0.019072551280260086 0.028127826750278473
			vertex 0.01699770614504814 0.017985476180911064 0.028092309832572937
			vertex 0.0166793093085289 0.017703551799058914 0.02808309905230999
		endloop
	endfacet
	facet normal 8.673142382634104e-8 0.032655246286211616 -0.9994666752273332
		outer loop
			vertex 0.0031704201828688383 0.019072551280260086 0.028127826750278473
			vertex 0.0166793093085289 0.017703551799058914 0.02808309905230999
			vertex 0.0036519740242511034 0.018310165032744408 0.028102917596697807
		endloop
	endfacet
	facet normal 3.081870595462993e-7 0.03265759346012849 -0.9994665985360881
		outer loop
			vertex 0.0025258061941713095 0.01970323547720909 0.028148433193564415
			vertex 0.01737435720860958 0.01818305253982544 0.02809876576066017
			vertex 0.01699770614504814 0.017985476180911064 0.028092309832572937
		endloop
	endfacet
	facet normal 9.878397865695016e-8 0.032655831147595994 -0.9994666561181769
		outer loop
			vertex 0.0025258061941713095 0.01970323547720909 0.028148433193564415
			vertex 0.01699770614504814 0.017985476180911064 0.028092309832572937
			vertex 0.0031704201828688383 0.019072551280260086 0.028127826750278473
		endloop
	endfacet
	facet normal -0.0000010514727047302945 0.032646496152114554 -0.9994669610786966
		outer loop
			vertex 0.001754868309944868 0.020178409293293953 0.028163958340883255
			vertex 0.017787368968129158 0.01828479766845703 0.0281020887196064
			vertex 0.01737435720860958 0.01818305253982544 0.02809876576066017
		endloop
	endfacet
	facet normal 6.802085304251976e-8 0.03265525011234238 -0.9994666751023247
		outer loop
			vertex 0.001754868309944868 0.020178409293293953 0.028163958340883255
			vertex 0.01737435720860958 0.01818305253982544 0.02809876576066017
			vertex 0.0025258061941713095 0.01970323547720909 0.028148433193564415
		endloop
	endfacet
	facet normal 0 0.03265492620069965 -0.9994666856853345
		outer loop
			vertex 0.0008991192444227636 0.020478136837482452 0.028173750266432762
			vertex 0.01821274310350418 0.01828479766845703 0.0281020887196064
			vertex 0.017787368968129158 0.01828479766845703 0.0281020887196064
		endloop
	endfacet
	facet normal -6.042742103793872e-7 0.03265027837763941 -0.999466837529639
		outer loop
			vertex 0.0008991192444227636 0.020478136837482452 0.028173750266432762
			vertex 0.017787368968129158 0.01828479766845703 0.0281020887196064
			vertex 0.001754868309944868 0.020178409293293953 0.028163958340883255
		endloop
	endfacet
	facet normal 1.7844606148763154e-7 0.03265617293239379 -0.9994666449508847
		outer loop
			vertex -0.016679195687174797 0.015364640392363071 0.02800668030977249
			vertex -0.0036137551069259644 0.014638063497841358 0.027982942759990692
			vertex -0.003105186391621828 0.013887383975088596 0.02795841544866562
		endloop
	endfacet
	facet normal -8.30054558859248e-8 0.03265377310462677 -0.9994667233590244
		outer loop
			vertex -0.01699759252369404 0.015082716010510921 0.027997469529509544
			vertex -0.016679195687174797 0.015364640392363071 0.02800668030977249
			vertex -0.003105186391621828 0.013887383975088596 0.02795841544866562
		endloop
	endfacet
	facet normal 3.9431673870088274e-8 0.032655194577926906 -0.9994666769167826
		outer loop
			vertex -0.01699759252369404 0.015082716010510921 0.027997469529509544
			vertex -0.003105186391621828 0.013887383975088596 0.02795841544866562
			vertex -0.0024479003623127937 0.013262560591101646 0.027938000857830048
		endloop
	endfacet
	facet normal -4.117216182986947e-8 0.032654230065937526 -0.99946670842945
		outer loop
			vertex -0.016437556594610214 0.015714529901742935 0.02801811322569847
			vertex -0.003944119904190302 0.015478462912142277 0.028010400012135506
			vertex -0.0036137551069259644 0.014638063497841358 0.027982942759990692
		endloop
	endfacet
	facet normal 2.890585199536678e-7 0.0326581598651181 -0.9994665800286375
		outer loop
			vertex -0.016437556594610214 0.015714529901742935 0.02801811322569847
			vertex -0.0036137551069259644 0.014638063497841358 0.027982942759990692
			vertex -0.016679195687174797 0.015364640392363071 0.02800668030977249
		endloop
	endfacet
	facet normal -6.18007606118228e-7 0.03264994483955764 -0.9994668484254954
		outer loop
			vertex -0.017374243587255478 0.014885139651596546 0.02799101546406746
			vertex -0.01699759252369404 0.015082716010510921 0.027997469529509544
			vertex -0.0024479003623127937 0.013262560591101646 0.027938000857830048
		endloop
	endfacet
	facet normal -4.1663018771072897e-7 0.03265179536482658 -0.9994667879721066
		outer loop
			vertex -0.017374243587255478 0.014885139651596546 0.02799101546406746
			vertex -0.0024479003623127937 0.013262560591101646 0.027938000857830048
			vertex -0.0016713881632313132 0.012799720279872417 0.02792287990450859
		endloop
	endfacet
	facet normal -9.830632503040527e-8 0.03265120956353572 -0.9994668071096852
		outer loop
			vertex -0.016286715865135193 0.01611204817891121 0.02803109958767891
			vertex -0.003944119904190302 0.015478462912142277 0.028010400012135506
			vertex -0.016437556594610214 0.015714529901742935 0.02801811322569847
		endloop
	endfacet
	facet normal 7.674587931325497e-8 0.03265461604261753 -0.9994666958188769
		outer loop
			vertex -0.016286715865135193 0.01611204817891121 0.02803109958767891
			vertex -0.004071003291755915 0.0163714736700058 0.02803957648575306
			vertex -0.003944119904190302 0.015478462912142277 0.028010400012135506
		endloop
	endfacet
	facet normal 8.919561451835702e-7 0.03266186634777024 -0.9994664589098952
		outer loop
			vertex -0.017787257209420204 0.014783395454287529 0.027987690642476082
			vertex -0.0016713881632313132 0.012799720279872417 0.02792287990450859
			vertex -0.0008090653573162854 0.012526734732091427 0.027913959696888924
		endloop
	endfacet
	facet normal 5.078819638258356e-7 0.03265874936173014 -0.999466560766227
		outer loop
			vertex -0.017787257209420204 0.014783395454287529 0.027987690642476082
			vertex -0.017374243587255478 0.014885139651596546 0.02799101546406746
			vertex -0.0016713881632313132 0.012799720279872417 0.02792287990450859
		endloop
	endfacet
	facet normal -1.7516984884504784e-8 0.03265904991676057 -0.9994665509453203
		outer loop
			vertex -0.016235442832112312 0.016534095630049706 0.028044890612363815
			vertex -0.004071003291755915 0.0163714736700058 0.02803957648575306
			vertex -0.016286715865135193 0.01611204817891121 0.02803109958767891
		endloop
	endfacet
	facet normal -7.304597766917848e-8 0.03265490067014552 -0.9994666865194747
		outer loop
			vertex -0.016235442832112312 0.016534095630049706 0.028044890612363815
			vertex -0.003995364066213369 0.01727394014596939 0.028069062158465385
			vertex -0.004071003291755915 0.0163714736700058 0.02803957648575306
		endloop
	endfacet
	facet normal 0 0.03265516279150196 -0.9994666779553286
		outer loop
			vertex -0.018212629482150078 0.014783395454287529 0.027987690642476082
			vertex -0.017787257209420204 0.014783395454287529 0.027987690642476082
			vertex -0.0008090653573162854 0.012526734732091427 0.027913959696888924
		endloop
	endfacet
	facet normal -5.694536221136939e-8 0.03265463458361161 -0.9994666952131059
		outer loop
			vertex -0.016286715865135193 0.016956143081188202 0.028058679774403572
			vertex -0.003995364066213369 0.01727394014596939 0.028069062158465385
			vertex -0.016235442832112312 0.016534095630049706 0.028044890612363815
		endloop
	endfacet
	facet normal 3.6268532152921894e-8 0.03265103321868558 -0.999466812870618
		outer loop
			vertex -0.016437556594610214 0.017353663221001625 0.02807166613638401
			vertex -0.003995364066213369 0.01727394014596939 0.028069062158465385
			vertex -0.016286715865135193 0.016956143081188202 0.028058679774403572
		endloop
	endfacet
	facet normal 5.9303661000880955e-8 0.032654624424803096 -0.999466695545015
		outer loop
			vertex -0.016437556594610214 0.017353663221001625 0.02807166613638401
			vertex -0.0037282509729266167 0.018140383064746857 0.028097370639443398
			vertex -0.003995364066213369 0.01727394014596939 0.028069062158465385
		endloop
	endfacet
	facet normal -2.4624109141545417e-8 0.032654016188673245 -0.9994667154171515
		outer loop
			vertex -0.016679195687174797 0.017703551799058914 0.02808309905230999
			vertex -0.003280733013525605 0.018925316631793976 0.02812301553785801
			vertex -0.0037282509729266167 0.018140383064746857 0.028097370639443398
		endloop
	endfacet
	facet normal -1.7023810607190837e-7 0.032658328672789054 -0.9994665745127603
		outer loop
			vertex -0.016679195687174797 0.017703551799058914 0.02808309905230999
			vertex -0.0037282509729266167 0.018140383064746857 0.028097370639443398
			vertex -0.016437556594610214 0.017353663221001625 0.02807166613638401
		endloop
	endfacet
	facet normal 5.543015515118357e-9 0.032653685714179585 -0.9994667262141745
		outer loop
			vertex -0.01699759252369404 0.017985476180911064 0.028092309832572937
			vertex -0.003280733013525605 0.018925316631793976 0.02812301553785801
			vertex -0.016679195687174797 0.017703551799058914 0.02808309905230999
		endloop
	endfacet
	facet normal -1.654709652787697e-7 0.03265617898144772 -0.9994666447532427
		outer loop
			vertex -0.01699759252369404 0.017985476180911064 0.028092309832572937
			vertex -0.0026666594203561544 0.019585639238357544 0.02814459055662155
			vertex -0.003280733013525605 0.018925316631793976 0.02812301553785801
		endloop
	endfacet
	facet normal 7.457603276898638e-8 0.032653426986693525 -0.9994667346670519
		outer loop
			vertex -0.017374243587255478 0.01818305253982544 0.02809876576066017
			vertex -0.0019188635051250458 0.020094530656933784 0.028161216527223587
			vertex -0.0026666594203561544 0.019585639238357544 0.02814459055662155
		endloop
	endfacet
	facet normal -3.2087636020298004e-7 0.03265756929559185 -0.9994665993256606
		outer loop
			vertex -0.017374243587255478 0.01818305253982544 0.02809876576066017
			vertex -0.0026666594203561544 0.019585639238357544 0.02814459055662155
			vertex -0.01699759252369404 0.017985476180911064 0.028092309832572937
		endloop
	endfacet
	facet normal 9.723817508573025e-7 0.03264617545986164 -0.999466971553787
		outer loop
			vertex -0.017787257209420204 0.01828479766845703 0.0281020887196064
			vertex -0.0019188635051250458 0.020094530656933784 0.028161216527223587
			vertex -0.017374243587255478 0.01818305253982544 0.02809876576066017
		endloop
	endfacet
	facet normal -7.82768958580709e-7 0.032661548846229675 -0.9994664692856647
		outer loop
			vertex -0.017787257209420204 0.01828479766845703 0.0281020887196064
			vertex -0.0010781136807054281 0.02043198049068451 0.028172243386507034
			vertex -0.0019188635051250458 0.020094530656933784 0.028161216527223587
		endloop
	endfacet
	facet normal 0 0.03265546391958906 -0.9994666681166494
		outer loop
			vertex -0.018212629482150078 0.01828479766845703 0.0281020887196064
			vertex -0.0010781136807054281 0.02043198049068451 0.028172243386507034
			vertex -0.017787257209420204 0.01828479766845703 0.0281020887196064
		endloop
	endfacet
	facet normal -2.14973527537531e-8 0.03265499717883508 -0.9994666833663091
		outer loop
			vertex -0.07549994438886642 0 0.027504682540893555
			vertex -0.018212629482150078 0.014783395454287529 0.027987690642476082
			vertex -0.0008090653573162854 0.012526734732091427 0.027913959696888924
		endloop
	endfacet
	facet normal 8.796086764800983e-8 0.03265434522818483 -0.9994667046668994
		outer loop
			vertex -0.07549994438886642 0 0.027504682540893555
			vertex -0.0008090653573162854 0.012526734732091427 0.027913959696888924
			vertex 0.00009455005056224763 0.012448114342987537 0.027911391109228134
		endloop
	endfacet
	facet normal 0 0.03265487882441585 -0.9994666872332278
		outer loop
			vertex -0.07549994438886642 0 0.027504682540893555
			vertex 0.00009455005056224763 0.012448114342987537 0.027911391109228134
			vertex 0.07550005614757538 0 0.027504682540893555
		endloop
	endfacet
	facet normal -7.437388735259216e-7 0.03265779296111515 -0.9994665920171398
		outer loop
			vertex -0.07549994438886642 0 0.027504682540893555
			vertex -0.018625643104314804 0.014885139651596546 0.02799101546406746
			vertex -0.018212629482150078 0.014783395454287529 0.027987690642476082
		endloop
	endfacet
	facet normal 0.00000108130828692578 0.03265082711451005 -0.9994668196031169
		outer loop
			vertex -0.07549994438886642 0 0.027504682540893555
			vertex -0.019002294167876244 0.015082716010510921 0.027997469529509544
			vertex -0.018625643104314804 0.014885139651596546 0.02799101546406746
		endloop
	endfacet
	facet normal 2.451235387156748e-7 0.032653956000641624 -0.9994667173835496
		outer loop
			vertex -0.07549994438886642 0 0.027504682540893555
			vertex -0.019320691004395485 0.015364640392363071 0.02800668030977249
			vertex -0.019002294167876244 0.015082716010510921 0.027997469529509544
		endloop
	endfacet
	facet normal -8.07844383589196e-7 0.03265780196571594 -0.9994665917228628
		outer loop
			vertex -0.07549994438886642 0 0.027504682540893555
			vertex -0.019562330096960068 0.015714529901742935 0.02801811322569847
			vertex -0.019320691004395485 0.015364640392363071 0.02800668030977249
		endloop
	endfacet
	facet normal 9.548277150604248e-7 0.03265153422927765 -0.9994667965027966
		outer loop
			vertex -0.07549994438886642 0 0.027504682540893555
			vertex -0.01971317082643509 0.01611204817891121 0.02803109958767891
			vertex -0.019562330096960068 0.015714529901742935 0.02801811322569847
		endloop
	endfacet
	facet normal -0.0000011762458662908516 0.032658905045451686 -0.9994665556785023
		outer loop
			vertex -0.07549994438886642 0 0.027504682540893555
			vertex -0.01976444385945797 0.016534095630049706 0.028044890612363815
			vertex -0.01971317082643509 0.01611204817891121 0.02803109958767891
		endloop
	endfacet
	facet normal 2.9352875228712003e-8 0.03265484537424354 -0.999466688326121
		outer loop
			vertex -0.07549994438886642 0.03060699999332428 0.028504682704806328
			vertex -0.01976444385945797 0.016534095630049706 0.028044890612363815
			vertex -0.07549994438886642 0 0.027504682540893555
		endloop
	endfacet
	facet normal -2.1520490908953647e-8 0.0326546441059823 -0.9994666949019919
		outer loop
			vertex -0.07549994438886642 0.03060699999332428 0.028504682704806328
			vertex -0.01971317082643509 0.016956143081188202 0.028058679774403572
			vertex -0.01976444385945797 0.016534095630049706 0.028044890612363815
		endloop
	endfacet
	facet normal -8.321392911808567e-7 0.032651334893305343 -0.9994668030149839
		outer loop
			vertex -0.07549994438886642 0.03060699999332428 0.028504682704806328
			vertex -0.019562330096960068 0.017353663221001625 0.02807166613638401
			vertex -0.01971317082643509 0.016956143081188202 0.028058679774403572
		endloop
	endfacet
	facet normal 7.343635230686355e-7 0.032657939493556255 -0.9994665872291559
		outer loop
			vertex -0.07549994438886642 0.03060699999332428 0.028504682704806328
			vertex -0.019320691004395485 0.017703551799058914 0.02808309905230999
			vertex -0.019562330096960068 0.017353663221001625 0.02807166613638401
		endloop
	endfacet
	facet normal -1.946488443194459e-7 0.03265389905683708 -0.9994667192439917
		outer loop
			vertex -0.07549994438886642 0.03060699999332428 0.028504682704806328
			vertex -0.019002294167876244 0.017985476180911064 0.028092309832572937
			vertex -0.019320691004395485 0.017703551799058914 0.02808309905230999
		endloop
	endfacet
	facet normal 5.349746229326516e-7 0.03265716158318108 -0.9994666126474882
		outer loop
			vertex -0.07549994438886642 0.03060699999332428 0.028504682704806328
			vertex -0.018625643104314804 0.01818305253982544 0.02809876576066017
			vertex -0.019002294167876244 0.017985476180911064 0.028092309832572937
		endloop
	endfacet
	facet normal -0.0000014467865584924544 0.032648099157289626 -0.999466908716503
		outer loop
			vertex -0.07549994438886642 0.03060699999332428 0.028504682704806328
			vertex -0.018212629482150078 0.01828479766845703 0.0281020887196064
			vertex -0.018625643104314804 0.01818305253982544 0.02809876576066017
		endloop
	endfacet
	facet normal 0 0.03265482587371384 -0.9994666889632479
		outer loop
			vertex -0.07549994438886642 0.03060699999332428 0.028504682704806328
			vertex 0.07550005614757538 0.03060699999332428 0.028504682704806328
			vertex 7.120305411945083e-8 0.020582474768161774 0.028177158907055855
		endloop
	endfacet
	facet normal 1.8648356752652924e-7 0.03265342286528746 -0.9994667348016871
		outer loop
			vertex 7.120305411945083e-8 0.020582474768161774 0.028177158907055855
			vertex 0.07550005614757538 0.03060699999332428 0.028504682704806328
			vertex 0.0008991192444227636 0.020478136837482452 0.028173750266432762
		endloop
	endfacet
	facet normal -8.614928564774405e-9 0.0326548582693082 -0.9994666879048102
		outer loop
			vertex 0.0008991192444227636 0.020478136837482452 0.028173750266432762
			vertex 0.07550005614757538 0.03060699999332428 0.028504682704806328
			vertex 0.01821274310350418 0.01828479766845703 0.0281020887196064
		endloop
	endfacet
	facet normal -0.000001539875867610956 0.03264324061668924 -0.9994670674112629
		outer loop
			vertex -0.07549994438886642 0.03060699999332428 0.028504682704806328
			vertex 7.120305411945083e-8 0.020582474768161774 0.028177158907055855
			vertex -0.0005440243985503912 0.020544124767184258 0.02817590720951557
		endloop
	endfacet
	facet normal -1.2302734888617548e-7 0.0326537831264817 -0.9994667230315943
		outer loop
			vertex -0.07549994438886642 0.03060699999332428 0.028504682704806328
			vertex -0.0005440243985503912 0.020544124767184258 0.02817590720951557
			vertex -0.0010781136807054281 0.02043198049068451 0.028172243386507034
		endloop
	endfacet
	facet normal 5.1179259309795906e-8 0.03265505594469179 -0.9994666814462835
		outer loop
			vertex -0.07549994438886642 0.03060699999332428 0.028504682704806328
			vertex -0.0010781136807054281 0.02043198049068451 0.028172243386507034
			vertex -0.018212629482150078 0.01828479766845703 0.0281020887196064
		endloop
	endfacet
	facet normal 0.9927088007265341 0.12047300031939076 0.003936134414700504
		outer loop
			vertex -0.01926444284617901 0.01620754785835743 0.03803955763578415
			vertex -0.01922769844532013 0.016215315088629723 0.028534742072224617
			vertex -0.01926444284617901 0.016517769545316696 0.028544623404741287
		endloop
	endfacet
	facet normal 0.9350158810015532 0.3544167267120692 0.011579555327907665
		outer loop
			vertex -0.01922769844532013 0.015905095264315605 0.03802967444062233
			vertex -0.01911960169672966 0.01593044027686119 0.02852543443441391
			vertex -0.01922769844532013 0.016215315088629723 0.028534742072224617
		endloop
	endfacet
	facet normal 0.9927087148945839 0.12047370757254687 0.003936134660844632
		outer loop
			vertex -0.01922769844532013 0.015905095264315605 0.03802967444062233
			vertex -0.01922769844532013 0.016215315088629723 0.028534742072224617
			vertex -0.01926444284617901 0.01620754785835743 0.03803955763578415
		endloop
	endfacet
	facet normal 0.8229847648195252 0.5677604883076525 0.018550061768281653
		outer loop
			vertex -0.01911960169672966 0.015620218589901924 0.03802036866545677
			vertex -0.018946435302495956 0.015679698437452316 0.028517240658402443
			vertex -0.01911960169672966 0.01593044027686119 0.02852543443441391
		endloop
	endfacet
	facet normal 0.9350166238384845 0.3544147668614613 0.011579558550239882
		outer loop
			vertex -0.01911960169672966 0.015620218589901924 0.03802036866545677
			vertex -0.01911960169672966 0.01593044027686119 0.02852543443441391
			vertex -0.01922769844532013 0.015905095264315605 0.03802967444062233
		endloop
	endfacet
	facet normal 0.6631237499452947 0.748110590527627 0.024442516214496116
		outer loop
			vertex -0.018946435302495956 0.01536947675049305 0.038012176752090454
			vertex -0.018718261271715164 0.015477661043405533 0.028510641306638718
			vertex -0.018946435302495956 0.015679698437452316 0.028517240658402443
		endloop
	endfacet
	facet normal 0.8229847004314199 0.5677605816592511 0.01855006117928431
		outer loop
			vertex -0.018946435302495956 0.01536947675049305 0.038012176752090454
			vertex -0.018946435302495956 0.015679698437452316 0.028517240658402443
			vertex -0.01911960169672966 0.015620218589901924 0.03802036866545677
		endloop
	endfacet
	facet normal 0.46472504029521505 0.884982822511035 0.0289143698359996
		outer loop
			vertex -0.018718261271715164 0.01516744028776884 0.03800557553768158
			vertex -0.018448341637849808 0.015336071141064167 0.028506014496088028
			vertex -0.018718261271715164 0.015477661043405533 0.028510641306638718
		endloop
	endfacet
	facet normal 0.6631221509491653 0.7481120085986377 0.02444249396163144
		outer loop
			vertex -0.018718261271715164 0.01516744028776884 0.03800557553768158
			vertex -0.018718261271715164 0.015477661043405533 0.028510641306638718
			vertex -0.018946435302495956 0.01536947675049305 0.038012176752090454
		endloop
	endfacet
	facet normal 0.23931461125458156 0.9704242632245752 0.031705932963860345
		outer loop
			vertex -0.018448341637849808 0.015025850385427475 0.03800094872713089
			vertex -0.01815236173570156 0.015263157896697521 0.02850363217294216
			vertex -0.018448341637849808 0.015336071141064167 0.028506014496088028
		endloop
	endfacet
	facet normal 0.46472504029521505 0.884982822511035 0.0289143698359996
		outer loop
			vertex -0.018448341637849808 0.015025850385427475 0.03800094872713089
			vertex -0.018448341637849808 0.015336071141064167 0.028506014496088028
			vertex -0.018718261271715164 0.01516744028776884 0.03800557553768158
		endloop
	endfacet
	facet normal 0 0.9994666891409204 0.03265482043568484
		outer loop
			vertex -0.01815236173570156 0.01495293714106083 0.037998564541339874
			vertex -0.01784752495586872 0.015263157896697521 0.02850363217294216
			vertex -0.01815236173570156 0.015263157896697521 0.02850363217294216
		endloop
	endfacet
	facet normal 0.2393147993573307 0.9704242166833354 0.03170593766308746
		outer loop
			vertex -0.01815236173570156 0.01495293714106083 0.037998564541339874
			vertex -0.01815236173570156 0.015263157896697521 0.02850363217294216
			vertex -0.018448341637849808 0.015025850385427475 0.03800094872713089
		endloop
	endfacet
	facet normal -0.23931461125458328 0.9704242630215758 0.0317059391770618
		outer loop
			vertex -0.01784752495586872 0.01495293714106083 0.037998564541339874
			vertex -0.017551545053720474 0.015336071141064167 0.028506014496088028
			vertex -0.01784752495586872 0.015263157896697521 0.02850363217294216
		endloop
	endfacet
	facet normal 0 0.9994666891409204 0.03265482043568484
		outer loop
			vertex -0.01784752495586872 0.01495293714106083 0.037998564541339874
			vertex -0.01784752495586872 0.015263157896697521 0.02850363217294216
			vertex -0.01815236173570156 0.01495293714106083 0.037998564541339874
		endloop
	endfacet
	facet normal -0.46472504029521505 0.884982822511035 0.0289143698359996
		outer loop
			vertex -0.017551545053720474 0.015025850385427475 0.03800094872713089
			vertex -0.017281625419855118 0.015477661043405533 0.028510641306638718
			vertex -0.017551545053720474 0.015336071141064167 0.028506014496088028
		endloop
	endfacet
	facet normal -0.23931479935729216 0.9704242168863442 0.03170593144988661
		outer loop
			vertex -0.017551545053720474 0.015025850385427475 0.03800094872713089
			vertex -0.017551545053720474 0.015336071141064167 0.028506014496088028
			vertex -0.01784752495586872 0.01495293714106083 0.037998564541339874
		endloop
	endfacet
	facet normal -0.6631237499455758 0.748110592765798 0.024442447703203245
		outer loop
			vertex -0.017281625419855118 0.01516744028776884 0.03800557553768158
			vertex -0.017053451389074326 0.015679698437452316 0.028517240658402443
			vertex -0.017281625419855118 0.015477661043405533 0.028510641306638718
		endloop
	endfacet
	facet normal -0.46472504029521505 0.884982822511035 0.0289143698359996
		outer loop
			vertex -0.017281625419855118 0.01516744028776884 0.03800557553768158
			vertex -0.017281625419855118 0.015477661043405533 0.028510641306638718
			vertex -0.017551545053720474 0.015025850385427475 0.03800094872713089
		endloop
	endfacet
	facet normal -0.8229847648195154 0.567760488426435 0.018550058133150957
		outer loop
			vertex -0.017053451389074326 0.01536947675049305 0.038012176752090454
			vertex -0.016880284994840622 0.01593044027686119 0.02852543443441391
			vertex -0.017053451389074326 0.015679698437452316 0.028517240658402443
		endloop
	endfacet
	facet normal -0.6631221509492027 0.7481120063601803 0.02444256247304476
		outer loop
			vertex -0.017053451389074326 0.01536947675049305 0.038012176752090454
			vertex -0.017053451389074326 0.015679698437452316 0.028517240658402443
			vertex -0.017281625419855118 0.01516744028776884 0.03800557553768158
		endloop
	endfacet
	facet normal -0.8229847004314171 0.5677605815404869 0.0185500648144162
		outer loop
			vertex -0.016880284994840622 0.015620218589901924 0.03802036866545677
			vertex -0.016880284994840622 0.01593044027686119 0.02852543443441391
			vertex -0.017053451389074326 0.01536947675049305 0.038012176752090454
		endloop
	endfacet
	facet normal -0.9350158810015641 0.35441672451700457 0.011579622511420692
		outer loop
			vertex -0.016880284994840622 0.015620218589901924 0.03802036866545677
			vertex -0.016772188246250153 0.016215315088629723 0.028534742072224617
			vertex -0.016880284994840622 0.01593044027686119 0.02852543443441391
		endloop
	endfacet
	facet normal -0.9350166238386239 0.35441476905611763 0.011579491367085007
		outer loop
			vertex -0.016772188246250153 0.015905095264315605 0.03802967444062233
			vertex -0.016772188246250153 0.016215315088629723 0.028534742072224617
			vertex -0.016880284994840622 0.015620218589901924 0.03802036866545677
		endloop
	endfacet
	facet normal -0.9927088007265389 0.12047300106548575 0.003936111577742207
		outer loop
			vertex -0.016772188246250153 0.015905095264315605 0.03802967444062233
			vertex -0.016735443845391273 0.016517769545316696 0.028544623404741287
			vertex -0.016772188246250153 0.016215315088629723 0.028534742072224617
		endloop
	endfacet
	facet normal -0.9927087148945966 0.12047370682630454 0.003936157497932183
		outer loop
			vertex -0.016735443845391273 0.01620754785835743 0.03803955763578415
			vertex -0.016735443845391273 0.016517769545316696 0.028544623404741287
			vertex -0.016772188246250153 0.015905095264315605 0.03802967444062233
		endloop
	endfacet
	facet normal -0.9927087119955215 -0.12047373068933612 -0.003936158277593183
		outer loop
			vertex -0.016735443845391273 0.01620754785835743 0.03803955763578415
			vertex -0.016772188246250153 0.01682022213935852 0.028554504737257957
			vertex -0.016735443845391273 0.016517769545316696 0.028544623404741287
		endloop
	endfacet
	facet normal -0.992708709096444 -0.12047375452718145 -0.003936159828597671
		outer loop
			vertex -0.016772188246250153 0.016510000452399254 0.03804943710565567
			vertex -0.016772188246250153 0.01682022213935852 0.028554504737257957
			vertex -0.016735443845391273 0.01620754785835743 0.03803955763578415
		endloop
	endfacet
	facet normal -0.9350166489282353 -0.35441470066614666 -0.011579558659075454
		outer loop
			vertex -0.016772188246250153 0.016510000452399254 0.03804943710565567
			vertex -0.016880284994840622 0.0171050988137722 0.028563812375068665
			vertex -0.016772188246250153 0.01682022213935852 0.028554504737257957
		endloop
	endfacet
	facet normal -0.9350166740179718 -0.3544146346191338 -0.011579554229574051
		outer loop
			vertex -0.016880284994840622 0.016794877126812935 0.038058746606111526
			vertex -0.016880284994840622 0.0171050988137722 0.028563812375068665
			vertex -0.016772188246250153 0.016510000452399254 0.03804943710565567
		endloop
	endfacet
	facet normal -0.8229847004314171 -0.5677605815404869 -0.0185500648144162
		outer loop
			vertex -0.016880284994840622 0.016794877126812935 0.038058746606111526
			vertex -0.017053451389074326 0.017355840653181076 0.028572004288434982
			vertex -0.016880284994840622 0.0171050988137722 0.028563812375068665
		endloop
	endfacet
	facet normal -0.8229847004314171 -0.5677605815404869 -0.0185500648144162
		outer loop
			vertex -0.017053451389074326 0.01704561896622181 0.038066938519477844
			vertex -0.017053451389074326 0.017355840653181076 0.028572004288434982
			vertex -0.016880284994840622 0.016794877126812935 0.038058746606111526
		endloop
	endfacet
	facet normal -0.6631204401522731 -0.7481135210236443 -0.024442616755598258
		outer loop
			vertex -0.017053451389074326 0.01704561896622181 0.038066938519477844
			vertex -0.017281625419855118 0.01755787618458271 0.028578605502843857
			vertex -0.017053451389074326 0.017355840653181076 0.028572004288434982
		endloop
	endfacet
	facet normal -0.6631238617356726 -0.7481104961758341 -0.024442371168033303
		outer loop
			vertex -0.017281625419855118 0.017247656360268593 0.03807353973388672
			vertex -0.017281625419855118 0.01755787618458271 0.028578605502843857
			vertex -0.017053451389074326 0.01704561896622181 0.038066938519477844
		endloop
	endfacet
	facet normal -0.46472264623819937 -0.8849840811743734 -0.028914324154570906
		outer loop
			vertex -0.017551545053720474 0.017389245331287384 0.03807816654443741
			vertex -0.017281625419855118 0.01755787618458271 0.028578605502843857
			vertex -0.017281625419855118 0.017247656360268593 0.03807353973388672
		endloop
	endfacet
	facet normal -0.46472743434202 -0.8849815638448005 -0.02891441551708676
		outer loop
			vertex -0.017551545053720474 0.017389245331287384 0.03807816654443741
			vertex -0.017551545053720474 0.01769946701824665 0.028583232313394547
			vertex -0.017281625419855118 0.01755787618458271 0.028578605502843857
		endloop
	endfacet
	facet normal -0.23931461125460604 -0.9704242601179646 -0.03170602804764538
		outer loop
			vertex -0.017551545053720474 0.017389245331287384 0.03807816654443741
			vertex -0.01784752495586872 0.017772380262613297 0.028585614636540413
			vertex -0.017551545053720474 0.01769946701824665 0.028583232313394547
		endloop
	endfacet
	facet normal -0.23931442315126905 -0.9704243062533108 -0.031706035774847784
		outer loop
			vertex -0.01784752495586872 0.01746215857565403 0.038080547004938126
			vertex -0.01784752495586872 0.017772380262613297 0.028585614636540413
			vertex -0.017551545053720474 0.017389245331287384 0.03807816654443741
		endloop
	endfacet
	facet normal 0 -0.9994666859413415 -0.03265491836511449
		outer loop
			vertex -0.01815236173570156 0.01746215857565403 0.038080547004938126
			vertex -0.01784752495586872 0.017772380262613297 0.028585614636540413
			vertex -0.01784752495586872 0.01746215857565403 0.038080547004938126
		endloop
	endfacet
	facet normal 0 -0.9994666859413415 -0.03265491836511449
		outer loop
			vertex -0.01815236173570156 0.01746215857565403 0.038080547004938126
			vertex -0.01815236173570156 0.017772380262613297 0.028585614636540413
			vertex -0.01784752495586872 0.017772380262613297 0.028585614636540413
		endloop
	endfacet
	facet normal 0.2393146112546075 -0.9704242599149636 -0.031706034260865414
		outer loop
			vertex -0.01815236173570156 0.01746215857565403 0.038080547004938126
			vertex -0.018448341637849808 0.01769946701824665 0.028583232313394547
			vertex -0.01815236173570156 0.017772380262613297 0.028585614636540413
		endloop
	endfacet
	facet normal 0.23931442315130438 -0.9704243064563025 -0.03170602956162715
		outer loop
			vertex -0.018448341637849808 0.017389245331287384 0.03807816654443741
			vertex -0.018448341637849808 0.01769946701824665 0.028583232313394547
			vertex -0.01815236173570156 0.01746215857565403 0.038080547004938126
		endloop
	endfacet
	facet normal 0.46472743434202 -0.8849815638448005 -0.02891441551708676
		outer loop
			vertex -0.018448341637849808 0.017389245331287384 0.03807816654443741
			vertex -0.018718261271715164 0.01755787618458271 0.028578605502843857
			vertex -0.018448341637849808 0.01769946701824665 0.028583232313394547
		endloop
	endfacet
	facet normal 0.46472264623819937 -0.8849840811743734 -0.028914324154570906
		outer loop
			vertex -0.018718261271715164 0.017247656360268593 0.03807353973388672
			vertex -0.018718261271715164 0.01755787618458271 0.028578605502843857
			vertex -0.018448341637849808 0.017389245331287384 0.03807816654443741
		endloop
	endfacet
	facet normal 0.6631238617356726 -0.7481104961758341 -0.024442371168033303
		outer loop
			vertex -0.018946435302495956 0.01704561896622181 0.038066938519477844
			vertex -0.018718261271715164 0.01755787618458271 0.028578605502843857
			vertex -0.018718261271715164 0.017247656360268593 0.03807353973388672
		endloop
	endfacet
	facet normal 0.6631204401522731 -0.7481135210236443 -0.024442616755598258
		outer loop
			vertex -0.018946435302495956 0.01704561896622181 0.038066938519477844
			vertex -0.018946435302495956 0.017355840653181076 0.028572004288434982
			vertex -0.018718261271715164 0.01755787618458271 0.028578605502843857
		endloop
	endfacet
	facet normal 0.8229847004314171 -0.5677605815404869 -0.0185500648144162
		outer loop
			vertex -0.01911960169672966 0.016794877126812935 0.038058746606111526
			vertex -0.01911960169672966 0.0171050988137722 0.028563812375068665
			vertex -0.018946435302495956 0.017355840653181076 0.028572004288434982
		endloop
	endfacet
	facet normal 0.8229847004314171 -0.5677605815404869 -0.0185500648144162
		outer loop
			vertex -0.01911960169672966 0.016794877126812935 0.038058746606111526
			vertex -0.018946435302495956 0.017355840653181076 0.028572004288434982
			vertex -0.018946435302495956 0.01704561896622181 0.038066938519477844
		endloop
	endfacet
	facet normal 0.9350166489282352 -0.3544147007402861 -0.011579556389906591
		outer loop
			vertex -0.01911960169672966 0.016794877126812935 0.038058746606111526
			vertex -0.01922769844532013 0.01682022213935852 0.028554504737257957
			vertex -0.01911960169672966 0.0171050988137722 0.028563812375068665
		endloop
	endfacet
	facet normal 0.9927087119955214 -0.1204737306641358 -0.003936159048936059
		outer loop
			vertex -0.01922769844532013 0.016510000452399254 0.03804943710565567
			vertex -0.01926444284617901 0.016517769545316696 0.028544623404741287
			vertex -0.01922769844532013 0.01682022213935852 0.028554504737257957
		endloop
	endfacet
	facet normal 0.9350166740179771 -0.3544146345449815 -0.011579556498742068
		outer loop
			vertex -0.01922769844532013 0.016510000452399254 0.03804943710565567
			vertex -0.01922769844532013 0.01682022213935852 0.028554504737257957
			vertex -0.01911960169672966 0.016794877126812935 0.038058746606111526
		endloop
	endfacet
	facet normal 0.9927087090964447 -0.12047375455237709 -0.003936159057254489
		outer loop
			vertex -0.01926444284617901 0.01620754785835743 0.03803955763578415
			vertex -0.01926444284617901 0.016517769545316696 0.028544623404741287
			vertex -0.01922769844532013 0.016510000452399254 0.03804943710565567
		endloop
	endfacet
	facet normal 0.9865548823097582 0.12335970147951081 -0.10720003844059456
		outer loop
			vertex 0.01676012948155403 0.01621595025062561 0.02842344157397747
			vertex 0.016723020002245903 0.016521401703357697 0.02843342162668705
			vertex 0.016735557466745377 0.016517769545316696 0.028544623404741287
		endloop
	endfacet
	facet normal 0.9865588762889542 0.12334982883247696 -0.1071746394557712
		outer loop
			vertex 0.01676012948155403 0.01621595025062561 0.02842344157397747
			vertex 0.016735557466745377 0.016517769545316696 0.028544623404741287
			vertex 0.016772300004959106 0.016215315088629723 0.028534742072224617
		endloop
	endfacet
	facet normal 0.9377462745114864 0.12451545369812904 -0.3242342153909378
		outer loop
			vertex 0.016724223271012306 0.016210556030273438 0.0283175278455019
			vertex 0.01668604090809822 0.01652485318481922 0.02832779660820961
			vertex 0.016723020002245903 0.016521401703357697 0.02843342162668705
		endloop
	endfacet
	facet normal 0.9377405061208639 0.12452087507022447 -0.3242488162691299
		outer loop
			vertex 0.016724223271012306 0.016210556030273438 0.0283175278455019
			vertex 0.016723020002245903 0.016521401703357697 0.02843342162668705
			vertex 0.01676012948155403 0.01621595025062561 0.02842344157397747
		endloop
	endfacet
	facet normal 0.8422890186413015 0.11949832468394175 -0.5256133174435409
		outer loop
			vertex 0.016666386276483536 0.016199404373764992 0.028222309425473213
			vertex 0.01668604090809822 0.01652485318481922 0.02832779660820961
			vertex 0.016724223271012306 0.016210556030273438 0.0283175278455019
		endloop
	endfacet
	facet normal 0.8422826439120904 0.11950176706357533 -0.525622750109945
		outer loop
			vertex 0.016666386276483536 0.016199404373764992 0.028222309425473213
			vertex 0.016626471653580666 0.016527948901057243 0.02823304384946823
			vertex 0.01668604090809822 0.01652485318481922 0.02832779660820961
		endloop
	endfacet
	facet normal 0.7045203113731076 0.10850490598727265 -0.7013400147142844
		outer loop
			vertex 0.016589516773819923 0.016183052211999893 0.02814256213605404
			vertex 0.016547301784157753 0.016530534252524376 0.0281539149582386
			vertex 0.016626471653580666 0.016527948901057243 0.02823304384946823
		endloop
	endfacet
	facet normal 0.7045172410682004 0.10850599969851393 -0.7013429297191763
		outer loop
			vertex 0.016589516773819923 0.016183052211999893 0.02814256213605404
			vertex 0.016626471653580666 0.016527948901057243 0.02823304384946823
			vertex 0.016666386276483536 0.016199404373764992 0.028222309425473213
		endloop
	endfacet
	facet normal 0.9292215473814618 0.35585022123573784 -0.09958883435645968
		outer loop
			vertex 0.01686929725110531 0.015928249806165695 0.02841404266655445
			vertex 0.016772300004959106 0.016215315088629723 0.028534742072224617
			vertex 0.016880396753549576 0.01593044027686119 0.02852543443441391
		endloop
	endfacet
	facet normal 0.9292240314813918 0.3558466620833425 -0.09957837316211457
		outer loop
			vertex 0.01686929725110531 0.015928249806165695 0.02841404266655445
			vertex 0.01676012948155403 0.01621595025062561 0.02842344157397747
			vertex 0.016772300004959106 0.016215315088629723 0.028534742072224617
		endloop
	endfacet
	facet normal 0.5309172459181392 0.09202478533825922 -0.8424122012828078
		outer loop
			vertex 0.016497468575835228 0.016162322834134102 0.028082285076379776
			vertex 0.016452498733997345 0.016532478854060173 0.028094379231333733
			vertex 0.016547301784157753 0.016530534252524376 0.0281539149582386
		endloop
	endfacet
	facet normal 0.5309216167196025 0.09202368138605167 -0.8424095672319979
		outer loop
			vertex 0.016497468575835228 0.016162322834134102 0.028082285076379776
			vertex 0.016547301784157753 0.016530534252524376 0.0281539149582386
			vertex 0.016589516773819923 0.016183052211999893 0.02814256213605404
		endloop
	endfacet
	facet normal 0.8832422554584668 0.34550871964520535 -0.3170281420028381
		outer loop
			vertex 0.016836553812026978 0.01591452583670616 0.028307856991887093
			vertex 0.016724223271012306 0.016210556030273438 0.0283175278455019
			vertex 0.01676012948155403 0.01621595025062561 0.02842344157397747
		endloop
	endfacet
	facet normal 0.8832489709390805 0.3455048605764572 -0.3170136379607324
		outer loop
			vertex 0.016836553812026978 0.01591452583670616 0.028307856991887093
			vertex 0.01676012948155403 0.01621595025062561 0.02842344157397747
			vertex 0.01686929725110531 0.015928249806165695 0.02841404266655445
		endloop
	endfacet
	facet normal 0.11196147860099115 0.04603795957792745 -0.9926455226249606
		outer loop
			vertex 0.016394857317209244 0.01613825187087059 0.028044499456882477
			vertex 0.016286829486489296 0.01611204817891121 0.02803109958767891
			vertex 0.016235556453466415 0.016534095630049706 0.028044890612363815
		endloop
	endfacet
	facet normal 0.11194200192061388 0.04603012403527413 -0.9926480825989151
		outer loop
			vertex 0.016394857317209244 0.01613825187087059 0.028044499456882477
			vertex 0.016235556453466415 0.016534095630049706 0.028044890612363815
			vertex 0.016346817836165428 0.016533687710762024 0.028057418763637543
		endloop
	endfacet
	facet normal 0.3300212782338727 0.07084623143525288 -0.9413111958349923
		outer loop
			vertex 0.016394857317209244 0.01613825187087059 0.028044499456882477
			vertex 0.016346817836165428 0.016533687710762024 0.028057418763637543
			vertex 0.016452498733997345 0.016532478854060173 0.028094379231333733
		endloop
	endfacet
	facet normal 0.33001036364774605 0.07084829183411998 -0.9413148673155386
		outer loop
			vertex 0.016394857317209244 0.01613825187087059 0.028044499456882477
			vertex 0.016452498733997345 0.016532478854060173 0.028094379231333733
			vertex 0.016497468575835228 0.016162322834134102 0.028082285076379776
		endloop
	endfacet
	facet normal 0.7933388961356083 0.3179938472279249 -0.5191274496725422
		outer loop
			vertex 0.016783807426691055 0.015889953821897507 0.028212198987603188
			vertex 0.016666386276483536 0.016199404373764992 0.028222309425473213
			vertex 0.016724223271012306 0.016210556030273438 0.0283175278455019
		endloop
	endfacet
	facet normal 0.793334304830179 0.3179950558460804 -0.5191337257750311
		outer loop
			vertex 0.016783807426691055 0.015889953821897507 0.028212198987603188
			vertex 0.016724223271012306 0.016210556030273438 0.0283175278455019
			vertex 0.016836553812026978 0.01591452583670616 0.028307856991887093
		endloop
	endfacet
	facet normal 0.6635768228015807 0.2745316247596784 -0.695915359255255
		outer loop
			vertex 0.016713706776499748 0.015855764970183372 0.028131868690252304
			vertex 0.016666386276483536 0.016199404373764992 0.028222309425473213
			vertex 0.016783807426691055 0.015889953821897507 0.028212198987603188
		endloop
	endfacet
	facet normal 0.6635724829553136 0.2745320700171157 -0.6959193217583757
		outer loop
			vertex 0.016713706776499748 0.015855764970183372 0.028131868690252304
			vertex 0.016589516773819923 0.016183052211999893 0.02814256213605404
			vertex 0.016666386276483536 0.016199404373764992 0.028222309425473213
		endloop
	endfacet
	facet normal 0.8178842974792659 0.5678720313807522 -0.09266408102574636
		outer loop
			vertex 0.017044181004166603 0.015675021335482597 0.028405768796801567
			vertex 0.01686929725110531 0.015928249806165695 0.02841404266655445
			vertex 0.016880396753549576 0.01593044027686119 0.02852543443441391
		endloop
	endfacet
	facet normal 0.8178800309758794 0.5678758820304189 -0.09267813948860176
		outer loop
			vertex 0.017044181004166603 0.015675021335482597 0.028405768796801567
			vertex 0.016880396753549576 0.01593044027686119 0.02852543443441391
			vertex 0.01705356501042843 0.015679698437452316 0.028517240658402443
		endloop
	endfacet
	facet normal 0.5000677230619912 0.2171408037358932 -0.8383210266386774
		outer loop
			vertex 0.016629761084914207 0.01581367664039135 0.02807089313864708
			vertex 0.016497468575835228 0.016162322834134102 0.028082285076379776
			vertex 0.016589516773819923 0.016183052211999893 0.02814256213605404
		endloop
	endfacet
	facet normal 0.5000632410598316 0.21714083269758178 -0.8383236926844773
		outer loop
			vertex 0.016629761084914207 0.01581367664039135 0.02807089313864708
			vertex 0.016589516773819923 0.016183052211999893 0.02814256213605404
			vertex 0.016713706776499748 0.015855764970183372 0.028131868690252304
		endloop
	endfacet
	facet normal 0.7774187158786859 0.5470419811904425 -0.31042746498460916
		outer loop
			vertex 0.01701650209724903 0.01565396413207054 0.028299342840909958
			vertex 0.016836553812026978 0.01591452583670616 0.028307856991887093
			vertex 0.01686929725110531 0.015928249806165695 0.02841404266655445
		endloop
	endfacet
	facet normal 0.7774198544139209 0.5470416465102522 -0.31042520346516733
		outer loop
			vertex 0.01701650209724903 0.01565396413207054 0.028299342840909958
			vertex 0.01686929725110531 0.015928249806165695 0.02841404266655445
			vertex 0.017044181004166603 0.015675021335482597 0.028405768796801567
		endloop
	endfacet
	facet normal 0.31082640709958664 0.1486162265288243 -0.93877588478928
		outer loop
			vertex 0.016536185517907143 0.015765797346830368 0.02803233079612255
			vertex 0.016497468575835228 0.016162322834134102 0.028082285076379776
			vertex 0.016629761084914207 0.01581367664039135 0.02807089313864708
		endloop
	endfacet
	facet normal 0.1054487858522547 0.072413391567144 -0.9917846814122655
		outer loop
			vertex 0.016536185517907143 0.015765797346830368 0.02803233079612255
			vertex 0.016437670215964317 0.015714529901742935 0.02801811322569847
			vertex 0.016286829486489296 0.01611204817891121 0.02803109958767891
		endloop
	endfacet
	facet normal 0.3108315779471529 0.14861651007131935 -0.9387741278311331
		outer loop
			vertex 0.016536185517907143 0.015765797346830368 0.02803233079612255
			vertex 0.016394857317209244 0.01613825187087059 0.028044499456882477
			vertex 0.016497468575835228 0.016162322834134102 0.028082285076379776
		endloop
	endfacet
	facet normal 0.10545563017723421 0.07241832444526375 -0.9917835935063974
		outer loop
			vertex 0.016536185517907143 0.015765797346830368 0.02803233079612255
			vertex 0.016286829486489296 0.01611204817891121 0.02803109958767891
			vertex 0.016394857317209244 0.01613825187087059 0.028044499456882477
		endloop
	endfacet
	facet normal 0.6982796166973289 0.4990115148844293 -0.5132183598798651
		outer loop
			vertex 0.01697191409766674 0.015617580153048038 0.02820330113172531
			vertex 0.016783807426691055 0.015889953821897507 0.028212198987603188
			vertex 0.016836553812026978 0.01591452583670616 0.028307856991887093
		endloop
	endfacet
	facet normal 0.6982764535141377 0.49901156961171916 -0.5132226104346601
		outer loop
			vertex 0.01697191409766674 0.015617580153048038 0.02820330113172531
			vertex 0.016836553812026978 0.01591452583670616 0.028307856991887093
			vertex 0.01701650209724903 0.01565396413207054 0.028299342840909958
		endloop
	endfacet
	facet normal 0.5840682342721499 0.4259415882947306 -0.6909689291677124
		outer loop
			vertex 0.016912654042243958 0.015567692928016186 0.02812245674431324
			vertex 0.016783807426691055 0.015889953821897507 0.028212198987603188
			vertex 0.01697191409766674 0.015617580153048038 0.02820330113172531
		endloop
	endfacet
	facet normal 0.5840663829245131 0.4259413284818856 -0.6909706542455784
		outer loop
			vertex 0.016912654042243958 0.015567692928016186 0.02812245674431324
			vertex 0.016713706776499748 0.015855764970183372 0.028131868690252304
			vertex 0.016783807426691055 0.015889953821897507 0.028212198987603188
		endloop
	endfacet
	facet normal 0.6590086194758713 0.7471072379183181 -0.08682404336684718
		outer loop
			vertex 0.01727461814880371 0.015470982529222965 0.02839910238981247
			vertex 0.017044181004166603 0.015675021335482597 0.028405768796801567
			vertex 0.01705356501042843 0.015679698437452316 0.028517240658402443
		endloop
	endfacet
	facet normal 0.6590147414763113 0.7471038619630292 -0.08680662392258741
		outer loop
			vertex 0.01727461814880371 0.015470982529222965 0.02839910238981247
			vertex 0.01705356501042843 0.015679698437452316 0.028517240658402443
			vertex 0.01728173904120922 0.015477661043405533 0.028510641306638718
		endloop
	endfacet
	facet normal 0.440148267608877 0.3312404350253732 -0.8345952772003361
		outer loop
			vertex 0.016841692849993706 0.01550680585205555 0.02806086838245392
			vertex 0.016629761084914207 0.01581367664039135 0.02807089313864708
			vertex 0.016713706776499748 0.015855764970183372 0.028131868690252304
		endloop
	endfacet
	facet normal 0.4401454318619552 0.3312397542282458 -0.8345970429074526
		outer loop
			vertex 0.016841692849993706 0.01550680585205555 0.02806086838245392
			vertex 0.016713706776499748 0.015855764970183372 0.028131868690252304
			vertex 0.016912654042243958 0.015567692928016186 0.02812245674431324
		endloop
	endfacet
	facet normal 0.6264079051368421 0.7174079950642818 -0.304858827984234
		outer loop
			vertex 0.017253611236810684 0.015444016084074974 0.02829248271882534
			vertex 0.01701650209724903 0.01565396413207054 0.028299342840909958
			vertex 0.017044181004166603 0.015675021335482597 0.028405768796801567
		endloop
	endfacet
	facet normal 0.6264039801853726 0.7174081791708565 -0.30486645939932405
		outer loop
			vertex 0.017253611236810684 0.015444016084074974 0.02829248271882534
			vertex 0.017044181004166603 0.015675021335482597 0.028405768796801567
			vertex 0.01727461814880371 0.015470982529222965 0.02839910238981247
		endloop
	endfacet
	facet normal 0.09281060810437501 0.09647809826224892 -0.9909985709268184
		outer loop
			vertex 0.016762588173151016 0.015437970869243145 0.028021618723869324
			vertex 0.0166793093085289 0.015364640392363071 0.02800668030977249
			vertex 0.016437670215964317 0.015714529901742935 0.02801811322569847
		endloop
	endfacet
	facet normal 0.2735821402474545 0.21954033887122543 -0.9364586761549759
		outer loop
			vertex 0.016762588173151016 0.015437970869243145 0.028021618723869324
			vertex 0.016536185517907143 0.015765797346830368 0.02803233079612255
			vertex 0.016629761084914207 0.01581367664039135 0.02807089313864708
		endloop
	endfacet
	facet normal 0.09281148108428727 0.09647912619563732 -0.9909983890942847
		outer loop
			vertex 0.016762588173151016 0.015437970869243145 0.028021618723869324
			vertex 0.016437670215964317 0.015714529901742935 0.02801811322569847
			vertex 0.016536185517907143 0.015765797346830368 0.02803233079612255
		endloop
	endfacet
	facet normal 0.273599626483437 0.21954568651814285 -0.9364523137455539
		outer loop
			vertex 0.016762588173151016 0.015437970869243145 0.028021618723869324
			vertex 0.016629761084914207 0.01581367664039135 0.02807089313864708
			vertex 0.016841692849993706 0.01550680585205555 0.02806086838245392
		endloop
	endfacet
	facet normal 0.5626384441910068 0.6520336210906948 -0.5082225281170438
		outer loop
			vertex 0.017219772562384605 0.015398113988339901 0.028196129947900772
			vertex 0.01701650209724903 0.01565396413207054 0.028299342840909958
			vertex 0.017253611236810684 0.015444016084074974 0.02829248271882534
		endloop
	endfacet
	facet normal 0.5626387638717825 0.652033694373956 -0.5082220801872774
		outer loop
			vertex 0.017219772562384605 0.015398113988339901 0.028196129947900772
			vertex 0.01697191409766674 0.015617580153048038 0.02820330113172531
			vertex 0.01701650209724903 0.01565396413207054 0.028299342840909958
		endloop
	endfacet
	facet normal 0.4706059750088377 0.5539297201089889 -0.6867982829521041
		outer loop
			vertex 0.017174797132611275 0.01533557754009962 0.02811487391591072
			vertex 0.01697191409766674 0.015617580153048038 0.02820330113172531
			vertex 0.017219772562384605 0.015398113988339901 0.028196129947900772
		endloop
	endfacet
	facet normal 0.4706161217883478 0.5539338064106926 -0.686788034278595
		outer loop
			vertex 0.017174797132611275 0.01533557754009962 0.02811487391591072
			vertex 0.016912654042243958 0.015567692928016186 0.02812245674431324
			vertex 0.01697191409766674 0.015617580153048038 0.02820330113172531
		endloop
	endfacet
	facet normal 0.46184456623391706 0.8831280592907802 -0.08236763644481447
		outer loop
			vertex 0.017547212541103363 0.015327989123761654 0.028394430875778198
			vertex 0.01728173904120922 0.015477661043405533 0.028510641306638718
			vertex 0.017551658675074577 0.015336071141064167 0.028506014496088028
		endloop
	endfacet
	facet normal 0.46184612789297336 0.88312762722168 -0.08236351248018053
		outer loop
			vertex 0.017547212541103363 0.015327989123761654 0.028394430875778198
			vertex 0.01727461814880371 0.015470982529222965 0.02839910238981247
			vertex 0.01728173904120922 0.015477661043405533 0.028510641306638718
		endloop
	endfacet
	facet normal 0.35465348730272084 0.42769526221245174 -0.8314431229044119
		outer loop
			vertex 0.01712094247341156 0.015259543433785439 0.028052790090441704
			vertex 0.016912654042243958 0.015567692928016186 0.02812245674431324
			vertex 0.017174797132611275 0.01533557754009962 0.02811487391591072
		endloop
	endfacet
	facet normal 0.3546498510712035 0.42769337454864653 -0.8314456449476204
		outer loop
			vertex 0.01712094247341156 0.015259543433785439 0.028052790090441704
			vertex 0.016841692849993706 0.01550680585205555 0.02806086838245392
			vertex 0.016912654042243958 0.015567692928016186 0.02812245674431324
		endloop
	endfacet
	facet normal 0.4389953660347098 0.846697344015935 -0.3006437696617256
		outer loop
			vertex 0.017534099519252777 0.015296882018446922 0.028287677094340324
			vertex 0.01727461814880371 0.015470982529222965 0.02839910238981247
			vertex 0.017547212541103363 0.015327989123761654 0.028394430875778198
		endloop
	endfacet
	facet normal 0.438996133006678 0.8466974961497127 -0.3006422212846872
		outer loop
			vertex 0.017534099519252777 0.015296882018446922 0.028287677094340324
			vertex 0.017253611236810684 0.015444016084074974 0.02829248271882534
			vertex 0.01727461814880371 0.015470982529222965 0.02839910238981247
		endloop
	endfacet
	facet normal 0.22045515945978875 0.27950516981285606 -0.9344925803426402
		outer loop
			vertex 0.017060909420251846 0.015173823572695255 0.028012989088892937
			vertex 0.016841692849993706 0.01550680585205555 0.02806086838245392
			vertex 0.01712094247341156 0.015259543433785439 0.028052790090441704
		endloop
	endfacet
	facet normal 0.07478583642608963 0.11681615005408505 -0.9903338153151147
		outer loop
			vertex 0.017060909420251846 0.015173823572695255 0.028012989088892937
			vertex 0.01699770614504814 0.015082716010510921 0.027997469529509544
			vertex 0.0166793093085289 0.015364640392363071 0.02800668030977249
		endloop
	endfacet
	facet normal 0.2204533075150531 0.27950406110022596 -0.9344933488442574
		outer loop
			vertex 0.017060909420251846 0.015173823572695255 0.028012989088892937
			vertex 0.016762588173151016 0.015437970869243145 0.028021618723869324
			vertex 0.016841692849993706 0.01550680585205555 0.02806086838245392
		endloop
	endfacet
	facet normal 0.07478478732629268 0.11681404119535917 -0.9903341432891073
		outer loop
			vertex 0.017060909420251846 0.015173823572695255 0.028012989088892937
			vertex 0.0166793093085289 0.015364640392363071 0.02800668030977249
			vertex 0.016762588173151016 0.015437970869243145 0.028021618723869324
		endloop
	endfacet
	facet normal 0.39431214230803746 0.7681698788830753 -0.5044134926875048
		outer loop
			vertex 0.017512977123260498 0.015244310721755028 0.028191104531288147
			vertex 0.017253611236810684 0.015444016084074974 0.02829248271882534
			vertex 0.017534099519252777 0.015296882018446922 0.028287677094340324
		endloop
	endfacet
	facet normal 0.3943026330452238 0.7681650417341955 -0.5044282924570207
		outer loop
			vertex 0.017512977123260498 0.015244310721755028 0.028191104531288147
			vertex 0.017219772562384605 0.015398113988339901 0.028196129947900772
			vertex 0.017253611236810684 0.015444016084074974 0.02829248271882534
		endloop
	endfacet
	facet normal 0.32980522592019235 0.6510648243931064 -0.6836249756947916
		outer loop
			vertex 0.01748490333557129 0.015172909013926983 0.028109559789299965
			vertex 0.017219772562384605 0.015398113988339901 0.028196129947900772
			vertex 0.017512977123260498 0.015244310721755028 0.028191104531288147
		endloop
	endfacet
	facet normal 0.32980651478140405 0.6510657601511589 -0.6836234627092149
		outer loop
			vertex 0.01748490333557129 0.015172909013926983 0.028109559789299965
			vertex 0.017174797132611275 0.01533557754009962 0.02811487391591072
			vertex 0.017219772562384605 0.015398113988339901 0.028196129947900772
		endloop
	endfacet
	facet normal 0.23783142830555346 0.9680399796194112 -0.07959151693861824
		outer loop
			vertex 0.01784612610936165 0.015254353173077106 0.028392024338245392
			vertex 0.017551658675074577 0.015336071141064167 0.028506014496088028
			vertex 0.017847638577222824 0.015263157896697521 0.02850363217294216
		endloop
	endfacet
	facet normal 0.23783130404469346 0.9680399835256186 -0.07959184073836247
		outer loop
			vertex 0.01784612610936165 0.015254353173077106 0.028392024338245392
			vertex 0.017547212541103363 0.015327989123761654 0.028394430875778198
			vertex 0.017551658675074577 0.015336071141064167 0.028506014496088028
		endloop
	endfacet
	facet normal 0.24854212724279823 0.5009003405360338 -0.8290510598488552
		outer loop
			vertex 0.01745128445327282 0.015086258761584759 0.02804712764918804
			vertex 0.01712094247341156 0.015259543433785439 0.028052790090441704
			vertex 0.017174797132611275 0.01533557754009962 0.02811487391591072
		endloop
	endfacet
	facet normal 0.24854572056182755 0.5009035120306171 -0.829048066414605
		outer loop
			vertex 0.01745128445327282 0.015086258761584759 0.02804712764918804
			vertex 0.017174797132611275 0.01533557754009962 0.02811487391591072
			vertex 0.01748490333557129 0.015172909013926983 0.028109559789299965
		endloop
	endfacet
	facet normal 0.22606284516464809 0.9274089762261639 -0.29800701476845
		outer loop
			vertex 0.01784166879951954 0.01522111427038908 0.028285201638936996
			vertex 0.017534099519252777 0.015296882018446922 0.028287677094340324
			vertex 0.017547212541103363 0.015327989123761654 0.028394430875778198
		endloop
	endfacet
	facet normal 0.2260637145119745 0.9274093879320732 -0.29800507404489973
		outer loop
			vertex 0.01784166879951954 0.01522111427038908 0.028285201638936996
			vertex 0.017547212541103363 0.015327989123761654 0.028394430875778198
			vertex 0.01784612610936165 0.015254353173077106 0.028392024338245392
		endloop
	endfacet
	facet normal 0.052410784800573394 0.13225229786173856 -0.9898295001397354
		outer loop
			vertex 0.017413809895515442 0.014988705515861511 0.028006941080093384
			vertex 0.01699770614504814 0.015082716010510921 0.027997469529509544
			vertex 0.017060909420251846 0.015173823572695255 0.028012989088892937
		endloop
	endfacet
	facet normal 0.15449056499532937 0.3250017972176562 -0.9330093767656987
		outer loop
			vertex 0.017413809895515442 0.014988705515861511 0.028006941080093384
			vertex 0.01712094247341156 0.015259543433785439 0.028052790090441704
			vertex 0.01745128445327282 0.015086258761584759 0.02804712764918804
		endloop
	endfacet
	facet normal 0.05240898840416663 0.1322442285539834 -0.9898306733722763
		outer loop
			vertex 0.017413809895515442 0.014988705515861511 0.028006941080093384
			vertex 0.01737435720860958 0.014885139651596546 0.02799101546406746
			vertex 0.01699770614504814 0.015082716010510921 0.027997469529509544
		endloop
	endfacet
	facet normal 0.15449695361937893 0.3250081516814024 -0.9330061053728268
		outer loop
			vertex 0.017413809895515442 0.014988705515861511 0.028006941080093384
			vertex 0.017060909420251846 0.015173823572695255 0.028012989088892937
			vertex 0.01712094247341156 0.015259543433785439 0.028052790090441704
		endloop
	endfacet
	facet normal 0.20305031151143654 0.8406592874399786 -0.5020582968500933
		outer loop
			vertex 0.017834490165114403 0.015165106393396854 0.028188517317175865
			vertex 0.017534099519252777 0.015296882018446922 0.028287677094340324
			vertex 0.01784166879951954 0.01522111427038908 0.028285201638936996
		endloop
	endfacet
	facet normal 0.20305677173339845 0.8406649335972488 -0.5020462298166816
		outer loop
			vertex 0.017834490165114403 0.015165106393396854 0.028188517317175865
			vertex 0.017512977123260498 0.015244310721755028 0.028191104531288147
			vertex 0.017534099519252777 0.015296882018446922 0.028287677094340324
		endloop
	endfacet
	facet normal 0.1698368491176713 0.7116995254766187 -0.681644504208856
		outer loop
			vertex 0.017824945971369743 0.015089140273630619 0.028106821700930595
			vertex 0.01748490333557129 0.015172909013926983 0.028109559789299965
			vertex 0.017512977123260498 0.015244310721755028 0.028191104531288147
		endloop
	endfacet
	facet normal 0.16984295442638092 0.7117068308578641 -0.681635355407841
		outer loop
			vertex 0.017824945971369743 0.015089140273630619 0.028106821700930595
			vertex 0.017512977123260498 0.015244310721755028 0.028191104531288147
			vertex 0.017834490165114403 0.015165106393396854 0.028188517317175865
		endloop
	endfacet
	facet normal 0 0.9969026470509874 -0.07864548494818033
		outer loop
			vertex 0.01815398596227169 0.015254353173077106 0.028392024338245392
			vertex 0.01784612610936165 0.015254353173077106 0.028392024338245392
			vertex 0.017847638577222824 0.015263157896697521 0.02850363217294216
		endloop
	endfacet
	facet normal 0 0.9969026470509875 -0.07864548494818034
		outer loop
			vertex 0.01815398596227169 0.015254353173077106 0.028392024338245392
			vertex 0.017847638577222824 0.015263157896697521 0.02850363217294216
			vertex 0.018152475357055664 0.015263157896697521 0.02850363217294216
		endloop
	endfacet
	facet normal 0.12799265295880843 0.5465999666689078 -0.8275544436628416
		outer loop
			vertex 0.01781351864337921 0.014997024089097977 0.028044212609529495
			vertex 0.01745128445327282 0.015086258761584759 0.02804712764918804
			vertex 0.01748490333557129 0.015172909013926983 0.028109559789299965
		endloop
	endfacet
	facet normal 0.1279885373248778 0.5465939822517233 -0.8275590328669257
		outer loop
			vertex 0.01781351864337921 0.014997024089097977 0.028044212609529495
			vertex 0.01748490333557129 0.015172909013926983 0.028109559789299965
			vertex 0.017824945971369743 0.015089140273630619 0.028106821700930595
		endloop
	endfacet
	facet normal 0 0.9548436567741984 -0.2971087193572026
		outer loop
			vertex 0.0181584432721138 0.01522111427038908 0.028285201638936996
			vertex 0.01784612610936165 0.015254353173077106 0.028392024338245392
			vertex 0.01815398596227169 0.015254353173077106 0.028392024338245392
		endloop
	endfacet
	facet normal 0 0.9548436567741984 -0.2971087193572026
		outer loop
			vertex 0.0181584432721138 0.01522111427038908 0.028285201638936996
			vertex 0.01784166879951954 0.01522111427038908 0.028285201638936996
			vertex 0.01784612610936165 0.015254353173077106 0.028392024338245392
		endloop
	endfacet
	facet normal 0.026987923410981475 0.14188808886121196 -0.989514740784227
		outer loop
			vertex 0.01780078001320362 0.014893376268446445 0.02800382673740387
			vertex 0.017787368968129158 0.014783395454287529 0.027987690642476082
			vertex 0.01737435720860958 0.014885139651596546 0.02799101546406746
		endloop
	endfacet
	facet normal 0.07955893304428095 0.35340414139624826 -0.9320814819621922
		outer loop
			vertex 0.01780078001320362 0.014893376268446445 0.02800382673740387
			vertex 0.017413809895515442 0.014988705515861511 0.028006941080093384
			vertex 0.01745128445327282 0.015086258761584759 0.02804712764918804
		endloop
	endfacet
	facet normal 0.02698812069672539 0.14187973076137342 -0.9895159338486367
		outer loop
			vertex 0.01780078001320362 0.014893376268446445 0.02800382673740387
			vertex 0.01737435720860958 0.014885139651596546 0.02799101546406746
			vertex 0.017413809895515442 0.014988705515861511 0.028006941080093384
		endloop
	endfacet
	facet normal 0.07955838140693278 0.3534032299976816 -0.9320818746092614
		outer loop
			vertex 0.01780078001320362 0.014893376268446445 0.02800382673740387
			vertex 0.01745128445327282 0.015086258761584759 0.02804712764918804
			vertex 0.01781351864337921 0.014997024089097977 0.028044212609529495
		endloop
	endfacet
	facet normal 0 0.8652991907364296 -0.5012557336438958
		outer loop
			vertex 0.018165623769164085 0.015165106393396854 0.028188517317175865
			vertex 0.01784166879951954 0.01522111427038908 0.028285201638936996
			vertex 0.0181584432721138 0.01522111427038908 0.028285201638936996
		endloop
	endfacet
	facet normal 0 0.8652991907364297 -0.5012557336438959
		outer loop
			vertex 0.018165623769164085 0.015165106393396854 0.028188517317175865
			vertex 0.017834490165114403 0.015165106393396854 0.028188517317175865
			vertex 0.01784166879951954 0.01522111427038908 0.028285201638936996
		endloop
	endfacet
	facet normal 0 0.7323199496913004 -0.680960711997492
		outer loop
			vertex 0.018175166100263596 0.015089140273630619 0.028106821700930595
			vertex 0.017834490165114403 0.015165106393396854 0.028188517317175865
			vertex 0.018165623769164085 0.015165106393396854 0.028188517317175865
		endloop
	endfacet
	facet normal 0 0.7323199496913004 -0.680960711997492
		outer loop
			vertex 0.018175166100263596 0.015089140273630619 0.028106821700930595
			vertex 0.017824945971369743 0.015089140273630619 0.028106821700930595
			vertex 0.017834490165114403 0.015165106393396854 0.028188517317175865
		endloop
	endfacet
	facet normal -0.23783141793875578 0.9680403063961619 -0.07958757336208862
		outer loop
			vertex 0.018452899530529976 0.015327989123761654 0.028394430875778198
			vertex 0.01815398596227169 0.015254353173077106 0.028392024338245392
			vertex 0.018152475357055664 0.015263157896697521 0.02850363217294216
		endloop
	endfacet
	facet normal -0.23783152485952944 0.9680402533548993 -0.07958789900213242
		outer loop
			vertex 0.018452899530529976 0.015327989123761654 0.028394430875778198
			vertex 0.018152475357055664 0.015263157896697521 0.02850363217294216
			vertex 0.01844845525920391 0.015336071141064167 0.028506014496088028
		endloop
	endfacet
	facet normal 0 0.5621263511539965 -0.8270513680166994
		outer loop
			vertex 0.018186593428254128 0.014997024089097977 0.028044212609529495
			vertex 0.01781351864337921 0.014997024089097977 0.028044212609529495
			vertex 0.017824945971369743 0.015089140273630619 0.028106821700930595
		endloop
	endfacet
	facet normal 0 0.5621263511539965 -0.8270513680166993
		outer loop
			vertex 0.018186593428254128 0.014997024089097977 0.028044212609529495
			vertex 0.017824945971369743 0.015089140273630619 0.028106821700930595
			vertex 0.018175166100263596 0.015089140273630619 0.028106821700930595
		endloop
	endfacet
	facet normal -0.22606355209490753 0.9274087931458009 -0.29800704825571156
		outer loop
			vertex 0.018466012552380562 0.015296882018446922 0.028287677094340324
			vertex 0.01815398596227169 0.015254353173077106 0.028392024338245392
			vertex 0.018452899530529976 0.015327989123761654 0.028394430875778198
		endloop
	endfacet
	facet normal -0.2260630030055836 0.9274095542753307 -0.2980050961157042
		outer loop
			vertex 0.018466012552380562 0.015296882018446922 0.028287677094340324
			vertex 0.0181584432721138 0.01522111427038908 0.028285201638936996
			vertex 0.01815398596227169 0.015254353173077106 0.028392024338245392
		endloop
	endfacet
	facet normal 0 0.14516328939559048 -0.9894077114172155
		outer loop
			vertex 0.018199332058429718 0.014893376268446445 0.02800382673740387
			vertex 0.01821274310350418 0.014783395454287529 0.027987690642476082
			vertex 0.017787368968129158 0.014783395454287529 0.027987690642476082
		endloop
	endfacet
	facet normal 0 0.1451632893955905 -0.9894077114172156
		outer loop
			vertex 0.018199332058429718 0.014893376268446445 0.02800382673740387
			vertex 0.017787368968129158 0.014783395454287529 0.027987690642476082
			vertex 0.01780078001320362 0.014893376268446445 0.02800382673740387
		endloop
	endfacet
	facet normal 0 0.36305828431532755 -0.9317664311349765
		outer loop
			vertex 0.018199332058429718 0.014893376268446445 0.02800382673740387
			vertex 0.01780078001320362 0.014893376268446445 0.02800382673740387
			vertex 0.01781351864337921 0.014997024089097977 0.028044212609529495
		endloop
	endfacet
	facet normal 0 0.36305828431532755 -0.9317664311349765
		outer loop
			vertex 0.018199332058429718 0.014893376268446445 0.02800382673740387
			vertex 0.01781351864337921 0.014997024089097977 0.028044212609529495
			vertex 0.018186593428254128 0.014997024089097977 0.028044212609529495
		endloop
	endfacet
	facet normal -0.203051694873433 0.8406645944101416 -0.5020488511233329
		outer loop
			vertex 0.01848713681101799 0.015244310721755028 0.028191104531288147
			vertex 0.0181584432721138 0.01522111427038908 0.028285201638936996
			vertex 0.018466012552380562 0.015296882018446922 0.028287677094340324
		endloop
	endfacet
	facet normal -0.2030546095129023 0.8406566387829204 -0.5020609935314287
		outer loop
			vertex 0.01848713681101799 0.015244310721755028 0.028191104531288147
			vertex 0.018165623769164085 0.015165106393396854 0.028188517317175865
			vertex 0.0181584432721138 0.01522111427038908 0.028285201638936996
		endloop
	endfacet
	facet normal -0.16983849362125053 0.7117096195836135 -0.6816335551281294
		outer loop
			vertex 0.0185152105987072 0.015172909013926983 0.028109559789299965
			vertex 0.018175166100263596 0.015089140273630619 0.028106821700930595
			vertex 0.018165623769164085 0.015165106393396854 0.028188517317175865
		endloop
	endfacet
	facet normal -0.16984077949546567 0.7116983104857234 -0.6816447934754137
		outer loop
			vertex 0.0185152105987072 0.015172909013926983 0.028109559789299965
			vertex 0.018165623769164085 0.015165106393396854 0.028188517317175865
			vertex 0.01848713681101799 0.015244310721755028 0.028191104531288147
		endloop
	endfacet
	facet normal -0.4618447822898952 0.8831283349852341 -0.08236346895200271
		outer loop
			vertex 0.018725495785474777 0.015470982529222965 0.02839910238981247
			vertex 0.01844845525920391 0.015336071141064167 0.028506014496088028
			vertex 0.018718374893069267 0.015477661043405533 0.028510641306638718
		endloop
	endfacet
	facet normal -0.46184383471729695 0.8831291561702193 -0.08235997726868846
		outer loop
			vertex 0.018725495785474777 0.015470982529222965 0.02839910238981247
			vertex 0.018452899530529976 0.015327989123761654 0.028394430875778198
			vertex 0.01844845525920391 0.015336071141064167 0.028506014496088028
		endloop
	endfacet
	facet normal -0.1279900361666315 0.5466027162960471 -0.8275530322461805
		outer loop
			vertex 0.01854882761836052 0.015086258761584759 0.02804712764918804
			vertex 0.018175166100263596 0.015089140273630619 0.028106821700930595
			vertex 0.0185152105987072 0.015172909013926983 0.028109559789299965
		endloop
	endfacet
	facet normal -0.1279910450956184 0.5465935856041757 -0.8275589069979866
		outer loop
			vertex 0.01854882761836052 0.015086258761584759 0.02804712764918804
			vertex 0.018186593428254128 0.014997024089097977 0.028044212609529495
			vertex 0.018175166100263596 0.015089140273630619 0.028106821700930595
		endloop
	endfacet
	facet normal -0.4389935862343878 0.8466982506272118 -0.3006438152197554
		outer loop
			vertex 0.018746502697467804 0.015444016084074974 0.02829248271882534
			vertex 0.018466012552380562 0.015296882018446922 0.028287677094340324
			vertex 0.018452899530529976 0.015327989123761654 0.028394430875778198
		endloop
	endfacet
	facet normal -0.43899328292293033 0.846699035043904 -0.30064204896233343
		outer loop
			vertex 0.018746502697467804 0.015444016084074974 0.02829248271882534
			vertex 0.018452899530529976 0.015327989123761654 0.028394430875778198
			vertex 0.018725495785474777 0.015470982529222965 0.02839910238981247
		endloop
	endfacet
	facet normal -0.026989996549624733 0.14188783314660877 -0.9895147209067743
		outer loop
			vertex 0.018586304038763046 0.014988705515861511 0.028006941080093384
			vertex 0.01821274310350418 0.014783395454287529 0.027987690642476082
			vertex 0.018199332058429718 0.014893376268446445 0.02800382673740387
		endloop
	endfacet
	facet normal -0.026985936354062625 0.14188055388353416 -0.9895158754000848
		outer loop
			vertex 0.018586304038763046 0.014988705515861511 0.028006941080093384
			vertex 0.018625756725668907 0.014885139651596546 0.02799101546406746
			vertex 0.01821274310350418 0.014783395454287529 0.027987690642476082
		endloop
	endfacet
	facet normal -0.07955832431461632 0.35340323776568516 -0.9320818765371319
		outer loop
			vertex 0.018586304038763046 0.014988705515861511 0.028006941080093384
			vertex 0.018199332058429718 0.014893376268446445 0.02800382673740387
			vertex 0.018186593428254128 0.014997024089097977 0.028044212609529495
		endloop
	endfacet
	facet normal -0.07955833508915994 0.35340304440579934 -0.9320819489307545
		outer loop
			vertex 0.018586304038763046 0.014988705515861511 0.028006941080093384
			vertex 0.018186593428254128 0.014997024089097977 0.028044212609529495
			vertex 0.01854882761836052 0.015086258761584759 0.02804712764918804
		endloop
	endfacet
	facet normal -0.39430516432702545 0.7681695769537878 -0.504419407267084
		outer loop
			vertex 0.018780341371893883 0.015398113988339901 0.028196129947900772
			vertex 0.01848713681101799 0.015244310721755028 0.028191104531288147
			vertex 0.018466012552380562 0.015296882018446922 0.028287677094340324
		endloop
	endfacet
	facet normal -0.3943057900621903 0.768163252789694 -0.5044285489412638
		outer loop
			vertex 0.018780341371893883 0.015398113988339901 0.028196129947900772
			vertex 0.018466012552380562 0.015296882018446922 0.028287677094340324
			vertex 0.018746502697467804 0.015444016084074974 0.02829248271882534
		endloop
	endfacet
	facet normal -0.32980745268693434 0.6510638173302911 -0.6836248605159594
		outer loop
			vertex 0.018825314939022064 0.01533557754009962 0.02811487391591072
			vertex 0.0185152105987072 0.015172909013926983 0.028109559789299965
			vertex 0.01848713681101799 0.015244310721755028 0.028191104531288147
		endloop
	endfacet
	facet normal -0.3298077315330318 0.6510694185369182 -0.6836193915235546
		outer loop
			vertex 0.018825314939022064 0.01533557754009962 0.02811487391591072
			vertex 0.01848713681101799 0.015244310721755028 0.028191104531288147
			vertex 0.018780341371893883 0.015398113988339901 0.028196129947900772
		endloop
	endfacet
	facet normal -0.6590142437830137 0.74710351955308 -0.08681334898794946
		outer loop
			vertex 0.018955931067466736 0.015675021335482597 0.028405768796801567
			vertex 0.018718374893069267 0.015477661043405533 0.028510641306638718
			vertex 0.01894654892385006 0.015679698437452316 0.028517240658402443
		endloop
	endfacet
	facet normal -0.6590129011131487 0.7471054876710645 -0.08680660377075197
		outer loop
			vertex 0.018955931067466736 0.015675021335482597 0.028405768796801567
			vertex 0.018725495785474777 0.015470982529222965 0.02839910238981247
			vertex 0.018718374893069267 0.015477661043405533 0.028510641306638718
		endloop
	endfacet
	facet normal -0.2485458130100541 0.500907195468575 -0.8290458131870507
		outer loop
			vertex 0.01887916959822178 0.015259543433785439 0.028052790090441704
			vertex 0.01854882761836052 0.015086258761584759 0.02804712764918804
			vertex 0.0185152105987072 0.015172909013926983 0.028109559789299965
		endloop
	endfacet
	facet normal -0.2485446501614463 0.5008987303417545 -0.829051276350349
		outer loop
			vertex 0.01887916959822178 0.015259543433785439 0.028052790090441704
			vertex 0.0185152105987072 0.015172909013926983 0.028109559789299965
			vertex 0.018825314939022064 0.01533557754009962 0.02811487391591072
		endloop
	endfacet
	facet normal -0.6264062982496674 0.7174051556062869 -0.30486881149548245
		outer loop
			vertex 0.018983611837029457 0.01565396413207054 0.028299342840909958
			vertex 0.018725495785474777 0.015470982529222965 0.02839910238981247
			vertex 0.018955931067466736 0.015675021335482597 0.028405768796801567
		endloop
	endfacet
	facet normal -0.6264061719409217 0.7174062854630385 -0.30486641227338546
		outer loop
			vertex 0.018983611837029457 0.01565396413207054 0.028299342840909958
			vertex 0.018746502697467804 0.015444016084074974 0.02829248271882534
			vertex 0.018725495785474777 0.015470982529222965 0.02839910238981247
		endloop
	endfacet
	facet normal -0.05241258963636279 0.1322510577536738 -0.9898295702648234
		outer loop
			vertex 0.018939204514026642 0.015173823572695255 0.028012989088892937
			vertex 0.019002407789230347 0.015082716010510921 0.027997469529509544
			vertex 0.018625756725668907 0.014885139651596546 0.02799101546406746
		endloop
	endfacet
	facet normal -0.05240694119544342 0.13224500905645345 -0.9898306774869103
		outer loop
			vertex 0.018939204514026642 0.015173823572695255 0.028012989088892937
			vertex 0.018625756725668907 0.014885139651596546 0.02799101546406746
			vertex 0.018586304038763046 0.014988705515861511 0.028006941080093384
		endloop
	endfacet
	facet normal -0.15449191596489925 0.32499868314183383 -0.9330102378096226
		outer loop
			vertex 0.018939204514026642 0.015173823572695255 0.028012989088892937
			vertex 0.018586304038763046 0.014988705515861511 0.028006941080093384
			vertex 0.01854882761836052 0.015086258761584759 0.02804712764918804
		endloop
	endfacet
	facet normal -0.15449360155940767 0.325007504588639 -0.9330068858471887
		outer loop
			vertex 0.018939204514026642 0.015173823572695255 0.028012989088892937
			vertex 0.01854882761836052 0.015086258761584759 0.02804712764918804
			vertex 0.01887916959822178 0.015259543433785439 0.028052790090441704
		endloop
	endfacet
	facet normal -0.5626385837647089 0.6520335054036616 -0.5082225220218562
		outer loop
			vertex 0.019028199836611748 0.015617580153048038 0.02820330113172531
			vertex 0.018780341371893883 0.015398113988339901 0.028196129947900772
			vertex 0.018746502697467804 0.015444016084074974 0.02829248271882534
		endloop
	endfacet
	facet normal -0.5626386324631512 0.6520338186281073 -0.5082220662517949
		outer loop
			vertex 0.019028199836611748 0.015617580153048038 0.02820330113172531
			vertex 0.018746502697467804 0.015444016084074974 0.02829248271882534
			vertex 0.018983611837029457 0.01565396413207054 0.028299342840909958
		endloop
	endfacet
	facet normal -0.4706113505088476 0.5539323398350393 -0.6867924866050278
		outer loop
			vertex 0.01908745989203453 0.015567692928016186 0.02812245674431324
			vertex 0.018825314939022064 0.01533557754009962 0.02811487391591072
			vertex 0.018780341371893883 0.015398113988339901 0.028196129947900772
		endloop
	endfacet
	facet normal -0.47061281658121795 0.5539370991199706 -0.6867876433716937
		outer loop
			vertex 0.01908745989203453 0.015567692928016186 0.02812245674431324
			vertex 0.018780341371893883 0.015398113988339901 0.028196129947900772
			vertex 0.019028199836611748 0.015617580153048038 0.02820330113172531
		endloop
	endfacet
	facet normal -0.8178814266189155 0.5678760816402432 -0.09266459891852635
		outer loop
			vertex 0.01913081668317318 0.015928249806165695 0.02841404266655445
			vertex 0.018955931067466736 0.015675021335482597 0.028405768796801567
			vertex 0.01894654892385006 0.015679698437452316 0.028517240658402443
		endloop
	endfacet
	facet normal -0.817882930320235 0.5678717916177431 -0.09267761636792579
		outer loop
			vertex 0.01913081668317318 0.015928249806165695 0.02841404266655445
			vertex 0.01894654892385006 0.015679698437452316 0.028517240658402443
			vertex 0.019119715318083763 0.01593044027686119 0.02852543443441391
		endloop
	endfacet
	facet normal -0.3546495261926416 0.4276937157942517 -0.831445607987342
		outer loop
			vertex 0.019158421084284782 0.01550680585205555 0.02806086838245392
			vertex 0.018825314939022064 0.01533557754009962 0.02811487391591072
			vertex 0.01908745989203453 0.015567692928016186 0.02812245674431324
		endloop
	endfacet
	facet normal -0.35465091882416966 0.4276971733203906 -0.8314432354111254
		outer loop
			vertex 0.019158421084284782 0.01550680585205555 0.02806086838245392
			vertex 0.01887916959822178 0.015259543433785439 0.028052790090441704
			vertex 0.018825314939022064 0.01533557754009962 0.02811487391591072
		endloop
	endfacet
	facet normal -0.777416574522459 0.5470451654859557 -0.31042721622984193
		outer loop
			vertex 0.01916356012225151 0.01591452583670616 0.028307856991887093
			vertex 0.018955931067466736 0.015675021335482597 0.028405768796801567
			vertex 0.01913081668317318 0.015928249806165695 0.02841404266655445
		endloop
	endfacet
	facet normal -0.7774158605663347 0.5470403375597093 -0.3104375119447786
		outer loop
			vertex 0.01916356012225151 0.01591452583670616 0.028307856991887093
			vertex 0.018983611837029457 0.01565396413207054 0.028299342840909958
			vertex 0.018955931067466736 0.015675021335482597 0.028405768796801567
		endloop
	endfacet
	facet normal -0.22045530077500056 0.27950697142040687 -0.9344920081453858
		outer loop
			vertex 0.019237523898482323 0.015437970869243145 0.028021618723869324
			vertex 0.01887916959822178 0.015259543433785439 0.028052790090441704
			vertex 0.019158421084284782 0.01550680585205555 0.02806086838245392
		endloop
	endfacet
	facet normal -0.07478354717403103 0.11681358019376174 -0.990334291315001
		outer loop
			vertex 0.019237523898482323 0.015437970869243145 0.028021618723869324
			vertex 0.019320804625749588 0.015364640392363071 0.02800668030977249
			vertex 0.019002407789230347 0.015082716010510921 0.027997469529509544
		endloop
	endfacet
	facet normal -0.0747866387926904 0.11681559428089767 -0.9903338202802591
		outer loop
			vertex 0.019237523898482323 0.015437970869243145 0.028021618723869324
			vertex 0.019002407789230347 0.015082716010510921 0.027997469529509544
			vertex 0.018939204514026642 0.015173823572695255 0.028012989088892937
		endloop
	endfacet
	facet normal -0.2204531752192729 0.2795023746529688 -0.9344938844631849
		outer loop
			vertex 0.019237523898482323 0.015437970869243145 0.028021618723869324
			vertex 0.018939204514026642 0.015173823572695255 0.028012989088892937
			vertex 0.01887916959822178 0.015259543433785439 0.028052790090441704
		endloop
	endfacet
	facet normal -0.6982837536813113 0.49901614141569106 -0.5132082325443861
		outer loop
			vertex 0.019216304644942284 0.015889953821897507 0.028212198987603188
			vertex 0.018983611837029457 0.01565396413207054 0.028299342840909958
			vertex 0.01916356012225151 0.01591452583670616 0.028307856991887093
		endloop
	endfacet
	facet normal -0.6982798245013897 0.49900701680313964 -0.5132224506737209
		outer loop
			vertex 0.019216304644942284 0.015889953821897507 0.028212198987603188
			vertex 0.019028199836611748 0.015617580153048038 0.02820330113172531
			vertex 0.018983611837029457 0.01565396413207054 0.028299342840909958
		endloop
	endfacet
	facet normal -0.584062842504367 0.42593416877638557 -0.6909780603423589
		outer loop
			vertex 0.01928640715777874 0.015855764970183372 0.028131868690252304
			vertex 0.019028199836611748 0.015617580153048038 0.02820330113172531
			vertex 0.019216304644942284 0.015889953821897507 0.028212198987603188
		endloop
	endfacet
	facet normal -0.5840677453196348 0.4259422139154657 -0.690968956815015
		outer loop
			vertex 0.01928640715777874 0.015855764970183372 0.028131868690252304
			vertex 0.01908745989203453 0.015567692928016186 0.02812245674431324
			vertex 0.019028199836611748 0.015617580153048038 0.02820330113172531
		endloop
	endfacet
	facet normal -0.929221324506131 0.355846481165791 -0.0996042766400935
		outer loop
			vertex 0.019239984452724457 0.01621595025062561 0.02842344157397747
			vertex 0.01913081668317318 0.015928249806165695 0.02841404266655445
			vertex 0.019119715318083763 0.01593044027686119 0.02852543443441391
		endloop
	endfacet
	facet normal -0.9292210516566928 0.3558501881182599 -0.09959357797684107
		outer loop
			vertex 0.019239984452724457 0.01621595025062561 0.02842344157397747
			vertex 0.019119715318083763 0.01593044027686119 0.02852543443441391
			vertex 0.019227812066674232 0.016215315088629723 0.028534742072224617
		endloop
	endfacet
	facet normal -0.4401474785914665 0.33123727309293105 -0.8345969482352149
		outer loop
			vertex 0.01937035098671913 0.01581367664039135 0.02807089313864708
			vertex 0.019158421084284782 0.01550680585205555 0.02806086838245392
			vertex 0.01908745989203453 0.015567692928016186 0.02812245674431324
		endloop
	endfacet
	facet normal -0.44015288780665784 0.3312447106828087 -0.8345911436147175
		outer loop
			vertex 0.01937035098671913 0.01581367664039135 0.02807089313864708
			vertex 0.01908745989203453 0.015567692928016186 0.02812245674431324
			vertex 0.01928640715777874 0.015855764970183372 0.028131868690252304
		endloop
	endfacet
	facet normal -0.8832486656893599 0.34550477556073533 -0.3170145810884596
		outer loop
			vertex 0.019275888800621033 0.016210556030273438 0.0283175278455019
			vertex 0.01913081668317318 0.015928249806165695 0.02841404266655445
			vertex 0.019239984452724457 0.01621595025062561 0.02842344157397747
		endloop
	endfacet
	facet normal -0.8832488420436934 0.3455051877541441 -0.3170136405006073
		outer loop
			vertex 0.019275888800621033 0.016210556030273438 0.0283175278455019
			vertex 0.01916356012225151 0.01591452583670616 0.028307856991887093
			vertex 0.01913081668317318 0.015928249806165695 0.02841404266655445
		endloop
	endfacet
	facet normal -0.2735988187430755 0.21955315446632945 -0.936450798892434
		outer loop
			vertex 0.019463928416371346 0.015765797346830368 0.02803233079612255
			vertex 0.019237523898482323 0.015437970869243145 0.028021618723869324
			vertex 0.019158421084284782 0.01550680585205555 0.02806086838245392
		endloop
	endfacet
	facet normal -0.09280881083807688 0.09647782171983556 -0.990998766168262
		outer loop
			vertex 0.019463928416371346 0.015765797346830368 0.02803233079612255
			vertex 0.019320804625749588 0.015364640392363071 0.02800668030977249
			vertex 0.019237523898482323 0.015437970869243145 0.028021618723869324
		endloop
	endfacet
	facet normal -0.2735818092305901 0.21953199583911198 -0.9364607287339994
		outer loop
			vertex 0.019463928416371346 0.015765797346830368 0.02803233079612255
			vertex 0.019158421084284782 0.01550680585205555 0.02806086838245392
			vertex 0.01937035098671913 0.01581367664039135 0.02807089313864708
		endloop
	endfacet
	facet normal -0.092811647489216 0.09647881063055697 -0.9909984042316368
		outer loop
			vertex 0.019463928416371346 0.015765797346830368 0.02803233079612255
			vertex 0.01956244371831417 0.015714529901742935 0.02801811322569847
			vertex 0.019320804625749588 0.015364640392363071 0.02800668030977249
		endloop
	endfacet
	facet normal -0.7933330292259845 0.31798974995387 -0.5191389252053813
		outer loop
			vertex 0.019333727657794952 0.016199404373764992 0.028222309425473213
			vertex 0.01916356012225151 0.01591452583670616 0.028307856991887093
			vertex 0.019275888800621033 0.016210556030273438 0.0283175278455019
		endloop
	endfacet
	facet normal -0.7933401163028484 0.31799892298612326 -0.5191224757648706
		outer loop
			vertex 0.019333727657794952 0.016199404373764992 0.028222309425473213
			vertex 0.019216304644942284 0.015889953821897507 0.028212198987603188
			vertex 0.01916356012225151 0.01591452583670616 0.028307856991887093
		endloop
	endfacet
	facet normal -0.6635687706371196 0.2745307934756625 -0.6959233650832289
		outer loop
			vertex 0.019410597160458565 0.016183052211999893 0.02814256213605404
			vertex 0.01928640715777874 0.015855764970183372 0.028131868690252304
			vertex 0.019216304644942284 0.015889953821897507 0.028212198987603188
		endloop
	endfacet
	facet normal -0.6635719166799058 0.27453388106548654 -0.6959191472727831
		outer loop
			vertex 0.019410597160458565 0.016183052211999893 0.02814256213605404
			vertex 0.019216304644942284 0.015889953821897507 0.028212198987603188
			vertex 0.019333727657794952 0.016199404373764992 0.028222309425473213
		endloop
	endfacet
	facet normal -0.986556639960327 0.1233535998740877 -0.10719088369956277
		outer loop
			vertex 0.019277092069387436 0.016521401703357697 0.02843342162668705
			vertex 0.019239984452724457 0.01621595025062561 0.02842344157397747
			vertex 0.019227812066674232 0.016215315088629723 0.028534742072224617
		endloop
	endfacet
	facet normal -0.9865571014044084 0.12335599091384819 -0.10718388486239201
		outer loop
			vertex 0.019277092069387436 0.016521401703357697 0.02843342162668705
			vertex 0.019227812066674232 0.016215315088629723 0.028534742072224617
			vertex 0.01926455646753311 0.016517769545316696 0.028544623404741287
		endloop
	endfacet
	facet normal -0.5000694291407989 0.21714406189787222 -0.8383191650089413
		outer loop
			vertex 0.01950264535844326 0.016162322834134102 0.028082285076379776
			vertex 0.01937035098671913 0.01581367664039135 0.02807089313864708
			vertex 0.01928640715777874 0.015855764970183372 0.028131868690252304
		endloop
	endfacet
	facet normal -0.5000673031788274 0.21714228263922442 -0.8383208940386028
		outer loop
			vertex 0.01950264535844326 0.016162322834134102 0.028082285076379776
			vertex 0.01928640715777874 0.015855764970183372 0.028131868690252304
			vertex 0.019410597160458565 0.016183052211999893 0.02814256213605404
		endloop
	endfacet
	facet normal -0.9377456034610347 0.12452092438241442 -0.3242340552447395
		outer loop
			vertex 0.019314073026180267 0.01652485318481922 0.02832779660820961
			vertex 0.019275888800621033 0.016210556030273438 0.0283175278455019
			vertex 0.019239984452724457 0.01621595025062561 0.02842344157397747
		endloop
	endfacet
	facet normal -0.9377411966121639 0.1245152459888195 -0.3242489810203435
		outer loop
			vertex 0.019314073026180267 0.01652485318481922 0.02832779660820961
			vertex 0.019239984452724457 0.01621595025062561 0.02842344157397747
			vertex 0.019277092069387436 0.016521401703357697 0.02843342162668705
		endloop
	endfacet
	facet normal -0.1054579213423268 0.07241632521174357 -0.9917834958643861
		outer loop
			vertex 0.019605256617069244 0.01613825187087059 0.028044499456882477
			vertex 0.019713282585144043 0.01611204817891121 0.02803109958767891
			vertex 0.01956244371831417 0.015714529901742935 0.02801811322569847
		endloop
	endfacet
	facet normal -0.3108225076076142 0.14861318364591009 -0.9387776576011713
		outer loop
			vertex 0.019605256617069244 0.01613825187087059 0.028044499456882477
			vertex 0.019463928416371346 0.015765797346830368 0.02803233079612255
			vertex 0.01937035098671913 0.01581367664039135 0.02807089313864708
		endloop
	endfacet
	facet normal -0.10544775164288293 0.072415369346506 -0.9917846469651919
		outer loop
			vertex 0.019605256617069244 0.01613825187087059 0.028044499456882477
			vertex 0.01956244371831417 0.015714529901742935 0.02801811322569847
			vertex 0.019463928416371346 0.015765797346830368 0.02803233079612255
		endloop
	endfacet
	facet normal -0.3108308001220821 0.14861948965522506 -0.9387739136714903
		outer loop
			vertex 0.019605256617069244 0.01613825187087059 0.028044499456882477
			vertex 0.01937035098671913 0.01581367664039135 0.02807089313864708
			vertex 0.01950264535844326 0.016162322834134102 0.028082285076379776
		endloop
	endfacet
	facet normal -0.8422817743372674 0.11949696738042732 -0.5256252347501457
		outer loop
			vertex 0.019373640418052673 0.016527948901057243 0.02823304384946823
			vertex 0.019333727657794952 0.016199404373764992 0.028222309425473213
			vertex 0.019275888800621033 0.016210556030273438 0.0283175278455019
		endloop
	endfacet
	facet normal -0.8422899276253855 0.11950334198301518 -0.5256107200920789
		outer loop
			vertex 0.019373640418052673 0.016527948901057243 0.02823304384946823
			vertex 0.019275888800621033 0.016210556030273438 0.0283175278455019
			vertex 0.019314073026180267 0.01652485318481922 0.02832779660820961
		endloop
	endfacet
	facet normal -0.7045174865075611 0.10850465677020817 -0.7013428909344186
		outer loop
			vertex 0.019452812150120735 0.016530534252524376 0.0281539149582386
			vertex 0.019410597160458565 0.016183052211999893 0.02814256213605404
			vertex 0.019333727657794952 0.016199404373764992 0.028222309425473213
		endloop
	endfacet
	facet normal -0.7045122424775011 0.10850158464504762 -0.701348633939524
		outer loop
			vertex 0.019452812150120735 0.016530534252524376 0.0281539149582386
			vertex 0.019333727657794952 0.016199404373764992 0.028222309425473213
			vertex 0.019373640418052673 0.016527948901057243 0.02823304384946823
		endloop
	endfacet
	facet normal -0.9865576759145727 -0.11609389091613861 -0.11500504591533717
		outer loop
			vertex 0.019239984452724457 0.016826853156089783 0.02844340167939663
			vertex 0.019277092069387436 0.016521401703357697 0.02843342162668705
			vertex 0.01926455646753311 0.016517769545316696 0.028544623404741287
		endloop
	endfacet
	facet normal -0.9865560555300821 -0.11609721515722973 -0.11501558994180566
		outer loop
			vertex 0.019239984452724457 0.016826853156089783 0.02844340167939663
			vertex 0.01926455646753311 0.016517769545316696 0.028544623404741287
			vertex 0.019227812066674232 0.01682022213935852 0.028554504737257957
		endloop
	endfacet
	facet normal -0.530917298909178 0.0920232472798474 -0.8424123359015196
		outer loop
			vertex 0.019547615200281143 0.016532478854060173 0.028094379231333733
			vertex 0.019410597160458565 0.016183052211999893 0.02814256213605404
			vertex 0.019452812150120735 0.016530534252524376 0.0281539149582386
		endloop
	endfacet
	facet normal -0.5309212992399007 0.09202519285192766 -0.842409602209033
		outer loop
			vertex 0.019547615200281143 0.016532478854060173 0.028094379231333733
			vertex 0.01950264535844326 0.016162322834134102 0.028082285076379776
			vertex 0.019410597160458565 0.016183052211999893 0.02814256213605404
		endloop
	endfacet
	facet normal -0.937740274057491 -0.10308995892707133 -0.3316860545440473
		outer loop
			vertex 0.019275888800621033 0.016839150339365005 0.02833806537091732
			vertex 0.019314073026180267 0.01652485318481922 0.02832779660820961
			vertex 0.019277092069387436 0.016521401703357697 0.02843342162668705
		endloop
	endfacet
	facet normal -0.9377466817399411 -0.10308500826888935 -0.33166947697358734
		outer loop
			vertex 0.019275888800621033 0.016839150339365005 0.02833806537091732
			vertex 0.019277092069387436 0.016521401703357697 0.02843342162668705
			vertex 0.019239984452724457 0.016826853156089783 0.02844340167939663
		endloop
	endfacet
	facet normal -0.11194199264830848 0.04603616087629376 -0.9926478036915704
		outer loop
			vertex 0.01965329609811306 0.016533687710762024 0.028057418763637543
			vertex 0.019764557480812073 0.016534095630049706 0.028044890612363815
			vertex 0.019713282585144043 0.01611204817891121 0.02803109958767891
		endloop
	endfacet
	facet normal -0.11196464900137823 0.046032787829394295 -0.992645404874597
		outer loop
			vertex 0.01965329609811306 0.016533687710762024 0.028057418763637543
			vertex 0.019713282585144043 0.01611204817891121 0.02803109958767891
			vertex 0.019605256617069244 0.01613825187087059 0.028044499456882477
		endloop
	endfacet
	facet normal -0.33001110177811804 0.07084511445919983 -0.9413148476787432
		outer loop
			vertex 0.01965329609811306 0.016533687710762024 0.028057418763637543
			vertex 0.019605256617069244 0.01613825187087059 0.028044499456882477
			vertex 0.01950264535844326 0.016162322834134102 0.028082285076379776
		endloop
	endfacet
	facet normal -0.3300212350948135 0.07084948512819832 -0.9413109660699609
		outer loop
			vertex 0.01965329609811306 0.016533687710762024 0.028057418763637543
			vertex 0.01950264535844326 0.016162322834134102 0.028082285076379776
			vertex 0.019547615200281143 0.016532478854060173 0.028094379231333733
		endloop
	endfacet
	facet normal -0.8422905363460271 -0.08493311439830337 -0.5322903516507947
		outer loop
			vertex 0.019333727657794952 0.016856493428349495 0.02824377827346325
			vertex 0.019373640418052673 0.016527948901057243 0.02823304384946823
			vertex 0.019314073026180267 0.01652485318481922 0.02832779660820961
		endloop
	endfacet
	facet normal -0.8422800941017998 -0.08493773262386911 -0.5323061380977862
		outer loop
			vertex 0.019333727657794952 0.016856493428349495 0.02824377827346325
			vertex 0.019314073026180267 0.01652485318481922 0.02832779660820961
			vertex 0.019275888800621033 0.016839150339365005 0.02833806537091732
		endloop
	endfacet
	facet normal -0.7045122295494529 -0.062489411937263435 -0.7069353519318398
		outer loop
			vertex 0.019410597160458565 0.01687801629304886 0.028165269643068314
			vertex 0.019452812150120735 0.016530534252524376 0.0281539149582386
			vertex 0.019373640418052673 0.016527948901057243 0.02823304384946823
		endloop
	endfacet
	facet normal -0.7045127092158733 -0.062489271161117375 -0.7069348863530946
		outer loop
			vertex 0.019410597160458565 0.01687801629304886 0.028165269643068314
			vertex 0.019373640418052673 0.016527948901057243 0.02823304384946823
			vertex 0.019333727657794952 0.016856493428349495 0.02824377827346325
		endloop
	endfacet
	facet normal -0.9292212630141545 -0.34858783817864647 -0.12261469502599366
		outer loop
			vertex 0.01913081668317318 0.017114553600549698 0.028452802449464798
			vertex 0.019227812066674232 0.01682022213935852 0.028554504737257957
			vertex 0.019119715318083763 0.0171050988137722 0.028563812375068665
		endloop
	endfacet
	facet normal -0.9292223752250007 -0.34858655386175713 -0.12260991741287613
		outer loop
			vertex 0.01913081668317318 0.017114553600549698 0.028452802449464798
			vertex 0.019239984452724457 0.016826853156089783 0.02844340167939663
			vertex 0.019227812066674232 0.01682022213935852 0.028554504737257957
		endloop
	endfacet
	facet normal -0.5309276063195763 -0.03683656161160847 -0.8466161731129398
		outer loop
			vertex 0.01950264535844326 0.016902636736631393 0.02810647338628769
			vertex 0.019452812150120735 0.016530534252524376 0.0281539149582386
			vertex 0.019410597160458565 0.01687801629304886 0.028165269643068314
		endloop
	endfacet
	facet normal -0.5309178509300991 -0.036838636556692686 -0.8466222005241825
		outer loop
			vertex 0.01950264535844326 0.016902636736631393 0.02810647338628769
			vertex 0.019547615200281143 0.016532478854060173 0.028094379231333733
			vertex 0.019452812150120735 0.016530534252524376 0.0281539149582386
		endloop
	endfacet
	facet normal -0.8832481010280273 -0.3240753313731248 -0.33889227141642425
		outer loop
			vertex 0.01916356012225151 0.01713518053293228 0.028347738087177277
			vertex 0.019275888800621033 0.016839150339365005 0.02833806537091732
			vertex 0.019239984452724457 0.016826853156089783 0.02844340167939663
		endloop
	endfacet
	facet normal -0.8832490453448425 -0.3240749229905134 -0.33889020078207865
		outer loop
			vertex 0.01916356012225151 0.01713518053293228 0.028347738087177277
			vertex 0.019239984452724457 0.016826853156089783 0.02844340167939663
			vertex 0.01913081668317318 0.017114553600549698 0.028452802449464798
		endloop
	endfacet
	facet normal -0.11194146369001966 0.01886100518660673 -0.9935357926065307
		outer loop
			vertex 0.019605256617069244 0.01692912168800831 0.02807033807039261
			vertex 0.019713282585144043 0.016956143081188202 0.028058679774403572
			vertex 0.019764557480812073 0.016534095630049706 0.028044890612363815
		endloop
	endfacet
	facet normal -0.11194233684595939 0.01886064717216888 -0.9935357010242324
		outer loop
			vertex 0.019605256617069244 0.01692912168800831 0.02807033807039261
			vertex 0.019764557480812073 0.016534095630049706 0.028044890612363815
			vertex 0.01965329609811306 0.016533687710762024 0.028057418763637543
		endloop
	endfacet
	facet normal -0.33002038831389463 -0.009253395519307584 -0.9439284496022512
		outer loop
			vertex 0.019605256617069244 0.01692912168800831 0.02807033807039261
			vertex 0.01965329609811306 0.016533687710762024 0.028057418763637543
			vertex 0.019547615200281143 0.016532478854060173 0.028094379231333733
		endloop
	endfacet
	facet normal -0.33002282164595065 -0.009252990574571277 -0.9439276028161653
		outer loop
			vertex 0.019605256617069244 0.01692912168800831 0.02807033807039261
			vertex 0.019547615200281143 0.016532478854060173 0.028094379231333733
			vertex 0.01950264535844326 0.016902636736631393 0.02810647338628769
		endloop
	endfacet
	facet normal -0.7933308179052357 -0.2834293545317528 -0.5387893970296036
		outer loop
			vertex 0.019216304644942284 0.01716594584286213 0.028253888711333275
			vertex 0.019333727657794952 0.016856493428349495 0.02824377827346325
			vertex 0.019275888800621033 0.016839150339365005 0.02833806537091732
		endloop
	endfacet
	facet normal -0.7933387336655493 -0.2834279815674799 -0.5387784636847757
		outer loop
			vertex 0.019216304644942284 0.01716594584286213 0.028253888711333275
			vertex 0.019275888800621033 0.016839150339365005 0.02833806537091732
			vertex 0.01916356012225151 0.01713518053293228 0.028347738087177277
		endloop
	endfacet
	facet normal -0.6635664722326909 -0.22852115777650164 -0.7123605950480058
		outer loop
			vertex 0.01928640715777874 0.01720530353486538 0.0281759612262249
			vertex 0.019410597160458565 0.01687801629304886 0.028165269643068314
			vertex 0.019333727657794952 0.016856493428349495 0.02824377827346325
		endloop
	endfacet
	facet normal -0.6635716686169238 -0.22852093548931546 -0.7123558258707791
		outer loop
			vertex 0.01928640715777874 0.01720530353486538 0.0281759612262249
			vertex 0.019333727657794952 0.016856493428349495 0.02824377827346325
			vertex 0.019216304644942284 0.01716594584286213 0.028253888711333275
		endloop
	endfacet
	facet normal -0.8178853118183655 -0.5606132757364573 -0.12952363405886214
		outer loop
			vertex 0.018955931067466736 0.017367782071232796 0.028461074456572533
			vertex 0.019119715318083763 0.0171050988137722 0.028563812375068665
			vertex 0.01894654892385006 0.017355840653181076 0.028572004288434982
		endloop
	endfacet
	facet normal -0.8178807568893866 -0.560616398412473 -0.12953887965036506
		outer loop
			vertex 0.018955931067466736 0.017367782071232796 0.028461074456572533
			vertex 0.01913081668317318 0.017114553600549698 0.028452802449464798
			vertex 0.019119715318083763 0.0171050988137722 0.028563812375068665
		endloop
	endfacet
	facet normal -0.500071324919737 -0.16196086454013 -0.850704030994583
		outer loop
			vertex 0.01937035098671913 0.017251282930374146 0.028117863461375237
			vertex 0.01950264535844326 0.016902636736631393 0.02810647338628769
			vertex 0.019410597160458565 0.01687801629304886 0.028165269643068314
		endloop
	endfacet
	facet normal -0.5000649747430691 -0.1619606589062732 -0.8507078029510837
		outer loop
			vertex 0.01937035098671913 0.017251282930374146 0.028117863461375237
			vertex 0.019410597160458565 0.01687801629304886 0.028165269643068314
			vertex 0.01928640715777874 0.01720530353486538 0.0281759612262249
		endloop
	endfacet
	facet normal -0.7774113094280888 -0.5256129672052391 -0.3454890225159243
		outer loop
			vertex 0.018983611837029457 0.0173957422375679 0.028356250375509262
			vertex 0.01913081668317318 0.017114553600549698 0.028452802449464798
			vertex 0.018955931067466736 0.017367782071232796 0.028461074456572533
		endloop
	endfacet
	facet normal -0.7774183238533552 -0.525611819226267 -0.3454749849507111
		outer loop
			vertex 0.018983611837029457 0.0173957422375679 0.028356250375509262
			vertex 0.01916356012225151 0.01713518053293228 0.028347738087177277
			vertex 0.01913081668317318 0.017114553600549698 0.028452802449464798
		endloop
	endfacet
	facet normal -0.10545977069484264 -0.007531337246462998 -0.9943950501306165
		outer loop
			vertex 0.019463928416371346 0.01730157621204853 0.028082508593797684
			vertex 0.01956244371831417 0.017353663221001625 0.02807166613638401
			vertex 0.019713282585144043 0.016956143081188202 0.028058679774403572
		endloop
	endfacet
	facet normal -0.3108223009229466 -0.08702119487513077 -0.9464759948839008
		outer loop
			vertex 0.019463928416371346 0.01730157621204853 0.028082508593797684
			vertex 0.01950264535844326 0.016902636736631393 0.02810647338628769
			vertex 0.01937035098671913 0.017251282930374146 0.028117863461375237
		endloop
	endfacet
	facet normal -0.10543691562378078 -0.007514663209112408 -0.9943975998867844
		outer loop
			vertex 0.019463928416371346 0.01730157621204853 0.028082508593797684
			vertex 0.019713282585144043 0.016956143081188202 0.028058679774403572
			vertex 0.019605256617069244 0.01692912168800831 0.02807033807039261
		endloop
	endfacet
	facet normal -0.3108444763641307 -0.08702290009553766 -0.946468555406291
		outer loop
			vertex 0.019463928416371346 0.01730157621204853 0.028082508593797684
			vertex 0.019605256617069244 0.01692912168800831 0.02807033807039261
			vertex 0.01950264535844326 0.016902636736631393 0.02810647338628769
		endloop
	endfacet
	facet normal -0.6982750593740956 -0.4644455468167079 -0.5447038420079601
		outer loop
			vertex 0.019028199836611748 0.017438318580389023 0.0282627884298563
			vertex 0.01916356012225151 0.01713518053293228 0.028347738087177277
			vertex 0.018983611837029457 0.0173957422375679 0.028356250375509262
		endloop
	endfacet
	facet normal -0.698281250277832 -0.4644459829658038 -0.5446955336858897
		outer loop
			vertex 0.019028199836611748 0.017438318580389023 0.0282627884298563
			vertex 0.019216304644942284 0.01716594584286213 0.028253888711333275
			vertex 0.01916356012225151 0.01713518053293228 0.028347738087177277
		endloop
	endfacet
	facet normal -0.5840713726221737 -0.37993121507343575 -0.7172955482198901
		outer loop
			vertex 0.01908745989203453 0.01749337464570999 0.028185373172163963
			vertex 0.019216304644942284 0.01716594584286213 0.028253888711333275
			vertex 0.019028199836611748 0.017438318580389023 0.0282627884298563
		endloop
	endfacet
	facet normal -0.5840643710908531 -0.37992980877260113 -0.717301994161637
		outer loop
			vertex 0.01908745989203453 0.01749337464570999 0.028185373172163963
			vertex 0.01928640715777874 0.01720530353486538 0.0281759612262249
			vertex 0.019216304644942284 0.01716594584286213 0.028253888711333275
		endloop
	endfacet
	facet normal -0.6590151520875619 -0.7398452882119164 -0.135380865818011
		outer loop
			vertex 0.018725495785474777 0.017571821808815002 0.02846774086356163
			vertex 0.018955931067466736 0.017367782071232796 0.028461074456572533
			vertex 0.01894654892385006 0.017355840653181076 0.028572004288434982
		endloop
	endfacet
	facet normal -0.6590106961463025 -0.7398469127232589 -0.13539367820776804
		outer loop
			vertex 0.018725495785474777 0.017571821808815002 0.02846774086356163
			vertex 0.01894654892385006 0.017355840653181076 0.028572004288434982
			vertex 0.018718374893069267 0.01755787618458271 0.028578605502843857
		endloop
	endfacet
	facet normal -0.44014453065902714 -0.27605550657452005 -0.8544390846753382
		outer loop
			vertex 0.019158421084284782 0.017558153718709946 0.028127890080213547
			vertex 0.01928640715777874 0.01720530353486538 0.0281759612262249
			vertex 0.01908745989203453 0.01749337464570999 0.028185373172163963
		endloop
	endfacet
	facet normal -0.4401499732897634 -0.27605703163957135 -0.8544357882809973
		outer loop
			vertex 0.019158421084284782 0.017558153718709946 0.028127890080213547
			vertex 0.01937035098671913 0.017251282930374146 0.028117863461375237
			vertex 0.01928640715777874 0.01720530353486538 0.0281759612262249
		endloop
	endfacet
	facet normal -0.6264073412824439 -0.6959728338526278 -0.3510493659396104
		outer loop
			vertex 0.018746502697467804 0.01760569028556347 0.02836311049759388
			vertex 0.018955931067466736 0.017367782071232796 0.028461074456572533
			vertex 0.018725495785474777 0.017571821808815002 0.02846774086356163
		endloop
	endfacet
	facet normal -0.6264050885709271 -0.6959726533526867 -0.3510537434605563
		outer loop
			vertex 0.018746502697467804 0.01760569028556347 0.02836311049759388
			vertex 0.018983611837029457 0.0173957422375679 0.028356250375509262
			vertex 0.018955931067466736 0.017367782071232796 0.028461074456572533
		endloop
	endfacet
	facet normal -0.2735805193704158 -0.15794315879475798 -0.9487927371196238
		outer loop
			vertex 0.019237523898482323 0.017629403620958328 0.02809321880340576
			vertex 0.019463928416371346 0.01730157621204853 0.028082508593797684
			vertex 0.01937035098671913 0.017251282930374146 0.028117863461375237
		endloop
	endfacet
	facet normal -0.2735930331448771 -0.15794727482018414 -0.948788443538107
		outer loop
			vertex 0.019237523898482323 0.017629403620958328 0.02809321880340576
			vertex 0.01937035098671913 0.017251282930374146 0.028117863461375237
			vertex 0.019158421084284782 0.017558153718709946 0.028127890080213547
		endloop
	endfacet
	facet normal -0.09281213226101251 -0.03157919305753881 -0.9951827282820975
		outer loop
			vertex 0.019237523898482323 0.017629403620958328 0.02809321880340576
			vertex 0.019320804625749588 0.017703551799058914 0.02808309905230999
			vertex 0.01956244371831417 0.017353663221001625 0.02807166613638401
		endloop
	endfacet
	facet normal -0.09282415237345819 -0.03159348007686097 -0.9951811537367367
		outer loop
			vertex 0.019237523898482323 0.017629403620958328 0.02809321880340576
			vertex 0.01956244371831417 0.017353663221001625 0.02807166613638401
			vertex 0.019463928416371346 0.01730157621204853 0.028082508593797684
		endloop
	endfacet
	facet normal -0.562641824233109 -0.6174696065405567 -0.5496957909810566
		outer loop
			vertex 0.018780341371893883 0.01765778288245201 0.02826995961368084
			vertex 0.018983611837029457 0.0173957422375679 0.028356250375509262
			vertex 0.018746502697467804 0.01760569028556347 0.02836311049759388
		endloop
	endfacet
	facet normal -0.5626363153108691 -0.6174678424853994 -0.5497034111135151
		outer loop
			vertex 0.018780341371893883 0.01765778288245201 0.02826995961368084
			vertex 0.019028199836611748 0.017438318580389023 0.0282627884298563
			vertex 0.018983611837029457 0.0173957422375679 0.028356250375509262
		endloop
	endfacet
	facet normal -0.470612852742907 -0.5079254484893552 -0.7214813106450302
		outer loop
			vertex 0.018825314939022064 0.017725490033626556 0.028192957863211632
			vertex 0.019028199836611748 0.017438318580389023 0.0282627884298563
			vertex 0.018780341371893883 0.01765778288245201 0.02826995961368084
		endloop
	endfacet
	facet normal -0.4706174561088737 -0.5079276019239038 -0.7214767918716752
		outer loop
			vertex 0.018825314939022064 0.017725490033626556 0.028192957863211632
			vertex 0.01908745989203453 0.01749337464570999 0.028185373172163963
			vertex 0.019028199836611748 0.017438318580389023 0.0282627884298563
		endloop
	endfacet
	facet normal -0.4618478923523962 -0.8758678017263529 -0.13982888910627725
		outer loop
			vertex 0.018452899530529976 0.017714815214276314 0.02847241424024105
			vertex 0.018718374893069267 0.01755787618458271 0.028578605502843857
			vertex 0.01844845525920391 0.01769946701824665 0.028583232313394547
		endloop
	endfacet
	facet normal -0.46184384653530036 -0.87586822129921 -0.13983962362519553
		outer loop
			vertex 0.018452899530529976 0.017714815214276314 0.02847241424024105
			vertex 0.018725495785474777 0.017571821808815002 0.02846774086356163
			vertex 0.018718374893069267 0.01755787618458271 0.028578605502843857
		endloop
	endfacet
	facet normal -0.35464648646839075 -0.372509856997301 -0.8575909724778336
		outer loop
			vertex 0.01887916959822178 0.017805416136980057 0.02813596837222576
			vertex 0.019158421084284782 0.017558153718709946 0.028127890080213547
			vertex 0.01908745989203453 0.01749337464570999 0.028185373172163963
		endloop
	endfacet
	facet normal -0.3546541557486176 -0.3725141770531062 -0.8575859243858206
		outer loop
			vertex 0.01887916959822178 0.017805416136980057 0.02813596837222576
			vertex 0.01908745989203453 0.01749337464570999 0.028185373172163963
			vertex 0.018825314939022064 0.017725490033626556 0.028192957863211632
		endloop
	endfacet
	facet normal -0.43899442409893163 -0.8252683379861725 -0.3552690050195596
		outer loop
			vertex 0.018466012552380562 0.01775282435119152 0.028367917984724045
			vertex 0.018725495785474777 0.017571821808815002 0.02846774086356163
			vertex 0.018452899530529976 0.017714815214276314 0.02847241424024105
		endloop
	endfacet
	facet normal -0.43899205349481174 -0.8252675563472538 -0.3552737499577484
		outer loop
			vertex 0.018466012552380562 0.01775282435119152 0.028367917984724045
			vertex 0.018746502697467804 0.01760569028556347 0.02836311049759388
			vertex 0.018725495785474777 0.017571821808815002 0.02846774086356163
		endloop
	endfacet
	facet normal -0.07478002950188468 -0.05191885712136167 -0.9958475683873056
		outer loop
			vertex 0.018939204514026642 0.017893550917506218 0.02810184843838215
			vertex 0.019002407789230347 0.017985476180911064 0.028092309832572937
			vertex 0.019320804625749588 0.017703551799058914 0.02808309905230999
		endloop
	endfacet
	facet normal -0.07478132803618304 -0.05192148829748947 -0.9958473336963446
		outer loop
			vertex 0.018939204514026642 0.017893550917506218 0.02810184843838215
			vertex 0.019320804625749588 0.017703551799058914 0.02808309905230999
			vertex 0.019237523898482323 0.017629403620958328 0.02809321880340576
		endloop
	endfacet
	facet normal -0.2204464514565027 -0.21790445450821708 -0.9507476062266539
		outer loop
			vertex 0.018939204514026642 0.017893550917506218 0.02810184843838215
			vertex 0.019158421084284782 0.017558153718709946 0.028127890080213547
			vertex 0.01887916959822178 0.017805416136980057 0.02813596837222576
		endloop
	endfacet
	facet normal -0.2204466539218311 -0.2179045809451279 -0.9507475303032855
		outer loop
			vertex 0.018939204514026642 0.017893550917506218 0.02810184843838215
			vertex 0.019237523898482323 0.017629403620958328 0.02809321880340576
			vertex 0.019158421084284782 0.017558153718709946 0.028127890080213547
		endloop
	endfacet
	facet normal -0.39430406217674235 -0.7336032894156013 -0.5534894039722256
		outer loop
			vertex 0.01848713681101799 0.01781158708035946 0.028274983167648315
			vertex 0.018780341371893883 0.01765778288245201 0.02826995961368084
			vertex 0.018746502697467804 0.01760569028556347 0.02836311049759388
		endloop
	endfacet
	facet normal -0.39430670697290304 -0.7336049005710573 -0.5534853843547403
		outer loop
			vertex 0.01848713681101799 0.01781158708035946 0.028274983167648315
			vertex 0.018746502697467804 0.01760569028556347 0.02836311049759388
			vertex 0.018466012552380562 0.01775282435119152 0.028367917984724045
		endloop
	endfacet
	facet normal -0.32980795187998235 -0.6050604646344335 -0.7246575391266517
		outer loop
			vertex 0.0185152105987072 0.017888158559799194 0.028198271989822388
			vertex 0.018780341371893883 0.01765778288245201 0.02826995961368084
			vertex 0.01848713681101799 0.01781158708035946 0.028274983167648315
		endloop
	endfacet
	facet normal -0.32980977457394856 -0.6050619247882435 -0.7246554904001122
		outer loop
			vertex 0.0185152105987072 0.017888158559799194 0.028198271989822388
			vertex 0.018825314939022064 0.017725490033626556 0.028192957863211632
			vertex 0.018780341371893883 0.01765778288245201 0.02826995961368084
		endloop
	endfacet
	facet normal -0.237831093594319 -0.9607809890116192 -0.14260526664042
		outer loop
			vertex 0.01815398596227169 0.01778845116496086 0.028474818915128708
			vertex 0.018452899530529976 0.017714815214276314 0.02847241424024105
			vertex 0.01844845525920391 0.01769946701824665 0.028583232313394547
		endloop
	endfacet
	facet normal -0.2378316655624726 -0.9607810683499697 -0.14260377819704292
		outer loop
			vertex 0.01815398596227169 0.01778845116496086 0.028474818915128708
			vertex 0.01844845525920391 0.01769946701824665 0.028583232313394547
			vertex 0.018152475357055664 0.017772380262613297 0.028585614636540413
		endloop
	endfacet
	facet normal -0.24853957483927763 -0.4457109618506951 -0.8599824522772772
		outer loop
			vertex 0.01854882761836052 0.017978699877858162 0.028141630813479424
			vertex 0.018825314939022064 0.017725490033626556 0.028192957863211632
			vertex 0.0185152105987072 0.017888158559799194 0.028198271989822388
		endloop
	endfacet
	facet normal -0.2485454103926574 -0.44571641870343653 -0.8599779375489399
		outer loop
			vertex 0.01854882761836052 0.017978699877858162 0.028141630813479424
			vertex 0.01887916959822178 0.017805416136980057 0.02813596837222576
			vertex 0.018825314939022064 0.017725490033626556 0.028192957863211632
		endloop
	endfacet
	facet normal -0.2260654680142993 -0.9059787328702746 -0.3579063281897202
		outer loop
			vertex 0.0181584432721138 0.017828593030571938 0.028370393440127373
			vertex 0.018466012552380562 0.01775282435119152 0.028367917984724045
			vertex 0.018452899530529976 0.017714815214276314 0.02847241424024105
		endloop
	endfacet
	facet normal -0.22606244463816705 -0.9059768635532193 -0.3579129696315674
		outer loop
			vertex 0.0181584432721138 0.017828593030571938 0.028370393440127373
			vertex 0.018452899530529976 0.017714815214276314 0.02847241424024105
			vertex 0.01815398596227169 0.01778845116496086 0.028474818915128708
		endloop
	endfacet
	facet normal -0.05240484813901419 -0.06734592092949071 -0.9963524772015603
		outer loop
			vertex 0.018586304038763046 0.018078668043017387 0.0281078964471817
			vertex 0.018625756725668907 0.01818305253982544 0.02809876576066017
			vertex 0.019002407789230347 0.017985476180911064 0.028092309832572937
		endloop
	endfacet
	facet normal -0.05240663843955449 -0.06735402199940012 -0.9963518354316262
		outer loop
			vertex 0.018586304038763046 0.018078668043017387 0.0281078964471817
			vertex 0.019002407789230347 0.017985476180911064 0.028092309832572937
			vertex 0.018939204514026642 0.017893550917506218 0.02810184843838215
		endloop
	endfacet
	facet normal -0.15449160047882168 -0.2634064249374237 -0.9522339001963632
		outer loop
			vertex 0.018586304038763046 0.018078668043017387 0.0281078964471817
			vertex 0.018939204514026642 0.017893550917506218 0.02810184843838215
			vertex 0.01887916959822178 0.017805416136980057 0.02813596837222576
		endloop
	endfacet
	facet normal -0.15449777787450739 -0.2634127626670628 -0.9522311447836315
		outer loop
			vertex 0.018586304038763046 0.018078668043017387 0.0281078964471817
			vertex 0.01887916959822178 0.017805416136980057 0.02813596837222576
			vertex 0.01854882761836052 0.017978699877858162 0.028141630813479424
		endloop
	endfacet
	facet normal -0.20305547786727848 -0.806099773836048 -0.5558521633758057
		outer loop
			vertex 0.018165623769164085 0.017890790477395058 0.028277572244405746
			vertex 0.01848713681101799 0.01781158708035946 0.028274983167648315
			vertex 0.018466012552380562 0.01775282435119152 0.028367917984724045
		endloop
	endfacet
	facet normal -0.2030532616666195 -0.8060975708179925 -0.5558561677699361
		outer loop
			vertex 0.018165623769164085 0.017890790477395058 0.028277572244405746
			vertex 0.018466012552380562 0.01775282435119152 0.028367917984724045
			vertex 0.0181584432721138 0.017828593030571938 0.028370393440127373
		endloop
	endfacet
	facet normal -0.16984258257295803 -0.6656946986026603 -0.7266388823874355
		outer loop
			vertex 0.018175166100263596 0.017971927300095558 0.028201010078191757
			vertex 0.01848713681101799 0.01781158708035946 0.028274983167648315
			vertex 0.018165623769164085 0.017890790477395058 0.028277572244405746
		endloop
	endfacet
	facet normal -0.16984246374483586 -0.6656945450957236 -0.7266390507940527
		outer loop
			vertex 0.018175166100263596 0.017971927300095558 0.028201010078191757
			vertex 0.0185152105987072 0.017888158559799194 0.028198271989822388
			vertex 0.01848713681101799 0.01781158708035946 0.028274983167648315
		endloop
	endfacet
	facet normal 0 -0.989643410285063 -0.14354762442949284
		outer loop
			vertex 0.01784612610936165 0.01778845116496086 0.028474818915128708
			vertex 0.01815398596227169 0.01778845116496086 0.028474818915128708
			vertex 0.018152475357055664 0.017772380262613297 0.028585614636540413
		endloop
	endfacet
	facet normal 0 -0.9896434102850629 -0.14354762442949284
		outer loop
			vertex 0.01784612610936165 0.01778845116496086 0.028474818915128708
			vertex 0.018152475357055664 0.017772380262613297 0.028585614636540413
			vertex 0.017847638577222824 0.017772380262613297 0.028585614636540413
		endloop
	endfacet
	facet normal -0.1279890162340208 -0.4914043224941845 -0.8614758287714631
		outer loop
			vertex 0.018186593428254128 0.01806793548166752 0.02814454585313797
			vertex 0.01854882761836052 0.017978699877858162 0.028141630813479424
			vertex 0.0185152105987072 0.017888158559799194 0.028198271989822388
		endloop
	endfacet
	facet normal -0.12799439379849112 -0.4914125165994808 -0.8614703556626438
		outer loop
			vertex 0.018186593428254128 0.01806793548166752 0.02814454585313797
			vertex 0.0185152105987072 0.017888158559799194 0.028198271989822388
			vertex 0.018175166100263596 0.017971927300095558 0.028201010078191757
		endloop
	endfacet
	facet normal 0 -0.9334108149363748 -0.358809490621155
		outer loop
			vertex 0.01784166879951954 0.017828593030571938 0.028370393440127373
			vertex 0.0181584432721138 0.017828593030571938 0.028370393440127373
			vertex 0.01815398596227169 0.01778845116496086 0.028474818915128708
		endloop
	endfacet
	facet normal 0 -0.9334108149363748 -0.358809490621155
		outer loop
			vertex 0.01784166879951954 0.017828593030571938 0.028370393440127373
			vertex 0.01815398596227169 0.01778845116496086 0.028474818915128708
			vertex 0.01784612610936165 0.01778845116496086 0.028474818915128708
		endloop
	endfacet
	facet normal -0.026988786160460604 -0.07700475004685692 -0.9966653770909303
		outer loop
			vertex 0.018199332058429718 0.01817399635910988 0.028111012652516365
			vertex 0.01821274310350418 0.01828479766845703 0.0281020887196064
			vertex 0.018625756725668907 0.01818305253982544 0.02809876576066017
		endloop
	endfacet
	facet normal -0.026989380906359123 -0.07697937459512853 -0.996667321228721
		outer loop
			vertex 0.018199332058429718 0.01817399635910988 0.028111012652516365
			vertex 0.018625756725668907 0.01818305253982544 0.02809876576066017
			vertex 0.018586304038763046 0.018078668043017387 0.0281078964471817
		endloop
	endfacet
	facet normal -0.07956318350869093 -0.2918176310600118 -0.9531590476056373
		outer loop
			vertex 0.018199332058429718 0.01817399635910988 0.028111012652516365
			vertex 0.018586304038763046 0.018078668043017387 0.0281078964471817
			vertex 0.01854882761836052 0.017978699877858162 0.028141630813479424
		endloop
	endfacet
	facet normal -0.0795561960747398 -0.2918057865481543 -0.9531632570568017
		outer loop
			vertex 0.018199332058429718 0.01817399635910988 0.028111012652516365
			vertex 0.01854882761836052 0.017978699877858162 0.028141630813479424
			vertex 0.018186593428254128 0.01806793548166752 0.02814454585313797
		endloop
	endfacet
	facet normal 0 -0.8307399896924549 -0.5566606412580108
		outer loop
			vertex 0.017834490165114403 0.017890790477395058 0.028277572244405746
			vertex 0.018165623769164085 0.017890790477395058 0.028277572244405746
			vertex 0.0181584432721138 0.017828593030571938 0.028370393440127373
		endloop
	endfacet
	facet normal 0 -0.8307399896924549 -0.5566606412580108
		outer loop
			vertex 0.017834490165114403 0.017890790477395058 0.028277572244405746
			vertex 0.0181584432721138 0.017828593030571938 0.028370393440127373
			vertex 0.01784166879951954 0.017828593030571938 0.028370393440127373
		endloop
	endfacet
	facet normal 0 -0.6863057649289468 -0.7273131354686874
		outer loop
			vertex 0.017824945971369743 0.017971927300095558 0.028201010078191757
			vertex 0.018175166100263596 0.017971927300095558 0.028201010078191757
			vertex 0.018165623769164085 0.017890790477395058 0.028277572244405746
		endloop
	endfacet
	facet normal 0 -0.6863057649289469 -0.7273131354686874
		outer loop
			vertex 0.017824945971369743 0.017971927300095558 0.028201010078191757
			vertex 0.018165623769164085 0.017890790477395058 0.028277572244405746
			vertex 0.017834490165114403 0.017890790477395058 0.028277572244405746
		endloop
	endfacet
	facet normal 0.2378315202176984 -0.9607803016525188 -0.14260918605557443
		outer loop
			vertex 0.017547212541103363 0.017714815214276314 0.02847241424024105
			vertex 0.017847638577222824 0.017772380262613297 0.028585614636540413
			vertex 0.017551658675074577 0.01769946701824665 0.028583232313394547
		endloop
	endfacet
	facet normal 0.23783102801937808 -0.96078064315575 -0.14260770613283705
		outer loop
			vertex 0.017547212541103363 0.017714815214276314 0.02847241424024105
			vertex 0.01784612610936165 0.01778845116496086 0.028474818915128708
			vertex 0.017847638577222824 0.017772380262613297 0.028585614636540413
		endloop
	endfacet
	facet normal 0 -0.5069455798273218 -0.8619780618400567
		outer loop
			vertex 0.01781351864337921 0.01806793548166752 0.02814454585313797
			vertex 0.018175166100263596 0.017971927300095558 0.028201010078191757
			vertex 0.017824945971369743 0.017971927300095558 0.028201010078191757
		endloop
	endfacet
	facet normal 0 -0.5069455798273219 -0.8619780618400568
		outer loop
			vertex 0.01781351864337921 0.01806793548166752 0.02814454585313797
			vertex 0.018186593428254128 0.01806793548166752 0.02814454585313797
			vertex 0.018175166100263596 0.017971927300095558 0.028201010078191757
		endloop
	endfacet
	facet normal 0.2260649190740241 -0.9059762912985307 -0.3579128552720827
		outer loop
			vertex 0.017534099519252777 0.01775282435119152 0.028367917984724045
			vertex 0.01784166879951954 0.017828593030571938 0.028370393440127373
			vertex 0.01784612610936165 0.01778845116496086 0.028474818915128708
		endloop
	endfacet
	facet normal 0.2260630094947184 -0.9059793758220429 -0.35790625354035444
		outer loop
			vertex 0.017534099519252777 0.01775282435119152 0.028367917984724045
			vertex 0.01784612610936165 0.01778845116496086 0.028474818915128708
			vertex 0.017547212541103363 0.017714815214276314 0.02847241424024105
		endloop
	endfacet
	facet normal 0 -0.08028000431193782 -0.99677235159673
		outer loop
			vertex 0.01780078001320362 0.01817399635910988 0.028111012652516365
			vertex 0.017787368968129158 0.01828479766845703 0.0281020887196064
			vertex 0.01821274310350418 0.01828479766845703 0.0281020887196064
		endloop
	endfacet
	facet normal 0 -0.08028000431193784 -0.9967723515967302
		outer loop
			vertex 0.01780078001320362 0.01817399635910988 0.028111012652516365
			vertex 0.01821274310350418 0.01828479766845703 0.0281020887196064
			vertex 0.018199332058429718 0.01817399635910988 0.028111012652516365
		endloop
	endfacet
	facet normal 0 -0.3014607250808504 -0.9534785950579739
		outer loop
			vertex 0.01780078001320362 0.01817399635910988 0.028111012652516365
			vertex 0.018199332058429718 0.01817399635910988 0.028111012652516365
			vertex 0.018186593428254128 0.01806793548166752 0.02814454585313797
		endloop
	endfacet
	facet normal 0 -0.3014607250808505 -0.953478595057974
		outer loop
			vertex 0.01780078001320362 0.01817399635910988 0.028111012652516365
			vertex 0.018186593428254128 0.01806793548166752 0.02814454585313797
			vertex 0.01781351864337921 0.01806793548166752 0.02814454585313797
		endloop
	endfacet
	facet normal 0.2030553119127189 -0.8060990645659274 -0.5558532525855772
		outer loop
			vertex 0.017512977123260498 0.01781158708035946 0.028274983167648315
			vertex 0.017834490165114403 0.017890790477395058 0.028277572244405746
			vertex 0.01784166879951954 0.017828593030571938 0.028370393440127373
		endloop
	endfacet
	facet normal 0.2030543120348028 -0.8061020598228211 -0.5558492740963848
		outer loop
			vertex 0.017512977123260498 0.01781158708035946 0.028274983167648315
			vertex 0.01784166879951954 0.017828593030571938 0.028370393440127373
			vertex 0.017534099519252777 0.01775282435119152 0.028367917984724045
		endloop
	endfacet
	facet normal 0.1698425402424901 -0.6656945211309249 -0.7266390548685412
		outer loop
			vertex 0.01748490333557129 0.017888158559799194 0.028198271989822388
			vertex 0.017834490165114403 0.017890790477395058 0.028277572244405746
			vertex 0.017512977123260498 0.01781158708035946 0.028274983167648315
		endloop
	endfacet
	facet normal 0.1698429157353152 -0.6656925469376728 -0.7266407757111907
		outer loop
			vertex 0.01748490333557129 0.017888158559799194 0.028198271989822388
			vertex 0.017824945971369743 0.017971927300095558 0.028201010078191757
			vertex 0.017834490165114403 0.017890790477395058 0.028277572244405746
		endloop
	endfacet
	facet normal 0.4618473326533598 -0.8758663842111234 -0.13983961645367063
		outer loop
			vertex 0.01727461814880371 0.017571821808815002 0.02846774086356163
			vertex 0.017551658675074577 0.01769946701824665 0.028583232313394547
			vertex 0.01728173904120922 0.01755787618458271 0.028578605502843857
		endloop
	endfacet
	facet normal 0.46184647999538775 -0.8758673266810314 -0.13983652944954517
		outer loop
			vertex 0.01727461814880371 0.017571821808815002 0.02846774086356163
			vertex 0.017547212541103363 0.017714815214276314 0.02847241424024105
			vertex 0.017551658675074577 0.01769946701824665 0.028583232313394547
		endloop
	endfacet
	facet normal 0.1279911171383337 -0.49141302301997275 -0.8614705536117025
		outer loop
			vertex 0.01745128445327282 0.017978699877858162 0.028141630813479424
			vertex 0.01781351864337921 0.01806793548166752 0.02814454585313797
			vertex 0.017824945971369743 0.017971927300095558 0.028201010078191757
		endloop
	endfacet
	facet normal 0.12799236982948461 -0.4914012344848071 -0.8614770919834377
		outer loop
			vertex 0.01745128445327282 0.017978699877858162 0.028141630813479424
			vertex 0.017824945971369743 0.017971927300095558 0.028201010078191757
			vertex 0.01748490333557129 0.017888158559799194 0.028198271989822388
		endloop
	endfacet
	facet normal 0.438995113501446 -0.8252679887126065 -0.35526896448761397
		outer loop
			vertex 0.017253611236810684 0.01760569028556347 0.02836311049759388
			vertex 0.017534099519252777 0.01775282435119152 0.028367917984724045
			vertex 0.017547212541103363 0.017714815214276314 0.02847241424024105
		endloop
	endfacet
	facet normal 0.43899597913247 -0.8252654257359768 -0.3552738484469988
		outer loop
			vertex 0.017253611236810684 0.01760569028556347 0.02836311049759388
			vertex 0.017547212541103363 0.017714815214276314 0.02847241424024105
			vertex 0.01727461814880371 0.017571821808815002 0.02846774086356163
		endloop
	endfacet
	facet normal 0.026983243374234665 -0.07698169318034796 -0.9966673083291604
		outer loop
			vertex 0.017413809895515442 0.018078668043017387 0.0281078964471817
			vertex 0.01737435720860958 0.01818305253982544 0.02809876576066017
			vertex 0.017787368968129158 0.01828479766845703 0.0281020887196064
		endloop
	endfacet
	facet normal 0.026995541542924675 -0.0770039228090707 -0.9966652580524812
		outer loop
			vertex 0.017413809895515442 0.018078668043017387 0.0281078964471817
			vertex 0.017787368968129158 0.01828479766845703 0.0281020887196064
			vertex 0.01780078001320362 0.01817399635910988 0.028111012652516365
		endloop
	endfacet
	facet normal 0.07956053817471394 -0.2918052065817198 -0.9531630721850013
		outer loop
			vertex 0.017413809895515442 0.018078668043017387 0.0281078964471817
			vertex 0.01780078001320362 0.01817399635910988 0.028111012652516365
			vertex 0.01781351864337921 0.01806793548166752 0.02814454585313797
		endloop
	endfacet
	facet normal 0.0795597187591123 -0.2918202403427539 -0.9531585379553963
		outer loop
			vertex 0.017413809895515442 0.018078668043017387 0.0281078964471817
			vertex 0.01781351864337921 0.01806793548166752 0.02814454585313797
			vertex 0.01745128445327282 0.017978699877858162 0.028141630813479424
		endloop
	endfacet
	facet normal 0.39430751734022734 -0.7336013173662976 -0.5534895562948041
		outer loop
			vertex 0.017219772562384605 0.01765778288245201 0.02826995961368084
			vertex 0.017534099519252777 0.01775282435119152 0.028367917984724045
			vertex 0.017253611236810684 0.01760569028556347 0.02836311049759388
		endloop
	endfacet
	facet normal 0.39430683253586274 -0.7336088770463074 -0.5534800243318553
		outer loop
			vertex 0.017219772562384605 0.01765778288245201 0.02826995961368084
			vertex 0.017512977123260498 0.01781158708035946 0.028274983167648315
			vertex 0.017534099519252777 0.01775282435119152 0.028367917984724045
		endloop
	endfacet
	facet normal 0.32980714266919775 -0.6050588663801028 -0.7246592418918042
		outer loop
			vertex 0.017174797132611275 0.017725490033626556 0.028192957863211632
			vertex 0.017512977123260498 0.01781158708035946 0.028274983167648315
			vertex 0.017219772562384605 0.01765778288245201 0.02826995961368084
		endloop
	endfacet
	facet normal 0.329807232723635 -0.6050607867548017 -0.7246575974726537
		outer loop
			vertex 0.017174797132611275 0.017725490033626556 0.028192957863211632
			vertex 0.01748490333557129 0.017888158559799194 0.028198271989822388
			vertex 0.017512977123260498 0.01781158708035946 0.028274983167648315
		endloop
	endfacet
	facet normal 0.6590108384827136 -0.7398471359702217 -0.1353917654769709
		outer loop
			vertex 0.017044181004166603 0.017367782071232796 0.028461074456572533
			vertex 0.01728173904120922 0.01755787618458271 0.028578605502843857
			vertex 0.01705356501042843 0.017355840653181076 0.028572004288434982
		endloop
	endfacet
	facet normal 0.6590112224532244 -0.7398464484224083 -0.1353936536084887
		outer loop
			vertex 0.017044181004166603 0.017367782071232796 0.028461074456572533
			vertex 0.01727461814880371 0.017571821808815002 0.02846774086356163
			vertex 0.01728173904120922 0.01755787618458271 0.028578605502843857
		endloop
	endfacet
	facet normal 0.24854044323500998 -0.44570673863852345 -0.8599843900959808
		outer loop
			vertex 0.01712094247341156 0.017805416136980057 0.02813596837222576
			vertex 0.01745128445327282 0.017978699877858162 0.028141630813479424
			vertex 0.01748490333557129 0.017888158559799194 0.028198271989822388
		endloop
	endfacet
	facet normal 0.24854201033456053 -0.4457186030920495 -0.8599777880599749
		outer loop
			vertex 0.01712094247341156 0.017805416136980057 0.02813596837222576
			vertex 0.01748490333557129 0.017888158559799194 0.028198271989822388
			vertex 0.017174797132611275 0.017725490033626556 0.028192957863211632
		endloop
	endfacet
	facet normal 0.6264057830561737 -0.695976969439069 -0.351043947340203
		outer loop
			vertex 0.01701650209724903 0.0173957422375679 0.028356250375509262
			vertex 0.01727461814880371 0.017571821808815002 0.02846774086356163
			vertex 0.017044181004166603 0.017367782071232796 0.028461074456572533
		endloop
	endfacet
	facet normal 0.6264060833417043 -0.6959739166542527 -0.3510494638785897
		outer loop
			vertex 0.01701650209724903 0.0173957422375679 0.028356250375509262
			vertex 0.017253611236810684 0.01760569028556347 0.02836311049759388
			vertex 0.01727461814880371 0.017571821808815002 0.02846774086356163
		endloop
	endfacet
	facet normal 0.052408437137434725 -0.06735278416901833 -0.9963518244985018
		outer loop
			vertex 0.017060909420251846 0.017893550917506218 0.02810184843838215
			vertex 0.01699770614504814 0.017985476180911064 0.028092309832572937
			vertex 0.01737435720860958 0.01818305253982544 0.02809876576066017
		endloop
	endfacet
	facet normal 0.15449650907760373 -0.26341589410795774 -0.9522304843965768
		outer loop
			vertex 0.017060909420251846 0.017893550917506218 0.02810184843838215
			vertex 0.017413809895515442 0.018078668043017387 0.0281078964471817
			vertex 0.01745128445327282 0.017978699877858162 0.028141630813479424
		endloop
	endfacet
	facet normal 0.052402807903385126 -0.0673466968464101 -0.9963525320626825
		outer loop
			vertex 0.017060909420251846 0.017893550917506218 0.02810184843838215
			vertex 0.01737435720860958 0.01818305253982544 0.02809876576066017
			vertex 0.017413809895515442 0.018078668043017387 0.0281078964471817
		endloop
	endfacet
	facet normal 0.1544948792120505 -0.2634071708454672 -0.9522331619117458
		outer loop
			vertex 0.017060909420251846 0.017893550917506218 0.02810184843838215
			vertex 0.01745128445327282 0.017978699877858162 0.028141630813479424
			vertex 0.01712094247341156 0.017805416136980057 0.02813596837222576
		endloop
	endfacet
	facet normal 0.562638579831578 -0.617465690156086 -0.5497035109631131
		outer loop
			vertex 0.01697191409766674 0.017438318580389023 0.0282627884298563
			vertex 0.017253611236810684 0.01760569028556347 0.02836311049759388
			vertex 0.01701650209724903 0.0173957422375679 0.028356250375509262
		endloop
	endfacet
	facet normal 0.5626394190017029 -0.6174715890476831 -0.5496960259128273
		outer loop
			vertex 0.01697191409766674 0.017438318580389023 0.0282627884298563
			vertex 0.017219772562384605 0.01765778288245201 0.02826995961368084
			vertex 0.017253611236810684 0.01760569028556347 0.02836311049759388
		endloop
	endfacet
	facet normal 0.47061595660106886 -0.5079291041746992 -0.7214767123925404
		outer loop
			vertex 0.016912654042243958 0.01749337464570999 0.028185373172163963
			vertex 0.017219772562384605 0.01765778288245201 0.02826995961368084
			vertex 0.01697191409766674 0.017438318580389023 0.0282627884298563
		endloop
	endfacet
	facet normal 0.4706128239911216 -0.5079182808750232 -0.7214863753724411
		outer loop
			vertex 0.016912654042243958 0.01749337464570999 0.028185373172163963
			vertex 0.017174797132611275 0.017725490033626556 0.028192957863211632
			vertex 0.017219772562384605 0.01765778288245201 0.02826995961368084
		endloop
	endfacet
	facet normal 0.8178823238089507 -0.5606172306690473 -0.12952538391311152
		outer loop
			vertex 0.01686929725110531 0.017114553600549698 0.028452802449464798
			vertex 0.01705356501042843 0.017355840653181076 0.028572004288434982
			vertex 0.016880396753549576 0.0171050988137722 0.028563812375068665
		endloop
	endfacet
	facet normal 0.8178837155837335 -0.5606124823413646 -0.12953714689616888
		outer loop
			vertex 0.01686929725110531 0.017114553600549698 0.028452802449464798
			vertex 0.017044181004166603 0.017367782071232796 0.028461074456572533
			vertex 0.01705356501042843 0.017355840653181076 0.028572004288434982
		endloop
	endfacet
	facet normal 0.35465317565940974 -0.37251490193233827 -0.8575860148306036
		outer loop
			vertex 0.016841692849993706 0.017558153718709946 0.028127890080213547
			vertex 0.01712094247341156 0.017805416136980057 0.02813596837222576
			vertex 0.017174797132611275 0.017725490033626556 0.028192957863211632
		endloop
	endfacet
	facet normal 0.354649853764929 -0.3725063026659154 -0.8575911238455561
		outer loop
			vertex 0.016841692849993706 0.017558153718709946 0.028127890080213547
			vertex 0.017174797132611275 0.017725490033626556 0.028192957863211632
			vertex 0.016912654042243958 0.01749337464570999 0.028185373172163963
		endloop
	endfacet
	facet normal 0.7774179880728268 -0.5256123200276888 -0.3454749786249485
		outer loop
			vertex 0.016836553812026978 0.01713518053293228 0.028347738087177277
			vertex 0.017044181004166603 0.017367782071232796 0.028461074456572533
			vertex 0.01686929725110531 0.017114553600549698 0.028452802449464798
		endloop
	endfacet
	facet normal 0.7774178761227415 -0.5256114592072701 -0.3454765402090423
		outer loop
			vertex 0.016836553812026978 0.01713518053293228 0.028347738087177277
			vertex 0.01701650209724903 0.0173957422375679 0.028356250375509262
			vertex 0.017044181004166603 0.017367782071232796 0.028461074456572533
		endloop
	endfacet
	facet normal 0.07478266670483104 -0.05192184706131598 -0.9958472144652792
		outer loop
			vertex 0.016762588173151016 0.017629403620958328 0.02809321880340576
			vertex 0.0166793093085289 0.017703551799058914 0.02808309905230999
			vertex 0.01699770614504814 0.017985476180911064 0.028092309832572937
		endloop
	endfacet
	facet normal 0.07477910520507583 -0.051919496365997984 -0.9958476044665818
		outer loop
			vertex 0.016762588173151016 0.017629403620958328 0.02809321880340576
			vertex 0.01699770614504814 0.017985476180911064 0.028092309832572937
			vertex 0.017060909420251846 0.017893550917506218 0.02810184843838215
		endloop
	endfacet
	facet normal 0.220447972006506 -0.2179076570625473 -0.9507465196527044
		outer loop
			vertex 0.016762588173151016 0.017629403620958328 0.02809321880340576
			vertex 0.017060909420251846 0.017893550917506218 0.02810184843838215
			vertex 0.01712094247341156 0.017805416136980057 0.02813596837222576
		endloop
	endfacet
	facet normal 0.22044504337096008 -0.21790116835357212 -0.9507486858698906
		outer loop
			vertex 0.016762588173151016 0.017629403620958328 0.02809321880340576
			vertex 0.01712094247341156 0.017805416136980057 0.02813596837222576
			vertex 0.016841692849993706 0.017558153718709946 0.028127890080213547
		endloop
	endfacet
	facet normal 0.6982743539882851 -0.4644450153191814 -0.5447051994495817
		outer loop
			vertex 0.016783807426691055 0.01716594584286213 0.028253888711333275
			vertex 0.01701650209724903 0.0173957422375679 0.028356250375509262
			vertex 0.016836553812026978 0.01713518053293228 0.028347738087177277
		endloop
	endfacet
	facet normal 0.6982747336510053 -0.4644459847824778 -0.5447038861290161
		outer loop
			vertex 0.016783807426691055 0.01716594584286213 0.028253888711333275
			vertex 0.01697191409766674 0.017438318580389023 0.0282627884298563
			vertex 0.01701650209724903 0.0173957422375679 0.028356250375509262
		endloop
	endfacet
	facet normal 0.5840695234752991 -0.37993356925480304 -0.7172958069727181
		outer loop
			vertex 0.016713706776499748 0.01720530353486538 0.0281759612262249
			vertex 0.016912654042243958 0.01749337464570999 0.028185373172163963
			vertex 0.01697191409766674 0.017438318580389023 0.0282627884298563
		endloop
	endfacet
	facet normal 0.5840698741552707 -0.37993418597183487 -0.7172951947658408
		outer loop
			vertex 0.016713706776499748 0.01720530353486538 0.0281759612262249
			vertex 0.01697191409766674 0.017438318580389023 0.0282627884298563
			vertex 0.016783807426691055 0.01716594584286213 0.028253888711333275
		endloop
	endfacet
	facet normal 0.9292234894734711 -0.34858732416826305 -0.12259928237945095
		outer loop
			vertex 0.01676012948155403 0.016826853156089783 0.02844340167939663
			vertex 0.01686929725110531 0.017114553600549698 0.028452802449464798
			vertex 0.016880396753549576 0.0171050988137722 0.028563812375068665
		endloop
	endfacet
	facet normal 0.9292233672541059 -0.3485892928264108 -0.12259461112024461
		outer loop
			vertex 0.01676012948155403 0.016826853156089783 0.02844340167939663
			vertex 0.016880396753549576 0.0171050988137722 0.028563812375068665
			vertex 0.016772300004959106 0.01682022213935852 0.028554504737257957
		endloop
	endfacet
	facet normal 0.9865586023003672 -0.116091990302875 -0.11499901745085894
		outer loop
			vertex 0.01676012948155403 0.016826853156089783 0.02844340167939663
			vertex 0.016772300004959106 0.01682022213935852 0.028554504737257957
			vertex 0.016735557466745377 0.016517769545316696 0.028544623404741287
		endloop
	endfacet
	facet normal 0.9865551540615867 -0.11609906441659824 -0.11502145554682346
		outer loop
			vertex 0.01676012948155403 0.016826853156089783 0.02844340167939663
			vertex 0.016735557466745377 0.016517769545316696 0.028544623404741287
			vertex 0.016723020002245903 0.016521401703357697 0.02843342162668705
		endloop
	endfacet
	facet normal 0.4401438980589222 -0.27605505426773774 -0.8544395566772021
		outer loop
			vertex 0.016629761084914207 0.017251282930374146 0.028117863461375237
			vertex 0.016912654042243958 0.01749337464570999 0.028185373172163963
			vertex 0.016713706776499748 0.01720530353486538 0.0281759612262249
		endloop
	endfacet
	facet normal 0.4401443570006098 -0.27605571611290375 -0.8544391064329346
		outer loop
			vertex 0.016629761084914207 0.017251282930374146 0.028117863461375237
			vertex 0.016841692849993706 0.017558153718709946 0.028127890080213547
			vertex 0.016912654042243958 0.01749337464570999 0.028185373172163963
		endloop
	endfacet
	facet normal 0.8832438562324211 -0.3240724343184175 -0.338906104611023
		outer loop
			vertex 0.016724223271012306 0.016839150339365005 0.02833806537091732
			vertex 0.01686929725110531 0.017114553600549698 0.028452802449464798
			vertex 0.01676012948155403 0.016826853156089783 0.02844340167939663
		endloop
	endfacet
	facet normal 0.9377408385169387 -0.10308952282972937 -0.3316845942462318
		outer loop
			vertex 0.016724223271012306 0.016839150339365005 0.02833806537091732
			vertex 0.01676012948155403 0.016826853156089783 0.02844340167939663
			vertex 0.016723020002245903 0.016521401703357697 0.02843342162668705
		endloop
	endfacet
	facet normal 0.883246854181075 -0.3240804701013853 -0.3388906069487618
		outer loop
			vertex 0.016724223271012306 0.016839150339365005 0.02833806537091732
			vertex 0.016836553812026978 0.01713518053293228 0.028347738087177277
			vertex 0.01686929725110531 0.017114553600549698 0.028452802449464798
		endloop
	endfacet
	facet normal 0.9377459528639132 -0.1030855714221176 -0.3316713627251036
		outer loop
			vertex 0.016724223271012306 0.016839150339365005 0.02833806537091732
			vertex 0.016723020002245903 0.016521401703357697 0.02843342162668705
			vertex 0.01668604090809822 0.01652485318481922 0.02832779660820961
		endloop
	endfacet
	facet normal 0.09282644366098135 -0.03158913067903989 -0.9951810780858916
		outer loop
			vertex 0.016536185517907143 0.01730157621204853 0.028082508593797684
			vertex 0.016437670215964317 0.017353663221001625 0.02807166613638401
			vertex 0.0166793093085289 0.017703551799058914 0.02808309905230999
		endloop
	endfacet
	facet normal 0.09281043885265053 -0.03158342969333805 -0.9951827517641093
		outer loop
			vertex 0.016536185517907143 0.01730157621204853 0.028082508593797684
			vertex 0.0166793093085289 0.017703551799058914 0.02808309905230999
			vertex 0.016762588173151016 0.017629403620958328 0.02809321880340576
		endloop
	endfacet
	facet normal 0.27358779566156843 -0.1579467173874285 -0.948790046602292
		outer loop
			vertex 0.016536185517907143 0.01730157621204853 0.028082508593797684
			vertex 0.016762588173151016 0.017629403620958328 0.02809321880340576
			vertex 0.016841692849993706 0.017558153718709946 0.028127890080213547
		endloop
	endfacet
	facet normal 0.27358525987294785 -0.1579434731669403 -0.9487913178693277
		outer loop
			vertex 0.016536185517907143 0.01730157621204853 0.028082508593797684
			vertex 0.016841692849993706 0.017558153718709946 0.028127890080213547
			vertex 0.016629761084914207 0.017251282930374146 0.028117863461375237
		endloop
	endfacet
	facet normal 0.8422882352687173 -0.0849341320961837 -0.5322938304479753
		outer loop
			vertex 0.016666386276483536 0.016856493428349495 0.02824377827346325
			vertex 0.016724223271012306 0.016839150339365005 0.02833806537091732
			vertex 0.01668604090809822 0.01652485318481922 0.02832779660820961
		endloop
	endfacet
	facet normal 0.8422827482465562 -0.08493655880844761 -0.5323021256617408
		outer loop
			vertex 0.016666386276483536 0.016856493428349495 0.02824377827346325
			vertex 0.01668604090809822 0.01652485318481922 0.02832779660820961
			vertex 0.016626471653580666 0.016527948901057243 0.02823304384946823
		endloop
	endfacet
	facet normal 0.7933372845568826 -0.2834324301897025 -0.5387782572159637
		outer loop
			vertex 0.016666386276483536 0.016856493428349495 0.02824377827346325
			vertex 0.016836553812026978 0.01713518053293228 0.028347738087177277
			vertex 0.016724223271012306 0.016839150339365005 0.02833806537091732
		endloop
	endfacet
	facet normal 0.7933322041891693 -0.28342509891499246 -0.5387895944627931
		outer loop
			vertex 0.016666386276483536 0.016856493428349495 0.02824377827346325
			vertex 0.016783807426691055 0.01716594584286213 0.028253888711333275
			vertex 0.016836553812026978 0.01713518053293228 0.028347738087177277
		endloop
	endfacet
	facet normal 0.6635780646283372 -0.22852595962233854 -0.7123482560677745
		outer loop
			vertex 0.016589516773819923 0.01687801629304886 0.028165269643068314
			vertex 0.016713706776499748 0.01720530353486538 0.0281759612262249
			vertex 0.016783807426691055 0.01716594584286213 0.028253888711333275
		endloop
	endfacet
	facet normal 0.7045204564192651 -0.06249068298830261 -0.7069270408086297
		outer loop
			vertex 0.016589516773819923 0.01687801629304886 0.028165269643068314
			vertex 0.016626471653580666 0.016527948901057243 0.02823304384946823
			vertex 0.016547301784157753 0.016530534252524376 0.0281539149582386
		endloop
	endfacet
	facet normal 0.7045119944225069 -0.0624931664507608 -0.7069352543633534
		outer loop
			vertex 0.016589516773819923 0.01687801629304886 0.028165269643068314
			vertex 0.016666386276483536 0.016856493428349495 0.02824377827346325
			vertex 0.016626471653580666 0.016527948901057243 0.02823304384946823
		endloop
	endfacet
	facet normal 0.6635682404987988 -0.2285154790275907 -0.7123607695866744
		outer loop
			vertex 0.016589516773819923 0.01687801629304886 0.028165269643068314
			vertex 0.016783807426691055 0.01716594584286213 0.028253888711333275
			vertex 0.016666386276483536 0.016856493428349495 0.02824377827346325
		endloop
	endfacet
	facet normal 0.5000604029010067 -0.16195379487004719 -0.8507117971308931
		outer loop
			vertex 0.016497468575835228 0.016902636736631393 0.02810647338628769
			vertex 0.016629761084914207 0.017251282930374146 0.028117863461375237
			vertex 0.016713706776499748 0.01720530353486538 0.0281759612262249
		endloop
	endfacet
	facet normal 0.5309178509300991 -0.036838636556692686 -0.8466222005241825
		outer loop
			vertex 0.016497468575835228 0.016902636736631393 0.02810647338628769
			vertex 0.016547301784157753 0.016530534252524376 0.0281539149582386
			vertex 0.016452498733997345 0.016532478854060173 0.028094379231333733
		endloop
	endfacet
	facet normal 0.5000707300156518 -0.16196296763519535 -0.8507039802989133
		outer loop
			vertex 0.016497468575835228 0.016902636736631393 0.02810647338628769
			vertex 0.016713706776499748 0.01720530353486538 0.0281759612262249
			vertex 0.016589516773819923 0.01687801629304886 0.028165269643068314
		endloop
	endfacet
	facet normal 0.5309276063195763 -0.03683656161160847 -0.8466161731129398
		outer loop
			vertex 0.016497468575835228 0.016902636736631393 0.02810647338628769
			vertex 0.016589516773819923 0.01687801629304886 0.028165269643068314
			vertex 0.016547301784157753 0.016530534252524376 0.0281539149582386
		endloop
	endfacet
	facet normal 0.111939730895204 0.018861715672996444 -0.9935359743506929
		outer loop
			vertex 0.016394857317209244 0.01692912168800831 0.02807033807039261
			vertex 0.016235556453466415 0.016534095630049706 0.028044890612363815
			vertex 0.016286829486489296 0.016956143081188202 0.028058679774403572
		endloop
	endfacet
	facet normal 0.10543336765163103 -0.007521718803484858 -0.9943979227310752
		outer loop
			vertex 0.016394857317209244 0.01692912168800831 0.02807033807039261
			vertex 0.016286829486489296 0.016956143081188202 0.028058679774403572
			vertex 0.016437670215964317 0.017353663221001625 0.02807166613638401
		endloop
	endfacet
	facet normal 0.10546322415810597 -0.007524739659107651 -0.9943947338171295
		outer loop
			vertex 0.016394857317209244 0.01692912168800831 0.02807033807039261
			vertex 0.016437670215964317 0.017353663221001625 0.02807166613638401
			vertex 0.016536185517907143 0.01730157621204853 0.028082508593797684
		endloop
	endfacet
	facet normal 0.33002282164595065 -0.009252990574571277 -0.9439276028161653
		outer loop
			vertex 0.016394857317209244 0.01692912168800831 0.02807033807039261
			vertex 0.016497468575835228 0.016902636736631393 0.02810647338628769
			vertex 0.016452498733997345 0.016532478854060173 0.028094379231333733
		endloop
	endfacet
	facet normal 0.11194233684595939 0.01886064717216888 -0.9935357010242324
		outer loop
			vertex 0.016394857317209244 0.01692912168800831 0.02807033807039261
			vertex 0.016346817836165428 0.016533687710762024 0.028057418763637543
			vertex 0.016235556453466415 0.016534095630049706 0.028044890612363815
		endloop
	endfacet
	facet normal 0.31082985064440544 -0.08701717620038203 -0.9464738850039595
		outer loop
			vertex 0.016394857317209244 0.01692912168800831 0.02807033807039261
			vertex 0.016536185517907143 0.01730157621204853 0.028082508593797684
			vertex 0.016629761084914207 0.017251282930374146 0.028117863461375237
		endloop
	endfacet
	facet normal 0.33002038831389463 -0.009253395519307584 -0.9439284496022512
		outer loop
			vertex 0.016394857317209244 0.01692912168800831 0.02807033807039261
			vertex 0.016452498733997345 0.016532478854060173 0.028094379231333733
			vertex 0.016346817836165428 0.016533687710762024 0.028057418763637543
		endloop
	endfacet
	facet normal 0.31084322219761623 -0.08702771686071246 -0.9464685244168531
		outer loop
			vertex 0.016394857317209244 0.01692912168800831 0.02807033807039261
			vertex 0.016629761084914207 0.017251282930374146 0.028117863461375237
			vertex 0.016497468575835228 0.016902636736631393 0.02810647338628769
		endloop
	endfacet
	facet normal 0.9927094460305866 0.12046768850489611 0.003935960865309508
		outer loop
			vertex 0.016772300004959106 0.015905095264315605 0.03802967444062233
			vertex 0.016735557466745377 0.016517769545316696 0.028544623404741287
			vertex 0.016735557466745377 0.01620754785835743 0.03803955763578415
		endloop
	endfacet
	facet normal 0.992709531854017 0.12046698277829333 0.003935914947379497
		outer loop
			vertex 0.016772300004959106 0.015905095264315605 0.03802967444062233
			vertex 0.016772300004959106 0.016215315088629723 0.028534742072224617
			vertex 0.016735557466745377 0.016517769545316696 0.028544623404741287
		endloop
	endfacet
	facet normal 0.9350158810015641 0.35441672451700457 0.011579622511420692
		outer loop
			vertex 0.016880396753549576 0.015620218589901924 0.03802036866545677
			vertex 0.016880396753549576 0.01593044027686119 0.02852543443441391
			vertex 0.016772300004959106 0.016215315088629723 0.028534742072224617
		endloop
	endfacet
	facet normal 0.9350166238386239 0.35441476905611763 0.011579491367085007
		outer loop
			vertex 0.016880396753549576 0.015620218589901924 0.03802036866545677
			vertex 0.016772300004959106 0.016215315088629723 0.028534742072224617
			vertex 0.016772300004959106 0.015905095264315605 0.03802967444062233
		endloop
	endfacet
	facet normal 0.8229819082021792 0.5677646247357462 0.01855019327601444
		outer loop
			vertex 0.01705356501042843 0.01536947675049305 0.038012176752090454
			vertex 0.01705356501042843 0.015679698437452316 0.028517240658402443
			vertex 0.016880396753549576 0.01593044027686119 0.02852543443441391
		endloop
	endfacet
	facet normal 0.8229818438133663 0.5677647178498292 0.018550199957307213
		outer loop
			vertex 0.01705356501042843 0.01536947675049305 0.038012176752090454
			vertex 0.016880396753549576 0.01593044027686119 0.02852543443441391
			vertex 0.016880396753549576 0.015620218589901924 0.03802036866545677
		endloop
	endfacet
	facet normal 0.6631237499455758 0.748110592765798 0.024442447703203245
		outer loop
			vertex 0.01728173904120922 0.01516744028776884 0.03800557553768158
			vertex 0.01728173904120922 0.015477661043405533 0.028510641306638718
			vertex 0.01705356501042843 0.015679698437452316 0.028517240658402443
		endloop
	endfacet
	facet normal 0.6631221509492027 0.7481120063601803 0.02444256247304476
		outer loop
			vertex 0.01728173904120922 0.01516744028776884 0.03800557553768158
			vertex 0.01705356501042843 0.015679698437452316 0.028517240658402443
			vertex 0.01705356501042843 0.01536947675049305 0.038012176752090454
		endloop
	endfacet
	facet normal 0.46472504029521505 0.884982822511035 0.0289143698359996
		outer loop
			vertex 0.017551658675074577 0.015025850385427475 0.03800094872713089
			vertex 0.017551658675074577 0.015336071141064167 0.028506014496088028
			vertex 0.01728173904120922 0.015477661043405533 0.028510641306638718
		endloop
	endfacet
	facet normal 0.46472504029521505 0.884982822511035 0.0289143698359996
		outer loop
			vertex 0.017551658675074577 0.015025850385427475 0.03800094872713089
			vertex 0.01728173904120922 0.015477661043405533 0.028510641306638718
			vertex 0.01728173904120922 0.01516744028776884 0.03800557553768158
		endloop
	endfacet
	facet normal 0.23931461125458328 0.9704242630215758 0.0317059391770618
		outer loop
			vertex 0.017847638577222824 0.01495293714106083 0.037998564541339874
			vertex 0.017847638577222824 0.015263157896697521 0.02850363217294216
			vertex 0.017551658675074577 0.015336071141064167 0.028506014496088028
		endloop
	endfacet
	facet normal 0.23931479935729216 0.9704242168863442 0.03170593144988661
		outer loop
			vertex 0.017847638577222824 0.01495293714106083 0.037998564541339874
			vertex 0.017551658675074577 0.015336071141064167 0.028506014496088028
			vertex 0.017551658675074577 0.015025850385427475 0.03800094872713089
		endloop
	endfacet
	facet normal 0 0.9994666891409204 0.03265482043568484
		outer loop
			vertex 0.018152475357055664 0.01495293714106083 0.037998564541339874
			vertex 0.018152475357055664 0.015263157896697521 0.02850363217294216
			vertex 0.017847638577222824 0.015263157896697521 0.02850363217294216
		endloop
	endfacet
	facet normal 0 0.9994666891409204 0.03265482043568484
		outer loop
			vertex 0.018152475357055664 0.01495293714106083 0.037998564541339874
			vertex 0.017847638577222824 0.015263157896697521 0.02850363217294216
			vertex 0.017847638577222824 0.01495293714106083 0.037998564541339874
		endloop
	endfacet
	facet normal -0.23931461125458156 0.9704242632245752 0.031705932963860345
		outer loop
			vertex 0.01844845525920391 0.015025850385427475 0.03800094872713089
			vertex 0.01844845525920391 0.015336071141064167 0.028506014496088028
			vertex 0.018152475357055664 0.015263157896697521 0.02850363217294216
		endloop
	endfacet
	facet normal -0.2393147993573307 0.9704242166833354 0.03170593766308746
		outer loop
			vertex 0.01844845525920391 0.015025850385427475 0.03800094872713089
			vertex 0.018152475357055664 0.015263157896697521 0.02850363217294216
			vertex 0.018152475357055664 0.01495293714106083 0.037998564541339874
		endloop
	endfacet
	facet normal -0.46472504029521505 0.884982822511035 0.0289143698359996
		outer loop
			vertex 0.018718374893069267 0.01516744028776884 0.03800557553768158
			vertex 0.018718374893069267 0.015477661043405533 0.028510641306638718
			vertex 0.01844845525920391 0.015336071141064167 0.028506014496088028
		endloop
	endfacet
	facet normal -0.46472504029521505 0.884982822511035 0.0289143698359996
		outer loop
			vertex 0.018718374893069267 0.01516744028776884 0.03800557553768158
			vertex 0.01844845525920391 0.015336071141064167 0.028506014496088028
			vertex 0.01844845525920391 0.015025850385427475 0.03800094872713089
		endloop
	endfacet
	facet normal -0.6631237499452947 0.748110590527627 0.024442516214496116
		outer loop
			vertex 0.01894654892385006 0.01536947675049305 0.038012176752090454
			vertex 0.01894654892385006 0.015679698437452316 0.028517240658402443
			vertex 0.018718374893069267 0.015477661043405533 0.028510641306638718
		endloop
	endfacet
	facet normal -0.6631221509491653 0.7481120085986377 0.02444249396163144
		outer loop
			vertex 0.01894654892385006 0.01536947675049305 0.038012176752090454
			vertex 0.018718374893069267 0.015477661043405533 0.028510641306638718
			vertex 0.018718374893069267 0.01516744028776884 0.03800557553768158
		endloop
	endfacet
	facet normal -0.8229847648195252 0.5677604883076525 0.018550061768281653
		outer loop
			vertex 0.019119715318083763 0.015620218589901924 0.03802036866545677
			vertex 0.019119715318083763 0.01593044027686119 0.02852543443441391
			vertex 0.01894654892385006 0.015679698437452316 0.028517240658402443
		endloop
	endfacet
	facet normal -0.8229847004314199 0.5677605816592511 0.01855006117928431
		outer loop
			vertex 0.019119715318083763 0.015620218589901924 0.03802036866545677
			vertex 0.01894654892385006 0.015679698437452316 0.028517240658402443
			vertex 0.01894654892385006 0.01536947675049305 0.038012176752090454
		endloop
	endfacet
	facet normal -0.9350166238384845 0.3544147668614613 0.011579558550239882
		outer loop
			vertex 0.019227812066674232 0.015905095264315605 0.03802967444062233
			vertex 0.019119715318083763 0.01593044027686119 0.02852543443441391
			vertex 0.019119715318083763 0.015620218589901924 0.03802036866545677
		endloop
	endfacet
	facet normal -0.9350158810015532 0.3544167267120692 0.011579555327907665
		outer loop
			vertex 0.019227812066674232 0.015905095264315605 0.03802967444062233
			vertex 0.019227812066674232 0.016215315088629723 0.028534742072224617
			vertex 0.019119715318083763 0.01593044027686119 0.02852543443441391
		endloop
	endfacet
	facet normal -0.9927087148945839 0.12047370757254687 0.003936134660844632
		outer loop
			vertex 0.01926455646753311 0.01620754785835743 0.03803955763578415
			vertex 0.019227812066674232 0.016215315088629723 0.028534742072224617
			vertex 0.019227812066674232 0.015905095264315605 0.03802967444062233
		endloop
	endfacet
	facet normal -0.9927088007265341 0.12047300031939076 0.003936134414700504
		outer loop
			vertex 0.01926455646753311 0.01620754785835743 0.03803955763578415
			vertex 0.01926455646753311 0.016517769545316696 0.028544623404741287
			vertex 0.019227812066674232 0.016215315088629723 0.028534742072224617
		endloop
	endfacet
	facet normal -0.9927087090964447 -0.12047375455237709 -0.003936159057254489
		outer loop
			vertex 0.019227812066674232 0.016510000452399254 0.03804943710565567
			vertex 0.01926455646753311 0.016517769545316696 0.028544623404741287
			vertex 0.01926455646753311 0.01620754785835743 0.03803955763578415
		endloop
	endfacet
	facet normal -0.9927087119955214 -0.1204737306641358 -0.003936159048936059
		outer loop
			vertex 0.019227812066674232 0.016510000452399254 0.03804943710565567
			vertex 0.019227812066674232 0.01682022213935852 0.028554504737257957
			vertex 0.01926455646753311 0.016517769545316696 0.028544623404741287
		endloop
	endfacet
	facet normal -0.9350166740179771 -0.3544146345449815 -0.011579556498742068
		outer loop
			vertex 0.019119715318083763 0.016794877126812935 0.038058746606111526
			vertex 0.019227812066674232 0.01682022213935852 0.028554504737257957
			vertex 0.019227812066674232 0.016510000452399254 0.03804943710565567
		endloop
	endfacet
	facet normal -0.9350166489282352 -0.3544147007402861 -0.011579556389906591
		outer loop
			vertex 0.019119715318083763 0.016794877126812935 0.038058746606111526
			vertex 0.019119715318083763 0.0171050988137722 0.028563812375068665
			vertex 0.019227812066674232 0.01682022213935852 0.028554504737257957
		endloop
	endfacet
	facet normal -0.8229847004314171 -0.5677605815404869 -0.0185500648144162
		outer loop
			vertex 0.01894654892385006 0.01704561896622181 0.038066938519477844
			vertex 0.019119715318083763 0.0171050988137722 0.028563812375068665
			vertex 0.019119715318083763 0.016794877126812935 0.038058746606111526
		endloop
	endfacet
	facet normal -0.8229847004314171 -0.5677605815404869 -0.0185500648144162
		outer loop
			vertex 0.01894654892385006 0.01704561896622181 0.038066938519477844
			vertex 0.01894654892385006 0.017355840653181076 0.028572004288434982
			vertex 0.019119715318083763 0.0171050988137722 0.028563812375068665
		endloop
	endfacet
	facet normal -0.6631238617357448 -0.7481104913859474 -0.024442517770255728
		outer loop
			vertex 0.018718374893069267 0.017247656360268593 0.03807353973388672
			vertex 0.01894654892385006 0.017355840653181076 0.028572004288434982
			vertex 0.01894654892385006 0.01704561896622181 0.038066938519477844
		endloop
	endfacet
	facet normal -0.6631204401521791 -0.7481135258135697 -0.024442470152782773
		outer loop
			vertex 0.018718374893069267 0.017247656360268593 0.03807353973388672
			vertex 0.018718374893069267 0.01755787618458271 0.028578605502843857
			vertex 0.01894654892385006 0.017355840653181076 0.028572004288434982
		endloop
	endfacet
	facet normal -0.46472264623819937 -0.8849840811743734 -0.028914324154570906
		outer loop
			vertex 0.01844845525920391 0.017389245331287384 0.03807816654443741
			vertex 0.018718374893069267 0.01755787618458271 0.028578605502843857
			vertex 0.018718374893069267 0.017247656360268593 0.03807353973388672
		endloop
	endfacet
	facet normal -0.46472743434202 -0.8849815638448005 -0.02891441551708676
		outer loop
			vertex 0.01844845525920391 0.017389245331287384 0.03807816654443741
			vertex 0.01844845525920391 0.01769946701824665 0.028583232313394547
			vertex 0.018718374893069267 0.01755787618458271 0.028578605502843857
		endloop
	endfacet
	facet normal -0.23931442315130438 -0.9704243064563025 -0.03170602956162715
		outer loop
			vertex 0.018152475357055664 0.01746215857565403 0.038080547004938126
			vertex 0.01844845525920391 0.01769946701824665 0.028583232313394547
			vertex 0.01844845525920391 0.017389245331287384 0.03807816654443741
		endloop
	endfacet
	facet normal -0.2393146112546075 -0.9704242599149636 -0.031706034260865414
		outer loop
			vertex 0.018152475357055664 0.01746215857565403 0.038080547004938126
			vertex 0.018152475357055664 0.017772380262613297 0.028585614636540413
			vertex 0.01844845525920391 0.01769946701824665 0.028583232313394547
		endloop
	endfacet
	facet normal 0 -0.9994666859413415 -0.03265491836511449
		outer loop
			vertex 0.017847638577222824 0.01746215857565403 0.038080547004938126
			vertex 0.018152475357055664 0.017772380262613297 0.028585614636540413
			vertex 0.018152475357055664 0.01746215857565403 0.038080547004938126
		endloop
	endfacet
	facet normal 0 -0.9994666859413415 -0.03265491836511449
		outer loop
			vertex 0.017847638577222824 0.01746215857565403 0.038080547004938126
			vertex 0.017847638577222824 0.017772380262613297 0.028585614636540413
			vertex 0.018152475357055664 0.017772380262613297 0.028585614636540413
		endloop
	endfacet
	facet normal 0.23931442315126905 -0.9704243062533108 -0.031706035774847784
		outer loop
			vertex 0.017551658675074577 0.017389245331287384 0.03807816654443741
			vertex 0.017847638577222824 0.017772380262613297 0.028585614636540413
			vertex 0.017847638577222824 0.01746215857565403 0.038080547004938126
		endloop
	endfacet
	facet normal 0.23931461125460604 -0.9704242601179646 -0.03170602804764538
		outer loop
			vertex 0.017551658675074577 0.017389245331287384 0.03807816654443741
			vertex 0.017551658675074577 0.01769946701824665 0.028583232313394547
			vertex 0.017847638577222824 0.017772380262613297 0.028585614636540413
		endloop
	endfacet
	facet normal 0.46472264623859333 -0.8849840755080026 -0.028914497578992265
		outer loop
			vertex 0.01728173904120922 0.017247656360268593 0.03807353973388672
			vertex 0.017551658675074577 0.01769946701824665 0.028583232313394547
			vertex 0.017551658675074577 0.017389245331287384 0.03807816654443741
		endloop
	endfacet
	facet normal 0.4647274343416568 -0.8849815695111393 -0.028914242093157076
		outer loop
			vertex 0.01728173904120922 0.017247656360268593 0.03807353973388672
			vertex 0.01728173904120922 0.01755787618458271 0.028578605502843857
			vertex 0.017551658675074577 0.01769946701824665 0.028583232313394547
		endloop
	endfacet
	facet normal 0.6631238617356726 -0.7481104961758341 -0.024442371168033303
		outer loop
			vertex 0.01705356501042843 0.01704561896622181 0.038066938519477844
			vertex 0.01728173904120922 0.01755787618458271 0.028578605502843857
			vertex 0.01728173904120922 0.017247656360268593 0.03807353973388672
		endloop
	endfacet
	facet normal 0.6631204401522731 -0.7481135210236443 -0.024442616755598258
		outer loop
			vertex 0.01705356501042843 0.01704561896622181 0.038066938519477844
			vertex 0.01705356501042843 0.017355840653181076 0.028572004288434982
			vertex 0.01728173904120922 0.01755787618458271 0.028578605502843857
		endloop
	endfacet
	facet normal 0.8229818438133663 -0.5677647178498292 -0.018550199957307213
		outer loop
			vertex 0.016880396753549576 0.016794877126812935 0.038058746606111526
			vertex 0.016880396753549576 0.0171050988137722 0.028563812375068665
			vertex 0.01705356501042843 0.017355840653181076 0.028572004288434982
		endloop
	endfacet
	facet normal 0.8229818438133663 -0.5677647178498292 -0.018550199957307213
		outer loop
			vertex 0.016880396753549576 0.016794877126812935 0.038058746606111526
			vertex 0.01705356501042843 0.017355840653181076 0.028572004288434982
			vertex 0.01705356501042843 0.01704561896622181 0.038066938519477844
		endloop
	endfacet
	facet normal 0.9350166489282353 -0.35441470066614666 -0.011579558659075454
		outer loop
			vertex 0.016772300004959106 0.016510000452399254 0.03804943710565567
			vertex 0.016772300004959106 0.01682022213935852 0.028554504737257957
			vertex 0.016880396753549576 0.0171050988137722 0.028563812375068665
		endloop
	endfacet
	facet normal 0.9350166740179718 -0.3544146346191338 -0.011579554229574051
		outer loop
			vertex 0.016772300004959106 0.016510000452399254 0.03804943710565567
			vertex 0.016880396753549576 0.0171050988137722 0.028563812375068665
			vertex 0.016880396753549576 0.016794877126812935 0.038058746606111526
		endloop
	endfacet
	facet normal 0.9927094402330092 -0.12046773620346041 -0.003935963195860862
		outer loop
			vertex 0.016735557466745377 0.01620754785835743 0.03803955763578415
			vertex 0.016772300004959106 0.01682022213935852 0.028554504737257957
			vertex 0.016772300004959106 0.016510000452399254 0.03804943710565567
		endloop
	endfacet
	facet normal 0.9927094431317991 -0.12046771236677076 -0.003935961644932707
		outer loop
			vertex 0.016735557466745377 0.01620754785835743 0.03803955763578415
			vertex 0.016735557466745377 0.016517769545316696 0.028544623404741287
			vertex 0.016772300004959106 0.01682022213935852 0.028554504737257957
		endloop
	endfacet
	facet normal 0.0000021950374971415156 0.03265967503247549 -0.9994665305161324
		outer loop
			vertex -0.017053451389074326 0.01536947675049305 0.038012176752090454
			vertex -0.01922769844532013 0.015905095264315605 0.03802967444062233
			vertex -0.01926444284617901 0.01620754785835743 0.03803955763578415
		endloop
	endfacet
	facet normal -6.013863800727615e-7 0.03264833555540804 -0.9994669009952757
		outer loop
			vertex -0.017053451389074326 0.01536947675049305 0.038012176752090454
			vertex -0.01911960169672966 0.015620218589901924 0.03802036866545677
			vertex -0.01922769844532013 0.015905095264315605 0.03802967444062233
		endloop
	endfacet
	facet normal 0 0.032653285785896886 -0.9994667392801946
		outer loop
			vertex -0.017053451389074326 0.01536947675049305 0.038012176752090454
			vertex -0.018946435302495956 0.01536947675049305 0.038012176752090454
			vertex -0.01911960169672966 0.015620218589901924 0.03802036866545677
		endloop
	endfacet
	facet normal 0 0.03265595514715837 -0.9994666520667044
		outer loop
			vertex -0.017053451389074326 0.01536947675049305 0.038012176752090454
			vertex -0.018718261271715164 0.01516744028776884 0.03800557553768158
			vertex -0.018946435302495956 0.01536947675049305 0.038012176752090454
		endloop
	endfacet
	facet normal -4.1022816929562844e-7 0.03265933188200744 -0.9994665417315642
		outer loop
			vertex -0.017053451389074326 0.01536947675049305 0.038012176752090454
			vertex -0.018448341637849808 0.015025850385427475 0.03800094872713089
			vertex -0.018718261271715164 0.01516744028776884 0.03800557553768158
		endloop
	endfacet
	facet normal -0.0000029351715768145714 0.03266957050788921 -0.9994662071096827
		outer loop
			vertex -0.017053451389074326 0.01536947675049305 0.038012176752090454
			vertex -0.01815236173570156 0.01495293714106083 0.037998564541339874
			vertex -0.018448341637849808 0.015025850385427475 0.03800094872713089
		endloop
	endfacet
	facet normal 0 0.03266183523148988 -0.9994664599271509
		outer loop
			vertex -0.017053451389074326 0.01536947675049305 0.038012176752090454
			vertex -0.01784752495586872 0.01495293714106083 0.037998564541339874
			vertex -0.01815236173570156 0.01495293714106083 0.037998564541339874
		endloop
	endfacet
	facet normal 0.000009130773620417018 0.0326444472721426 -0.999467027959865
		outer loop
			vertex -0.017053451389074326 0.01536947675049305 0.038012176752090454
			vertex -0.017551545053720474 0.015025850385427475 0.03800094872713089
			vertex -0.01784752495586872 0.01495293714106083 0.037998564541339874
		endloop
	endfacet
	facet normal 0.000005357142040381256 0.03264991139964732 -0.9994668495037224
		outer loop
			vertex -0.017053451389074326 0.01536947675049305 0.038012176752090454
			vertex -0.017281625419855118 0.01516744028776884 0.03800557553768158
			vertex -0.017551545053720474 0.015025850385427475 0.03800094872713089
		endloop
	endfacet
	facet normal 0.000015192307597074073 0.03264280491252336 -0.999467081527269
		outer loop
			vertex -0.017053451389074326 0.01536947675049305 0.038012176752090454
			vertex -0.016772188246250153 0.015905095264315605 0.03802967444062233
			vertex -0.016880284994840622 0.015620218589901924 0.03802036866545677
		endloop
	endfacet
	facet normal -0.000021414866189018737 0.032662007515476224 -0.9994664540676004
		outer loop
			vertex -0.017053451389074326 0.01536947675049305 0.038012176752090454
			vertex -0.016735443845391273 0.01620754785835743 0.03803955763578415
			vertex -0.016772188246250153 0.015905095264315605 0.03802967444062233
		endloop
	endfacet
	facet normal 0.000013546764518998341 0.032648755414352686 -0.9994668871885547
		outer loop
			vertex -0.017053451389074326 0.01536947675049305 0.038012176752090454
			vertex -0.016772188246250153 0.016510000452399254 0.03804943710565567
			vertex -0.016735443845391273 0.01620754785835743 0.03803955763578415
		endloop
	endfacet
	facet normal -0.000015233392823100423 0.03265584528560244 -0.9994666555401569
		outer loop
			vertex -0.017053451389074326 0.01536947675049305 0.038012176752090454
			vertex -0.016880284994840622 0.016794877126812935 0.038058746606111526
			vertex -0.016772188246250153 0.016510000452399254 0.03804943710565567
		endloop
	endfacet
	facet normal 8.762311780413822e-7 0.032653890280165326 -0.9994667195303719
		outer loop
			vertex -0.017053451389074326 0.01536947675049305 0.038012176752090454
			vertex -0.017053451389074326 0.01704561896622181 0.038066938519477844
			vertex -0.016880284994840622 0.016794877126812935 0.038058746606111526
		endloop
	endfacet
	facet normal -0.0000016970049523674943 0.03265389028013085 -0.9994667195293165
		outer loop
			vertex -0.017053451389074326 0.01536947675049305 0.038012176752090454
			vertex -0.017281625419855118 0.017247656360268593 0.03807353973388672
			vertex -0.017053451389074326 0.01704561896622181 0.038066938519477844
		endloop
	endfacet
	facet normal -0.0000034949881268095614 0.03265367208166474 -0.999466726653453
		outer loop
			vertex -0.017053451389074326 0.01536947675049305 0.038012176752090454
			vertex -0.017551545053720474 0.017389245331287384 0.03807816654443741
			vertex -0.017281625419855118 0.017247656360268593 0.03807353973388672
		endloop
	endfacet
	facet normal 0.00000631999412938527 0.032656089965851925 -0.9994666476417309
		outer loop
			vertex -0.017053451389074326 0.01536947675049305 0.038012176752090454
			vertex -0.01784752495586872 0.01746215857565403 0.038080547004938126
			vertex -0.017551545053720474 0.017389245331287384 0.03807816654443741
		endloop
	endfacet
	facet normal 0 0.03265369438541942 -0.9994667259308756
		outer loop
			vertex -0.017053451389074326 0.01536947675049305 0.038012176752090454
			vertex -0.01815236173570156 0.01746215857565403 0.038080547004938126
			vertex -0.01784752495586872 0.01746215857565403 0.038080547004938126
		endloop
	endfacet
	facet normal -0.000005072979552603929 0.032651033299238255 -0.9994668128551127
		outer loop
			vertex -0.017053451389074326 0.01536947675049305 0.038012176752090454
			vertex -0.018448341637849808 0.017389245331287384 0.03807816654443741
			vertex -0.01815236173570156 0.01746215857565403 0.038080547004938126
		endloop
	endfacet
	facet normal 0.000002233676015329901 0.0326560740330183 -0.9994666481797985
		outer loop
			vertex -0.017053451389074326 0.01536947675049305 0.038012176752090454
			vertex -0.018718261271715164 0.017247656360268593 0.03807353973388672
			vertex -0.018448341637849808 0.017389245331287384 0.03807816654443741
		endloop
	endfacet
	facet normal 8.485008840749108e-7 0.03265484752939717 -0.9994666882553475
		outer loop
			vertex -0.017053451389074326 0.01536947675049305 0.038012176752090454
			vertex -0.018946435302495956 0.01704561896622181 0.038066938519477844
			vertex -0.018718261271715164 0.017247656360268593 0.03807353973388672
		endloop
	endfacet
	facet normal -3.3249683739044964e-7 0.032653515168782746 -0.9994667317860118
		outer loop
			vertex -0.017053451389074326 0.01536947675049305 0.038012176752090454
			vertex -0.01911960169672966 0.016794877126812935 0.038058746606111526
			vertex -0.018946435302495956 0.01704561896622181 0.038066938519477844
		endloop
	endfacet
	facet normal 0.00000417226956343712 0.03266003796682059 -0.9994665186501238
		outer loop
			vertex -0.017053451389074326 0.01536947675049305 0.038012176752090454
			vertex -0.01922769844532013 0.016510000452399254 0.03804943710565567
			vertex -0.01911960169672966 0.016794877126812935 0.038058746606111526
		endloop
	endfacet
	facet normal -0.000002459023350623691 0.0326474098240318 -0.9994669312317116
		outer loop
			vertex -0.017053451389074326 0.01536947675049305 0.038012176752090454
			vertex -0.01926444284617901 0.01620754785835743 0.03803955763578415
			vertex -0.01922769844532013 0.016510000452399254 0.03804943710565567
		endloop
	endfacet
	facet normal 0.0000021950321258130946 0.03265967501832001 -0.999466530516595
		outer loop
			vertex 0.01894654892385006 0.01536947675049305 0.038012176752090454
			vertex 0.016772300004959106 0.015905095264315605 0.03802967444062233
			vertex 0.016735557466745377 0.01620754785835743 0.03803955763578415
		endloop
	endfacet
	facet normal -6.013858117496104e-7 0.03264833555562345 -0.9994669009952685
		outer loop
			vertex 0.01894654892385006 0.01536947675049305 0.038012176752090454
			vertex 0.016880396753549576 0.015620218589901924 0.03802036866545677
			vertex 0.016772300004959106 0.015905095264315605 0.03802967444062233
		endloop
	endfacet
	facet normal 0 0.032653285785896886 -0.9994667392801946
		outer loop
			vertex 0.01894654892385006 0.01536947675049305 0.038012176752090454
			vertex 0.01705356501042843 0.01536947675049305 0.038012176752090454
			vertex 0.016880396753549576 0.015620218589901924 0.03802036866545677
		endloop
	endfacet
	facet normal 0 0.03265595514715837 -0.9994666520667044
		outer loop
			vertex 0.01894654892385006 0.01536947675049305 0.038012176752090454
			vertex 0.01728173904120922 0.01516744028776884 0.03800557553768158
			vertex 0.01705356501042843 0.01536947675049305 0.038012176752090454
		endloop
	endfacet
	facet normal -4.1022816929562844e-7 0.03265933188200744 -0.9994665417315642
		outer loop
			vertex 0.01894654892385006 0.01536947675049305 0.038012176752090454
			vertex 0.017551658675074577 0.015025850385427475 0.03800094872713089
			vertex 0.01728173904120922 0.01516744028776884 0.03800557553768158
		endloop
	endfacet
	facet normal -0.0000029351715768145714 0.03266957050788921 -0.9994662071096827
		outer loop
			vertex 0.01894654892385006 0.01536947675049305 0.038012176752090454
			vertex 0.017847638577222824 0.01495293714106083 0.037998564541339874
			vertex 0.017551658675074577 0.015025850385427475 0.03800094872713089
		endloop
	endfacet
	facet normal 0 0.03266183523148988 -0.9994664599271509
		outer loop
			vertex 0.01894654892385006 0.01536947675049305 0.038012176752090454
			vertex 0.018152475357055664 0.01495293714106083 0.037998564541339874
			vertex 0.017847638577222824 0.01495293714106083 0.037998564541339874
		endloop
	endfacet
	facet normal 0.000009130773620417018 0.0326444472721426 -0.999467027959865
		outer loop
			vertex 0.01894654892385006 0.01536947675049305 0.038012176752090454
			vertex 0.01844845525920391 0.015025850385427475 0.03800094872713089
			vertex 0.018152475357055664 0.01495293714106083 0.037998564541339874
		endloop
	endfacet
	facet normal 0.000005357142040381256 0.03264991139964732 -0.9994668495037224
		outer loop
			vertex 0.01894654892385006 0.01536947675049305 0.038012176752090454
			vertex 0.018718374893069267 0.01516744028776884 0.03800557553768158
			vertex 0.01844845525920391 0.015025850385427475 0.03800094872713089
		endloop
	endfacet
	facet normal 0.000015192307597074073 0.03264280491252336 -0.999467081527269
		outer loop
			vertex 0.01894654892385006 0.01536947675049305 0.038012176752090454
			vertex 0.019227812066674232 0.015905095264315605 0.03802967444062233
			vertex 0.019119715318083763 0.015620218589901924 0.03802036866545677
		endloop
	endfacet
	facet normal -0.000021414866189018737 0.032662007515476224 -0.9994664540676004
		outer loop
			vertex 0.01894654892385006 0.01536947675049305 0.038012176752090454
			vertex 0.01926455646753311 0.01620754785835743 0.03803955763578415
			vertex 0.019227812066674232 0.015905095264315605 0.03802967444062233
		endloop
	endfacet
	facet normal 0.000013546764518998341 0.032648755414352686 -0.9994668871885547
		outer loop
			vertex 0.01894654892385006 0.01536947675049305 0.038012176752090454
			vertex 0.019227812066674232 0.016510000452399254 0.03804943710565567
			vertex 0.01926455646753311 0.01620754785835743 0.03803955763578415
		endloop
	endfacet
	facet normal -0.000015233392823100423 0.03265584528560244 -0.9994666555401569
		outer loop
			vertex 0.01894654892385006 0.01536947675049305 0.038012176752090454
			vertex 0.019119715318083763 0.016794877126812935 0.038058746606111526
			vertex 0.019227812066674232 0.016510000452399254 0.03804943710565567
		endloop
	endfacet
	facet normal 8.762311780413822e-7 0.032653890280165326 -0.9994667195303719
		outer loop
			vertex 0.01894654892385006 0.01536947675049305 0.038012176752090454
			vertex 0.01894654892385006 0.01704561896622181 0.038066938519477844
			vertex 0.019119715318083763 0.016794877126812935 0.038058746606111526
		endloop
	endfacet
	facet normal -0.0000016970049523674943 0.03265389028013085 -0.9994667195293165
		outer loop
			vertex 0.01894654892385006 0.01536947675049305 0.038012176752090454
			vertex 0.018718374893069267 0.017247656360268593 0.03807353973388672
			vertex 0.01894654892385006 0.01704561896622181 0.038066938519477844
		endloop
	endfacet
	facet normal -0.0000034949881268095614 0.03265367208166474 -0.999466726653453
		outer loop
			vertex 0.01894654892385006 0.01536947675049305 0.038012176752090454
			vertex 0.01844845525920391 0.017389245331287384 0.03807816654443741
			vertex 0.018718374893069267 0.017247656360268593 0.03807353973388672
		endloop
	endfacet
	facet normal 0.00000631999412938527 0.032656089965851925 -0.9994666476417309
		outer loop
			vertex 0.01894654892385006 0.01536947675049305 0.038012176752090454
			vertex 0.018152475357055664 0.01746215857565403 0.038080547004938126
			vertex 0.01844845525920391 0.017389245331287384 0.03807816654443741
		endloop
	endfacet
	facet normal 0 0.03265369438541942 -0.9994667259308756
		outer loop
			vertex 0.01894654892385006 0.01536947675049305 0.038012176752090454
			vertex 0.017847638577222824 0.01746215857565403 0.038080547004938126
			vertex 0.018152475357055664 0.01746215857565403 0.038080547004938126
		endloop
	endfacet
	facet normal -0.000005072979552603929 0.032651033299238255 -0.9994668128551127
		outer loop
			vertex 0.01894654892385006 0.01536947675049305 0.038012176752090454
			vertex 0.017551658675074577 0.017389245331287384 0.03807816654443741
			vertex 0.017847638577222824 0.01746215857565403 0.038080547004938126
		endloop
	endfacet
	facet normal 0.000002233676015329901 0.0326560740330183 -0.9994666481797985
		outer loop
			vertex 0.01894654892385006 0.01536947675049305 0.038012176752090454
			vertex 0.01728173904120922 0.017247656360268593 0.03807353973388672
			vertex 0.017551658675074577 0.017389245331287384 0.03807816654443741
		endloop
	endfacet
	facet normal 8.485008840749108e-7 0.03265484752939717 -0.9994666882553475
		outer loop
			vertex 0.01894654892385006 0.01536947675049305 0.038012176752090454
			vertex 0.01705356501042843 0.01704561896622181 0.038066938519477844
			vertex 0.01728173904120922 0.017247656360268593 0.03807353973388672
		endloop
	endfacet
	facet normal -3.324954802616256e-7 0.03265351517031382 -0.9994667317859619
		outer loop
			vertex 0.01894654892385006 0.01536947675049305 0.038012176752090454
			vertex 0.016880396753549576 0.016794877126812935 0.038058746606111526
			vertex 0.01705356501042843 0.01704561896622181 0.038066938519477844
		endloop
	endfacet
	facet normal 0.000004172266582465494 0.032660037967950514 -0.9994665186500868
		outer loop
			vertex 0.01894654892385006 0.01536947675049305 0.038012176752090454
			vertex 0.016772300004959106 0.016510000452399254 0.03804943710565567
			vertex 0.016880396753549576 0.016794877126812935 0.038058746606111526
		endloop
	endfacet
	facet normal -0.0000024590288381671584 0.03264740980957005 -0.9994669312321841
		outer loop
			vertex 0.01894654892385006 0.01536947675049305 0.038012176752090454
			vertex 0.016735557466745377 0.01620754785835743 0.03803955763578415
			vertex 0.016772300004959106 0.016510000452399254 0.03804943710565567
		endloop
	endfacet
	facet normal -0.9933811371519898 -0.1148035150052311 -0.003750905632410569
		outer loop
			vertex 0.0026561191771179438 0.016306519508361816 0.035041190683841705
			vertex 0.002587179886177182 0.017098337411880493 0.029063837602734566
			vertex 0.0026561191771179438 0.01650244928896427 0.029044391587376595
		endloop
	endfacet
	facet normal -0.9933811371519898 -0.1148035150052311 -0.003750905632410569
		outer loop
			vertex 0.002587179886177182 0.016902407631278038 0.035060636699199677
			vertex 0.002587179886177182 0.017098337411880493 0.029063837602734566
			vertex 0.0026561191771179438 0.016306519508361816 0.035041190683841705
		endloop
	endfacet
	facet normal -0.9430625698726656 -0.33243798853709694 -0.010861541445534128
		outer loop
			vertex 0.002387302229180932 0.01746881939470768 0.03507908433675766
			vertex 0.002387302229180932 0.017664749175310135 0.0290822833776474
			vertex 0.002587179886177182 0.017098337411880493 0.029063837602734566
		endloop
	endfacet
	facet normal -0.9430625810705944 -0.332437956694493 -0.010861543778826083
		outer loop
			vertex 0.002387302229180932 0.01746881939470768 0.03507908433675766
			vertex 0.002587179886177182 0.017098337411880493 0.029063837602734566
			vertex 0.002587179886177182 0.016902407631278038 0.035060636699199677
		endloop
	endfacet
	facet normal -0.8467932140310119 -0.5316385417896795 -0.017369903706472636
		outer loop
			vertex 0.002075616968795657 0.017964744940400124 0.03509519249200821
			vertex 0.002075616968795657 0.01816067472100258 0.0290983933955431
			vertex 0.002387302229180932 0.017664749175310135 0.0290822833776474
		endloop
	endfacet
	facet normal -0.8467931846612292 -0.5316385886960329 -0.017369899843810606
		outer loop
			vertex 0.002075616968795657 0.017964744940400124 0.03509519249200821
			vertex 0.002387302229180932 0.017664749175310135 0.0290822833776474
			vertex 0.002387302229180932 0.01746881939470768 0.03507908433675766
		endloop
	endfacet
	facet normal -0.7059730526799971 -0.7078609874422449 -0.023127285767600158
		outer loop
			vertex 0.0016698776744306087 0.018368976190686226 0.0351082868874073
			vertex 0.0016698776744306087 0.018564904108643532 0.029111485928297043
			vertex 0.002075616968795657 0.01816067472100258 0.0290983933955431
		endloop
	endfacet
	facet normal -0.7059747359084675 -0.7078593030789132 -0.023127457785172636
		outer loop
			vertex 0.0016698776744306087 0.018368976190686226 0.0351082868874073
			vertex 0.002075616968795657 0.01816067472100258 0.0290983933955431
			vertex 0.002075616968795657 0.017964744940400124 0.03509519249200821
		endloop
	endfacet
	facet normal -0.5380180643358524 -0.8424837676657717 -0.02752569105379679
		outer loop
			vertex 0.0011844669934362173 0.018678637221455574 0.03511828929185867
			vertex 0.0011844669934362173 0.01887456513941288 0.029121488332748413
			vertex 0.0016698776744306087 0.018564904108643532 0.029111485928297043
		endloop
	endfacet
	facet normal -0.5380180643358524 -0.8424837676657717 -0.02752569105379679
		outer loop
			vertex 0.0011844669934362173 0.018678637221455574 0.03511828929185867
			vertex 0.0016698776744306087 0.018564904108643532 0.029111485928297043
			vertex 0.0016698776744306087 0.018368976190686226 0.0351082868874073
		endloop
	endfacet
	facet normal -0.350517732255071 -0.9360566248761669 -0.030582910263765223
		outer loop
			vertex 0.0006441095029003918 0.01888076774775982 0.03512480482459068
			vertex 0.0006441095029003918 0.019076695665717125 0.029128003865480423
			vertex 0.0011844669934362173 0.01887456513941288 0.029121488332748413
		endloop
	endfacet
	facet normal -0.350517732255071 -0.9360566248761669 -0.030582910263765223
		outer loop
			vertex 0.0006441095029003918 0.01888076774775982 0.03512480482459068
			vertex 0.0011844669934362173 0.01887456513941288 0.029121488332748413
			vertex 0.0011844669934362173 0.018678637221455574 0.03511828929185867
		endloop
	endfacet
	facet normal -0.18962307993098731 -0.981333319065063 -0.03206250848317302
		outer loop
			vertex 0.0003246770065743476 0.018942425027489662 0.035126786679029465
			vertex 0.0003246770065743476 0.019138354808092117 0.029129987582564354
			vertex 0.0006441095029003918 0.019076695665717125 0.029128003865480423
		endloop
	endfacet
	facet normal -0.18961738320990149 -0.9813344289249777 -0.03206222997730105
		outer loop
			vertex 0.0003246770065743476 0.018942425027489662 0.035126786679029465
			vertex 0.0006441095029003918 0.019076695665717125 0.029128003865480423
			vertex 0.0006441095029003918 0.01888076774775982 0.03512480482459068
		endloop
	endfacet
	facet normal -0.06480160854636585 -0.9973659721436258 -0.032586333635496324
		outer loop
			vertex 7.120305411945083e-8 0.018963493406772614 0.035127464681863785
			vertex 7.120305411945083e-8 0.01915942318737507 0.029130665585398674
			vertex 0.0003246770065743476 0.019138354808092117 0.029129987582564354
		endloop
	endfacet
	facet normal -0.06480160854636585 -0.9973659721436258 -0.032586333635496324
		outer loop
			vertex 7.120305411945083e-8 0.018963493406772614 0.035127464681863785
			vertex 0.0003246770065743476 0.019138354808092117 0.029129987582564354
			vertex 0.0003246770065743476 0.018942425027489662 0.035126786679029465
		endloop
	endfacet
	facet normal 0.11608866168390373 -0.9927091448860735 -0.032434183942268546
		outer loop
			vertex -0.000584493565838784 0.018895205110311508 0.03512527793645859
			vertex 7.120305411945083e-8 0.01915942318737507 0.029130665585398674
			vertex 7.120305411945083e-8 0.018963493406772614 0.035127464681863785
		endloop
	endfacet
	facet normal 0.11609188417935422 -0.9927087788322021 -0.03243385356638395
		outer loop
			vertex -0.000584493565838784 0.018895205110311508 0.03512527793645859
			vertex -0.000584493565838784 0.019091133028268814 0.029128476977348328
			vertex 7.120305411945083e-8 0.01915942318737507 0.029130665585398674
		endloop
	endfacet
	facet normal 0.3318246180614452 -0.9428379973916797 -0.030804764612367294
		outer loop
			vertex -0.0011404637480154634 0.01869973912835121 0.03511899337172508
			vertex -0.0011404637480154634 0.018895668908953667 0.029122192412614822
			vertex -0.000584493565838784 0.019091133028268814 0.029128476977348328
		endloop
	endfacet
	facet normal 0.33182742905525336 -0.9428370186920618 -0.0308044397846443
		outer loop
			vertex -0.0011404637480154634 0.01869973912835121 0.03511899337172508
			vertex -0.000584493565838784 0.019091133028268814 0.029128476977348328
			vertex -0.000584493565838784 0.018895205110311508 0.03512527793645859
		endloop
	endfacet
	facet normal 0.5247612919968887 -0.8507954419862623 -0.027797523579570705
		outer loop
			vertex -0.0016412263503298163 0.0183911994099617 0.03510903939604759
			vertex -0.0016412263503298163 0.018587129190564156 0.02911224029958248
			vertex -0.0011404637480154634 0.018895668908953667 0.029122192412614822
		endloop
	endfacet
	facet normal 0.5247613669219565 -0.8507953961043727 -0.02779751344640947
		outer loop
			vertex -0.0016412263503298163 0.0183911994099617 0.03510903939604759
			vertex -0.0011404637480154634 0.018895668908953667 0.029122192412614822
			vertex -0.0011404637480154634 0.01869973912835121 0.03511899337172508
		endloop
	endfacet
	facet normal 0.6974497839799415 -0.7162514653474055 -0.023401649814219452
		outer loop
			vertex -0.002060167957097292 0.017983686178922653 0.03509584441781044
			vertex -0.002060167957097292 0.01817961595952511 0.02909904532134533
			vertex -0.0016412263503298163 0.018587129190564156 0.02911224029958248
		endloop
	endfacet
	facet normal 0.6974497839799415 -0.7162514653474055 -0.023401649814219452
		outer loop
			vertex -0.002060167957097292 0.017983686178922653 0.03509584441781044
			vertex -0.0016412263503298163 0.018587129190564156 0.02911224029958248
			vertex -0.0016412263503298163 0.0183911994099617 0.03510903939604759
		endloop
	endfacet
	facet normal 0.842741350605525 -0.5380316055089361 -0.01757860782463469
		outer loop
			vertex -0.002373836003243923 0.01749289780855179 0.035079896450042725
			vertex -0.002373836003243923 0.017688825726509094 0.029083095490932465
			vertex -0.002060167957097292 0.01817961595952511 0.02909904532134533
		endloop
	endfacet
	facet normal 0.8427403944751644 -0.5380330959034709 -0.017578829095569664
		outer loop
			vertex -0.002373836003243923 0.01749289780855179 0.035079896450042725
			vertex -0.002060167957097292 0.01817961595952511 0.02909904532134533
			vertex -0.002060167957097292 0.017983686178922653 0.03509584441781044
		endloop
	endfacet
	facet normal 0.9401589441117735 -0.34055448614734557 -0.011126624445564798
		outer loop
			vertex -0.002572837984189391 0.016944102942943573 0.03506201505661011
			vertex -0.002572837984189391 0.01714003086090088 0.029065215960144997
			vertex -0.002373836003243923 0.017688825726509094 0.029083095490932465
		endloop
	endfacet
	facet normal 0.9401589562031624 -0.3405544529153843 -0.011126619903806246
		outer loop
			vertex -0.002572837984189391 0.016944102942943573 0.03506201505661011
			vertex -0.002373836003243923 0.017688825726509094 0.029083095490932465
			vertex -0.002373836003243923 0.01749289780855179 0.035079896450042725
		endloop
	endfacet
	facet normal 0.9908582601806721 -0.13483508888606827 -0.004405341850291333
		outer loop
			vertex -0.0026515780482441187 0.016366085037589073 0.0350431427359581
			vertex -0.0026515780482441187 0.01656201295554638 0.02904634177684784
			vertex -0.002572837984189391 0.01714003086090088 0.029065215960144997
		endloop
	endfacet
	facet normal 0.9908582582840352 -0.1348351027643001 -0.004405343672050162
		outer loop
			vertex -0.0026515780482441187 0.016366085037589073 0.0350431427359581
			vertex -0.002572837984189391 0.01714003086090088 0.029065215960144997
			vertex -0.002572837984189391 0.016944102942943573 0.03506201505661011
		endloop
	endfacet
	facet normal 0.996702097838207 0.08110429304857233 0.002649870564535412
		outer loop
			vertex -0.002604457549750805 0.015787631273269653 0.035024210810661316
			vertex -0.002604457549750805 0.01598356105387211 0.029027409851551056
			vertex -0.0026515780482441187 0.01656201295554638 0.02904634177684784
		endloop
	endfacet
	facet normal 0.9967021189492988 0.08110403470980107 0.0026498369325544634
		outer loop
			vertex -0.002604457549750805 0.015787631273269653 0.035024210810661316
			vertex -0.0026515780482441187 0.01656201295554638 0.02904634177684784
			vertex -0.0026515780482441187 0.016366085037589073 0.0350431427359581
		endloop
	endfacet
	facet normal 0.95259575125546 0.3040766895475622 0.00993486607063558
		outer loop
			vertex -0.0024285123217850924 0.015237030573189259 0.03500613570213318
			vertex -0.0024285123217850924 0.015432959422469139 0.029009336605668068
			vertex -0.002604457549750805 0.01598356105387211 0.029027409851551056
		endloop
	endfacet
	facet normal 0.9525956120097948 0.3040771238631253 0.009934924399019442
		outer loop
			vertex -0.0024285123217850924 0.015237030573189259 0.03500613570213318
			vertex -0.002604457549750805 0.01598356105387211 0.029027409851551056
			vertex -0.002604457549750805 0.015787631273269653 0.035024210810661316
		endloop
	endfacet
	facet normal 0.8632203531729725 0.5045580890776551 0.016485042136247855
		outer loop
			vertex -0.0021364763379096985 0.014737939462065697 0.034989699721336365
			vertex -0.0024285123217850924 0.015432959422469139 0.029009336605668068
			vertex -0.0024285123217850924 0.015237030573189259 0.03500613570213318
		endloop
	endfacet
	facet normal 0.8632203531729725 0.5045580890776551 0.016485042136247855
		outer loop
			vertex -0.0021364763379096985 0.014737939462065697 0.034989699721336365
			vertex -0.0021364763379096985 0.014933868311345577 0.028992900624871254
			vertex -0.0024285123217850924 0.015432959422469139 0.029009336605668068
		endloop
	endfacet
	facet normal 0.7382602032707842 0.6741563015983296 0.022026195355585775
		outer loop
			vertex -0.0017467598663643003 0.014311625622212887 0.034975625574588776
			vertex -0.0021364763379096985 0.014933868311345577 0.028992900624871254
			vertex -0.0021364763379096985 0.014737939462065697 0.034989699721336365
		endloop
	endfacet
	facet normal 0.7382594702998347 0.6741570999918306 0.02202632613969799
		outer loop
			vertex -0.0017467598663643003 0.014311625622212887 0.034975625574588776
			vertex -0.0017467598663643003 0.014507555402815342 0.028978826478123665
			vertex -0.0021364763379096985 0.014933868311345577 0.028992900624871254
		endloop
	endfacet
	facet normal 0.5783321602251799 0.8153663130727387 0.026639969133723983
		outer loop
			vertex -0.0012777753872796893 0.013979338109493256 0.03496463596820831
			vertex -0.0017467598663643003 0.014507555402815342 0.028978826478123665
			vertex -0.0017467598663643003 0.014311625622212887 0.034975625574588776
		endloop
	endfacet
	facet normal 0.5783332378140063 0.8153655536952695 0.02663981769409877
		outer loop
			vertex -0.0012777753872796893 0.013979338109493256 0.03496463596820831
			vertex -0.0012777753872796893 0.014175266958773136 0.028967836871743202
			vertex -0.0017467598663643003 0.014507555402815342 0.028978826478123665
		endloop
	endfacet
	facet normal 0.38193969374893466 0.9236943696291422 0.030179162585990658
		outer loop
			vertex -0.000748436083085835 0.013760697096586227 0.034957405179739
			vertex -0.0012777753872796893 0.014175266958773136 0.028967836871743202
			vertex -0.0012777753872796893 0.013979338109493256 0.03496463596820831
		endloop
	endfacet
	facet normal 0.38193969374893466 0.9236943696291422 0.030179162585990658
		outer loop
			vertex -0.000748436083085835 0.013760697096586227 0.034957405179739
			vertex -0.000748436083085835 0.013956625945866108 0.028960606083273888
			vertex -0.0012777753872796893 0.014175266958773136 0.028967836871743202
		endloop
	endfacet
	facet normal 0.1716473203579755 0.9846330676030557 0.03217016624954194
		outer loop
			vertex -0.00018288048158865422 0.01366221159696579 0.034954171627759933
			vertex -0.00018288048158865422 0.01385814044624567 0.028957372531294823
			vertex -0.000748436083085835 0.013956625945866108 0.028960606083273888
		endloop
	endfacet
	facet normal 0.1716473203579755 0.9846330676030557 0.03217016624954194
		outer loop
			vertex -0.00018288048158865422 0.01366221159696579 0.034954171627759933
			vertex -0.000748436083085835 0.013956625945866108 0.028960606083273888
			vertex -0.000748436083085835 0.013760697096586227 0.034957405179739
		endloop
	endfacet
	facet normal -0.0381960896748375 0.9987373416405457 0.03263098445232657
		outer loop
			vertex 0.00039166316855698824 0.013684160076081753 0.03495492413640022
			vertex 0.00039166316855698824 0.013880088925361633 0.028958125039935112
			vertex -0.00018288048158865422 0.01385814044624567 0.028957372531294823
		endloop
	endfacet
	facet normal -0.0381960896748375 0.9987373416405457 0.03263098445232657
		outer loop
			vertex 0.00039166316855698824 0.013684160076081753 0.03495492413640022
			vertex -0.00018288048158865422 0.01385814044624567 0.028957372531294823
			vertex -0.00018288048158865422 0.01366221159696579 0.034954171627759933
		endloop
	endfacet
	facet normal -0.24849492863360326 0.9681166146634811 0.03163053676278063
		outer loop
			vertex 0.0009479272994212806 0.013826786540448666 0.03495965898036957
			vertex 0.0009479272994212806 0.014022715389728546 0.028962859883904457
			vertex 0.00039166316855698824 0.013880088925361633 0.028958125039935112
		endloop
	endfacet
	facet normal -0.24849492863360326 0.9681166146634811 0.03163053676278063
		outer loop
			vertex 0.0009479272994212806 0.013826786540448666 0.03495965898036957
			vertex 0.00039166316855698824 0.013880088925361633 0.028958125039935112
			vertex 0.00039166316855698824 0.013684160076081753 0.03495492413640022
		endloop
	endfacet
	facet normal -0.4574401494577965 0.8887661702460984 0.02903798013140885
		outer loop
			vertex 0.0014586875913664699 0.014089386910200119 0.034968335181474686
			vertex 0.0009479272994212806 0.014022715389728546 0.028962859883904457
			vertex 0.0009479272994212806 0.013826786540448666 0.03495965898036957
		endloop
	endfacet
	facet normal -0.4574401494577965 0.8887661702460984 0.02903798013140885
		outer loop
			vertex 0.0014586875913664699 0.014089386910200119 0.034968335181474686
			vertex 0.0014586875913664699 0.01428531575948 0.028971536085009575
			vertex 0.0009479272994212806 0.014022715389728546 0.028962859883904457
		endloop
	endfacet
	facet normal -0.6415263118551575 0.7666919274873394 0.025049541378385574
		outer loop
			vertex 0.0019009870011359453 0.014459080994129181 0.034980520606040955
			vertex 0.0019009870011359453 0.014655009843409061 0.028983721509575844
			vertex 0.0014586875913664699 0.01428531575948 0.028971536085009575
		endloop
	endfacet
	facet normal -0.6415263118551575 0.7666919274873394 0.025049541378385574
		outer loop
			vertex 0.0019009870011359453 0.014459080994129181 0.034980520606040955
			vertex 0.0014586875913664699 0.01428531575948 0.028971536085009575
			vertex 0.0014586875913664699 0.014089386910200119 0.034968335181474686
		endloop
	endfacet
	facet normal -0.7883361017070925 0.6149167020653564 0.020090800539819535
		outer loop
			vertex 0.002256663516163826 0.014914575032889843 0.034995511174201965
			vertex 0.002256663516163826 0.015110504813492298 0.028998712077736855
			vertex 0.0019009870011359453 0.014655009843409061 0.028983721509575844
		endloop
	endfacet
	facet normal -0.7883354922181353 0.6149174857257952 0.020090730645178845
		outer loop
			vertex 0.002256663516163826 0.014914575032889843 0.034995511174201965
			vertex 0.0019009870011359453 0.014655009843409061 0.028983721509575844
			vertex 0.0019009870011359453 0.014459080994129181 0.034980520606040955
		endloop
	endfacet
	facet normal -0.9005574573680811 0.43450515575571064 0.014196323483312024
		outer loop
			vertex 0.002507744589820504 0.01543440856039524 0.03501259908080101
			vertex 0.002507744589820504 0.015630338340997696 0.0290157999843359
			vertex 0.002256663516163826 0.015110504813492298 0.028998712077736855
		endloop
	endfacet
	facet normal -0.9005574573680811 0.43450515575571064 0.014196323483312024
		outer loop
			vertex 0.002507744589820504 0.01543440856039524 0.03501259908080101
			vertex 0.002256663516163826 0.015110504813492298 0.028998712077736855
			vertex 0.002256663516163826 0.014914575032889843 0.034995511174201965
		endloop
	endfacet
	facet normal -0.9681180282516588 0.25036088509136345 0.00817988938737373
		outer loop
			vertex 0.002618584781885147 0.01586255617439747 0.03502665460109711
			vertex 0.002507744589820504 0.015630338340997696 0.0290157999843359
			vertex 0.002507744589820504 0.01543440856039524 0.03501259908080101
		endloop
	endfacet
	facet normal -0.9681180282516588 0.25036088509136345 0.00817988938737373
		outer loop
			vertex 0.002618584781885147 0.01586255617439747 0.03502665460109711
			vertex 0.002618584781885147 0.016058485954999924 0.029029855504631996
			vertex 0.002507744589820504 0.015630338340997696 0.0290157999843359
		endloop
	endfacet
	facet normal -0.9964489953036856 0.08415366895235019 0.0027495017974580463
		outer loop
			vertex 0.0026561191771179438 0.016306519508361816 0.035041190683841705
			vertex 0.002618584781885147 0.016058485954999924 0.029029855504631996
			vertex 0.002618584781885147 0.01586255617439747 0.03502665460109711
		endloop
	endfacet
	facet normal -0.9964489953036856 0.08415366895235019 0.0027495017974580463
		outer loop
			vertex 0.0026561191771179438 0.016306519508361816 0.035041190683841705
			vertex 0.0026561191771179438 0.01650244928896427 0.029044391587376595
			vertex 0.002618584781885147 0.016058485954999924 0.029029855504631996
		endloop
	endfacet
	facet normal 0.0001926689479859802 0.03276117682398641 -0.9994631900034058
		outer loop
			vertex 0.002618584781885147 0.01586255617439747 0.03502665460109711
			vertex 0.002507744589820504 0.01543440856039524 0.03501259908080101
			vertex 0.002256663516163826 0.014914575032889843 0.034995511174201965
		endloop
	endfacet
	facet normal 0.0000807444640185491 0.03286466515826599 -0.9994598077283382
		outer loop
			vertex 0.00039166316855698824 0.013684160076081753 0.03495492413640022
			vertex 0.0014586875913664699 0.014089386910200119 0.034968335181474686
			vertex 0.0009479272994212806 0.013826786540448666 0.03495965898036957
		endloop
	endfacet
	facet normal 0.00009344015874885011 0.032831271731579126 -0.9994609041205285
		outer loop
			vertex 0.00039166316855698824 0.013684160076081753 0.03495492413640022
			vertex 0.0019009870011359453 0.014459080994129181 0.034980520606040955
			vertex 0.0014586875913664699 0.014089386910200119 0.034968335181474686
		endloop
	endfacet
	facet normal 0.00037236768321400774 0.032692643301465894 -0.9994653833006283
		outer loop
			vertex 0.0026561191771179438 0.016306519508361816 0.035041190683841705
			vertex 0.002618584781885147 0.01586255617439747 0.03502665460109711
			vertex 0.002256663516163826 0.014914575032889843 0.034995511174201965
		endloop
	endfacet
	facet normal 0.00005173410988272193 0.03291241510811378 -0.9994582383748375
		outer loop
			vertex -0.00018288048158865422 0.01366221159696579 0.034954171627759933
			vertex 0.0019009870011359453 0.014459080994129181 0.034980520606040955
			vertex 0.00039166316855698824 0.013684160076081753 0.03495492413640022
		endloop
	endfacet
	facet normal 0.00045516977527298053 0.032668905375891975 -0.9994661252098626
		outer loop
			vertex 0.002587179886177182 0.016902407631278038 0.035060636699199677
			vertex 0.0026561191771179438 0.016306519508361816 0.035041190683841705
			vertex 0.002256663516163826 0.014914575032889843 0.034995511174201965
		endloop
	endfacet
	facet normal 0.0000010621483067805644 0.03305600806636592 -0.9994535008341251
		outer loop
			vertex -0.0017467598663643003 0.014311625622212887 0.034975625574588776
			vertex -0.000748436083085835 0.013760697096586227 0.034957405179739
			vertex -0.0012777753872796893 0.013979338109493256 0.03496463596820831
		endloop
	endfacet
	facet normal 0.00006087171860595279 0.0331642688163642 -0.9994499124861186
		outer loop
			vertex -0.0017467598663643003 0.014311625622212887 0.034975625574588776
			vertex -0.00018288048158865422 0.01366221159696579 0.034954171627759933
			vertex -0.000748436083085835 0.013760697096586227 0.034957405179739
		endloop
	endfacet
	facet normal 0.000233506703861977 0.032610475942402385 -0.9994681097130761
		outer loop
			vertex 0.0016698776744306087 0.018368976190686226 0.0351082868874073
			vertex 0.002075616968795657 0.017964744940400124 0.03509519249200821
			vertex 0.002387302229180932 0.01746881939470768 0.03507908433675766
		endloop
	endfacet
	facet normal 0.000008704005382359548 0.033024819189391444 -0.9994545318531246
		outer loop
			vertex -0.0021364763379096985 0.014737939462065697 0.034989699721336365
			vertex 0.0019009870011359453 0.014459080994129181 0.034980520606040955
			vertex -0.00018288048158865422 0.01366221159696579 0.034954171627759933
		endloop
	endfacet
	facet normal -0.000014899823428077636 0.032981999707831076 -0.9994559457391147
		outer loop
			vertex -0.0021364763379096985 0.014737939462065697 0.034989699721336365
			vertex -0.00018288048158865422 0.01366221159696579 0.034954171627759933
			vertex -0.0017467598663643003 0.014311625622212887 0.034975625574588776
		endloop
	endfacet
	facet normal 0.0002739007868284048 0.03267911261067874 -0.9994658576346356
		outer loop
			vertex 0.0011844669934362173 0.018678637221455574 0.03511828929185867
			vertex 0.002256663516163826 0.014914575032889843 0.034995511174201965
			vertex 0.0019009870011359453 0.014459080994129181 0.034980520606040955
		endloop
	endfacet
	facet normal 0.00025501075327914545 0.03264193744088823 -0.9994670774415839
		outer loop
			vertex 0.0011844669934362173 0.018678637221455574 0.03511828929185867
			vertex 0.002387302229180932 0.01746881939470768 0.03507908433675766
			vertex 0.002587179886177182 0.016902407631278038 0.035060636699199677
		endloop
	endfacet
	facet normal 0.00031806520955117147 0.03269167905500138 -0.999465433596924
		outer loop
			vertex 0.0011844669934362173 0.018678637221455574 0.03511828929185867
			vertex 0.002587179886177182 0.016902407631278038 0.035060636699199677
			vertex 0.002256663516163826 0.014914575032889843 0.034995511174201965
		endloop
	endfacet
	facet normal 0.00018222128064812265 0.03256964502201679 -0.9994694517685595
		outer loop
			vertex 0.0011844669934362173 0.018678637221455574 0.03511828929185867
			vertex 0.0016698776744306087 0.018368976190686226 0.0351082868874073
			vertex 0.002387302229180932 0.01746881939470768 0.03507908433675766
		endloop
	endfacet
	facet normal -0.00041758743796139943 0.032677004723383175 -0.9994658768477489
		outer loop
			vertex -0.0026515780482441187 0.016366085037589073 0.0350431427359581
			vertex -0.0024285123217850924 0.015237030573189259 0.03500613570213318
			vertex -0.002604457549750805 0.015787631273269653 0.035024210810661316
		endloop
	endfacet
	facet normal -0.00039922844158280614 0.03268062824747535 -0.9994657658739502
		outer loop
			vertex -0.0026515780482441187 0.016366085037589073 0.0350431427359581
			vertex -0.0021364763379096985 0.014737939462065697 0.034989699721336365
			vertex -0.0024285123217850924 0.015237030573189259 0.03500613570213318
		endloop
	endfacet
	facet normal -0.000007840146276213494 0.032085904898390756 -0.9994851147692915
		outer loop
			vertex -0.000584493565838784 0.018895205110311508 0.03512527793645859
			vertex 0.0003246770065743476 0.018942425027489662 0.035126786679029465
			vertex 0.0006441095029003918 0.01888076774775982 0.03512480482459068
		endloop
	endfacet
	facet normal -0.000006622453882412219 0.032062483508453594 -0.9994858663870207
		outer loop
			vertex -0.000584493565838784 0.018895205110311508 0.03512527793645859
			vertex 7.120305411945083e-8 0.018963493406772614 0.035127464681863785
			vertex 0.0003246770065743476 0.018942425027489662 0.035126786679029465
		endloop
	endfacet
	facet normal -0.00008840174747684543 0.03261765690346114 -0.9994678987557626
		outer loop
			vertex -0.002572837984189391 0.016944102942943573 0.03506201505661011
			vertex 0.0011844669934362173 0.018678637221455574 0.03511828929185867
			vertex 0.0019009870011359453 0.014459080994129181 0.034980520606040955
		endloop
	endfacet
	facet normal -0.000009656663768460242 0.03275927118011766 -0.9994632709902332
		outer loop
			vertex -0.002572837984189391 0.016944102942943573 0.03506201505661011
			vertex 0.0019009870011359453 0.014459080994129181 0.034980520606040955
			vertex -0.0021364763379096985 0.014737939462065697 0.034989699721336365
		endloop
	endfacet
	facet normal -0.00038514096910812135 0.03268508054943095 -0.9994656258100683
		outer loop
			vertex -0.002572837984189391 0.016944102942943573 0.03506201505661011
			vertex -0.0021364763379096985 0.014737939462065697 0.034989699721336365
			vertex -0.0026515780482441187 0.016366085037589073 0.0350431427359581
		endloop
	endfacet
	facet normal -0.00001051904006835784 0.03218945877382796 -0.9994817850432284
		outer loop
			vertex -0.0011404637480154634 0.01869973912835121 0.03511899337172508
			vertex 0.0006441095029003918 0.01888076774775982 0.03512480482459068
			vertex 0.0011844669934362173 0.018678637221455574 0.03511828929185867
		endloop
	endfacet
	facet normal -0.000008205146044481967 0.03244412039721809 -0.9994735509178453
		outer loop
			vertex -0.0011404637480154634 0.01869973912835121 0.03511899337172508
			vertex 0.0011844669934362173 0.018678637221455574 0.03511828929185867
			vertex -0.002572837984189391 0.016944102942943573 0.03506201505661011
		endloop
	endfacet
	facet normal -0.000007026578403963271 0.032155065760175704 -0.9994828921480278
		outer loop
			vertex -0.0011404637480154634 0.01869973912835121 0.03511899337172508
			vertex -0.000584493565838784 0.018895205110311508 0.03512527793645859
			vertex 0.0006441095029003918 0.01888076774775982 0.03512480482459068
		endloop
	endfacet
	facet normal -0.0003105763299577716 0.03267823548041965 -0.9994658755896719
		outer loop
			vertex -0.0016412263503298163 0.0183911994099617 0.03510903939604759
			vertex -0.002572837984189391 0.016944102942943573 0.03506201505661011
			vertex -0.002373836003243923 0.01749289780855179 0.035079896450042725
		endloop
	endfacet
	facet normal -0.00023891751454305178 0.032632152541856564 -0.9994674009385731
		outer loop
			vertex -0.0016412263503298163 0.0183911994099617 0.03510903939604759
			vertex -0.0011404637480154634 0.01869973912835121 0.03511899337172508
			vertex -0.002572837984189391 0.016944102942943573 0.03506201505661011
		endloop
	endfacet
	facet normal -0.00029636651580268605 0.032666659087077436 -0.9994662583354063
		outer loop
			vertex -0.002060167957097292 0.017983686178922653 0.03509584441781044
			vertex -0.0016412263503298163 0.0183911994099617 0.03510903939604759
			vertex -0.002373836003243923 0.01749289780855179 0.035079896450042725
		endloop
	endfacet
	facet normal 0.9957341757357037 0 0.09226836549944396
		outer loop
			vertex 0.0505635142326355 0.03060000017285347 0.04060686379671097
			vertex 0.050400055944919586 0.031599998474121094 0.042370859533548355
			vertex 0.050400055944919586 0.03060000017285347 0.042370859533548355
		endloop
	endfacet
	facet normal 0.9957341757357037 0 0.09226836549944396
		outer loop
			vertex 0.0505635142326355 0.03060000017285347 0.04060686379671097
			vertex 0.0505635142326355 0.031599998474121094 0.04060686379671097
			vertex 0.050400055944919586 0.031599998474121094 0.042370859533548355
		endloop
	endfacet
	facet normal 0.9618255398637097 0 0.2736633531656803
		outer loop
			vertex 0.05104832351207733 0.03060000017285347 0.03890293836593628
			vertex 0.05104832351207733 0.031599998474121094 0.03890293836593628
			vertex 0.0505635142326355 0.031599998474121094 0.04060686379671097
		endloop
	endfacet
	facet normal 0.9618255398637097 0 0.2736633531656803
		outer loop
			vertex 0.05104832351207733 0.03060000017285347 0.03890293836593628
			vertex 0.0505635142326355 0.031599998474121094 0.04060686379671097
			vertex 0.0505635142326355 0.03060000017285347 0.04060686379671097
		endloop
	endfacet
	facet normal 0.8951628126467212 0 0.44573931715119264
		outer loop
			vertex 0.0518379732966423 0.03060000017285347 0.03731711208820343
			vertex 0.0518379732966423 0.031599998474121094 0.03731711208820343
			vertex 0.05104832351207733 0.031599998474121094 0.03890293836593628
		endloop
	endfacet
	facet normal 0.8951628126467212 0 0.44573931715119264
		outer loop
			vertex 0.0518379732966423 0.03060000017285347 0.03731711208820343
			vertex 0.05104832351207733 0.031599998474121094 0.03890293836593628
			vertex 0.05104832351207733 0.03060000017285347 0.03890293836593628
		endloop
	endfacet
	facet normal 0.7980175521022396 0 0.6026342062451729
		outer loop
			vertex 0.05290557071566582 0.03060000017285347 0.035903383046388626
			vertex 0.05290557071566582 0.031599998474121094 0.035903383046388626
			vertex 0.0518379732966423 0.031599998474121094 0.03731711208820343
		endloop
	endfacet
	facet normal 0.7980175521022396 0 0.6026342062451729
		outer loop
			vertex 0.05290557071566582 0.03060000017285347 0.035903383046388626
			vertex 0.0518379732966423 0.031599998474121094 0.03731711208820343
			vertex 0.0518379732966423 0.03060000017285347 0.03731711208820343
		endloop
	endfacet
	facet normal 0.6736963072500136 0 0.7390083122656302
		outer loop
			vertex 0.05421476438641548 0.03060000017285347 0.03470989316701889
			vertex 0.05421476438641548 0.031599998474121094 0.03470989316701889
			vertex 0.05290557071566582 0.031599998474121094 0.035903383046388626
		endloop
	endfacet
	facet normal 0.6736963072500136 0 0.7390083122656302
		outer loop
			vertex 0.05421476438641548 0.03060000017285347 0.03470989316701889
			vertex 0.05290557071566582 0.031599998474121094 0.035903383046388626
			vertex 0.05290557071566582 0.03060000017285347 0.035903383046388626
		endloop
	endfacet
	facet normal 0.526431059309852 0 0.8502178190286929
		outer loop
			vertex 0.055720970034599304 0.03060000017285347 0.03377729281783104
			vertex 0.055720970034599304 0.031599998474121094 0.03377729281783104
			vertex 0.05421476438641548 0.031599998474121094 0.03470989316701889
		endloop
	endfacet
	facet normal 0.526431059309852 0 0.8502178190286929
		outer loop
			vertex 0.055720970034599304 0.03060000017285347 0.03377729281783104
			vertex 0.05421476438641548 0.031599998474121094 0.03470989316701889
			vertex 0.05421476438641548 0.03060000017285347 0.03470989316701889
		endloop
	endfacet
	facet normal 0.3612430433661781 0 0.9324716958811896
		outer loop
			vertex 0.057372890412807465 0.03060000017285347 0.033137332648038864
			vertex 0.055720970034599304 0.031599998474121094 0.03377729281783104
			vertex 0.055720970034599304 0.03060000017285347 0.03377729281783104
		endloop
	endfacet
	facet normal 0.3612430433661781 0 0.9324716958811896
		outer loop
			vertex 0.057372890412807465 0.03060000017285347 0.033137332648038864
			vertex 0.057372890412807465 0.031599998474121094 0.033137332648038864
			vertex 0.055720970034599304 0.031599998474121094 0.03377729281783104
		endloop
	endfacet
	facet normal 0.1837480224643181 0 0.9829733792125057
		outer loop
			vertex 0.059114281088113785 0.03060000017285347 0.032811813056468964
			vertex 0.057372890412807465 0.031599998474121094 0.033137332648038864
			vertex 0.057372890412807465 0.03060000017285347 0.033137332648038864
		endloop
	endfacet
	facet normal 0.1837480224643181 0 0.9829733792125057
		outer loop
			vertex 0.059114281088113785 0.03060000017285347 0.032811813056468964
			vertex 0.059114281088113785 0.031599998474121094 0.032811813056468964
			vertex 0.057372890412807465 0.031599998474121094 0.033137332648038864
		endloop
	endfacet
	facet normal 0 0 1
		outer loop
			vertex 0.06088583171367645 0.03060000017285347 0.032811813056468964
			vertex 0.059114281088113785 0.031599998474121094 0.032811813056468964
			vertex 0.059114281088113785 0.03060000017285347 0.032811813056468964
		endloop
	endfacet
	facet normal 0 0 1
		outer loop
			vertex 0.06088583171367645 0.03060000017285347 0.032811813056468964
			vertex 0.06088583171367645 0.031599998474121094 0.032811813056468964
			vertex 0.059114281088113785 0.031599998474121094 0.032811813056468964
		endloop
	endfacet
	facet normal -0.18374840227832398 0 0.9829733082134852
		outer loop
			vertex 0.06262721866369247 0.03060000017285347 0.033137332648038864
			vertex 0.06088583171367645 0.031599998474121094 0.032811813056468964
			vertex 0.06088583171367645 0.03060000017285347 0.032811813056468964
		endloop
	endfacet
	facet normal -0.18374840227832398 0 0.9829733082134852
		outer loop
			vertex 0.06262721866369247 0.03060000017285347 0.033137332648038864
			vertex 0.06262721866369247 0.031599998474121094 0.033137332648038864
			vertex 0.06088583171367645 0.031599998474121094 0.032811813056468964
		endloop
	endfacet
	facet normal -0.3612416266911461 0 0.9324722447051895
		outer loop
			vertex 0.06427914649248123 0.03060000017285347 0.03377729281783104
			vertex 0.06262721866369247 0.031599998474121094 0.033137332648038864
			vertex 0.06262721866369247 0.03060000017285347 0.033137332648038864
		endloop
	endfacet
	facet normal -0.3612416266911461 0 0.9324722447051895
		outer loop
			vertex 0.06427914649248123 0.03060000017285347 0.03377729281783104
			vertex 0.06427914649248123 0.031599998474121094 0.03377729281783104
			vertex 0.06262721866369247 0.031599998474121094 0.033137332648038864
		endloop
	endfacet
	facet normal -0.5264320005021993 0 0.8502172362680331
		outer loop
			vertex 0.06578534841537476 0.03060000017285347 0.03470989316701889
			vertex 0.06427914649248123 0.031599998474121094 0.03377729281783104
			vertex 0.06427914649248123 0.03060000017285347 0.03377729281783104
		endloop
	endfacet
	facet normal -0.5264320005021993 0 0.8502172362680331
		outer loop
			vertex 0.06578534841537476 0.03060000017285347 0.03470989316701889
			vertex 0.06578534841537476 0.031599998474121094 0.03470989316701889
			vertex 0.06427914649248123 0.031599998474121094 0.03377729281783104
		endloop
	endfacet
	facet normal -0.6736963072500136 0 0.7390083122656302
		outer loop
			vertex 0.06709454208612442 0.03060000017285347 0.035903383046388626
			vertex 0.06578534841537476 0.031599998474121094 0.03470989316701889
			vertex 0.06578534841537476 0.03060000017285347 0.03470989316701889
		endloop
	endfacet
	facet normal -0.6736963072500136 0 0.7390083122656302
		outer loop
			vertex 0.06709454208612442 0.03060000017285347 0.035903383046388626
			vertex 0.06709454208612442 0.031599998474121094 0.035903383046388626
			vertex 0.06578534841537476 0.031599998474121094 0.03470989316701889
		endloop
	endfacet
	facet normal -0.798016540819627 0 0.6026355453989389
		outer loop
			vertex 0.06816214323043823 0.03060000017285347 0.03731711208820343
			vertex 0.06709454208612442 0.031599998474121094 0.035903383046388626
			vertex 0.06709454208612442 0.03060000017285347 0.035903383046388626
		endloop
	endfacet
	facet normal -0.798016540819627 0 0.6026355453989389
		outer loop
			vertex 0.06816214323043823 0.03060000017285347 0.03731711208820343
			vertex 0.06816214323043823 0.031599998474121094 0.03731711208820343
			vertex 0.06709454208612442 0.031599998474121094 0.035903383046388626
		endloop
	endfacet
	facet normal -0.8951628126467212 0 0.44573931715119264
		outer loop
			vertex 0.0689517930150032 0.03060000017285347 0.03890293836593628
			vertex 0.06816214323043823 0.031599998474121094 0.03731711208820343
			vertex 0.06816214323043823 0.03060000017285347 0.03731711208820343
		endloop
	endfacet
	facet normal -0.8951628126467212 0 0.44573931715119264
		outer loop
			vertex 0.0689517930150032 0.03060000017285347 0.03890293836593628
			vertex 0.0689517930150032 0.031599998474121094 0.03890293836593628
			vertex 0.06816214323043823 0.031599998474121094 0.03731711208820343
		endloop
	endfacet
	facet normal -0.9618266468600849 0 0.2736594624526726
		outer loop
			vertex 0.06943659484386444 0.03060000017285347 0.04060686379671097
			vertex 0.0689517930150032 0.031599998474121094 0.03890293836593628
			vertex 0.0689517930150032 0.03060000017285347 0.03890293836593628
		endloop
	endfacet
	facet normal -0.9618266468600849 0 0.2736594624526726
		outer loop
			vertex 0.06943659484386444 0.03060000017285347 0.04060686379671097
			vertex 0.06943659484386444 0.031599998474121094 0.04060686379671097
			vertex 0.0689517930150032 0.031599998474121094 0.03890293836593628
		endloop
	endfacet
	facet normal -0.9957341757357037 0 0.09226836549944396
		outer loop
			vertex 0.06960005313158035 0.03060000017285347 0.042370859533548355
			vertex 0.06943659484386444 0.031599998474121094 0.04060686379671097
			vertex 0.06943659484386444 0.03060000017285347 0.04060686379671097
		endloop
	endfacet
	facet normal -0.9957341757357037 0 0.09226836549944396
		outer loop
			vertex 0.06960005313158035 0.03060000017285347 0.042370859533548355
			vertex 0.06960005313158035 0.031599998474121094 0.042370859533548355
			vertex 0.06943659484386444 0.031599998474121094 0.04060686379671097
		endloop
	endfacet
	facet normal -0.9957341757357037 0 -0.09226836549944396
		outer loop
			vertex 0.06943659484386444 0.03060000017285347 0.04413485527038574
			vertex 0.06960005313158035 0.031599998474121094 0.042370859533548355
			vertex 0.06960005313158035 0.03060000017285347 0.042370859533548355
		endloop
	endfacet
	facet normal -0.9957341757357037 0 -0.09226836549944396
		outer loop
			vertex 0.06943659484386444 0.03060000017285347 0.04413485527038574
			vertex 0.06943659484386444 0.031599998474121094 0.04413485527038574
			vertex 0.06960005313158035 0.031599998474121094 0.042370859533548355
		endloop
	endfacet
	facet normal -0.9618266468600849 0 -0.2736594624526726
		outer loop
			vertex 0.0689517930150032 0.03060000017285347 0.04583878070116043
			vertex 0.06943659484386444 0.031599998474121094 0.04413485527038574
			vertex 0.06943659484386444 0.03060000017285347 0.04413485527038574
		endloop
	endfacet
	facet normal -0.9618266468600849 0 -0.2736594624526726
		outer loop
			vertex 0.0689517930150032 0.03060000017285347 0.04583878070116043
			vertex 0.0689517930150032 0.031599998474121094 0.04583878070116043
			vertex 0.06943659484386444 0.031599998474121094 0.04413485527038574
		endloop
	endfacet
	facet normal -0.8951628126467212 0 -0.44573931715119264
		outer loop
			vertex 0.06816214323043823 0.03060000017285347 0.04742460697889328
			vertex 0.0689517930150032 0.031599998474121094 0.04583878070116043
			vertex 0.0689517930150032 0.03060000017285347 0.04583878070116043
		endloop
	endfacet
	facet normal -0.8951628126467212 0 -0.44573931715119264
		outer loop
			vertex 0.06816214323043823 0.03060000017285347 0.04742460697889328
			vertex 0.06816214323043823 0.031599998474121094 0.04742460697889328
			vertex 0.0689517930150032 0.031599998474121094 0.04583878070116043
		endloop
	endfacet
	facet normal -0.798017304504574 0 -0.6026345341176976
		outer loop
			vertex 0.06709454208612442 0.03060000017285347 0.04883833974599838
			vertex 0.06816214323043823 0.031599998474121094 0.04742460697889328
			vertex 0.06816214323043823 0.03060000017285347 0.04742460697889328
		endloop
	endfacet
	facet normal -0.798017304504574 0 -0.6026345341176976
		outer loop
			vertex 0.06709454208612442 0.03060000017285347 0.04883833974599838
			vertex 0.06709454208612442 0.031599998474121094 0.04883833974599838
			vertex 0.06816214323043823 0.031599998474121094 0.04742460697889328
		endloop
	endfacet
	facet normal -0.673695158818458 0 -0.7390093591995792
		outer loop
			vertex 0.06578534841537476 0.03060000017285347 0.05003182590007782
			vertex 0.06578534841537476 0.031599998474121094 0.05003182590007782
			vertex 0.06709454208612442 0.031599998474121094 0.04883833974599838
		endloop
	endfacet
	facet normal -0.673695158818458 0 -0.7390093591995792
		outer loop
			vertex 0.06578534841537476 0.03060000017285347 0.05003182590007782
			vertex 0.06709454208612442 0.031599998474121094 0.04883833974599838
			vertex 0.06709454208612442 0.03060000017285347 0.04883833974599838
		endloop
	endfacet
	facet normal -0.5264320005021993 0 -0.8502172362680331
		outer loop
			vertex 0.06427914649248123 0.03060000017285347 0.05096442624926567
			vertex 0.06427914649248123 0.031599998474121094 0.05096442624926567
			vertex 0.06578534841537476 0.031599998474121094 0.05003182590007782
		endloop
	endfacet
	facet normal -0.5264320005021993 0 -0.8502172362680331
		outer loop
			vertex 0.06427914649248123 0.03060000017285347 0.05096442624926567
			vertex 0.06578534841537476 0.031599998474121094 0.05003182590007782
			vertex 0.06578534841537476 0.03060000017285347 0.05003182590007782
		endloop
	endfacet
	facet normal -0.3612416266911461 0 -0.9324722447051895
		outer loop
			vertex 0.06262721866369247 0.03060000017285347 0.051604386419057846
			vertex 0.06262721866369247 0.031599998474121094 0.051604386419057846
			vertex 0.06427914649248123 0.031599998474121094 0.05096442624926567
		endloop
	endfacet
	facet normal -0.3612416266911461 0 -0.9324722447051895
		outer loop
			vertex 0.06262721866369247 0.03060000017285347 0.051604386419057846
			vertex 0.06427914649248123 0.031599998474121094 0.05096442624926567
			vertex 0.06427914649248123 0.03060000017285347 0.05096442624926567
		endloop
	endfacet
	facet normal -0.18374840227832398 0 -0.9829733082134852
		outer loop
			vertex 0.06088583171367645 0.03060000017285347 0.05192990601062775
			vertex 0.06088583171367645 0.031599998474121094 0.05192990601062775
			vertex 0.06262721866369247 0.031599998474121094 0.051604386419057846
		endloop
	endfacet
	facet normal -0.18374840227832398 0 -0.9829733082134852
		outer loop
			vertex 0.06088583171367645 0.03060000017285347 0.05192990601062775
			vertex 0.06262721866369247 0.031599998474121094 0.051604386419057846
			vertex 0.06262721866369247 0.03060000017285347 0.051604386419057846
		endloop
	endfacet
	facet normal 0 0 -1
		outer loop
			vertex 0.059114281088113785 0.03060000017285347 0.05192990601062775
			vertex 0.059114281088113785 0.031599998474121094 0.05192990601062775
			vertex 0.06088583171367645 0.031599998474121094 0.05192990601062775
		endloop
	endfacet
	facet normal 0 0 -1
		outer loop
			vertex 0.059114281088113785 0.03060000017285347 0.05192990601062775
			vertex 0.06088583171367645 0.031599998474121094 0.05192990601062775
			vertex 0.06088583171367645 0.03060000017285347 0.05192990601062775
		endloop
	endfacet
	facet normal 0.1837480224643181 0 -0.9829733792125057
		outer loop
			vertex 0.057372890412807465 0.03060000017285347 0.051604386419057846
			vertex 0.057372890412807465 0.031599998474121094 0.051604386419057846
			vertex 0.059114281088113785 0.031599998474121094 0.05192990601062775
		endloop
	endfacet
	facet normal 0.1837480224643181 0 -0.9829733792125057
		outer loop
			vertex 0.057372890412807465 0.03060000017285347 0.051604386419057846
			vertex 0.059114281088113785 0.031599998474121094 0.05192990601062775
			vertex 0.059114281088113785 0.03060000017285347 0.05192990601062775
		endloop
	endfacet
	facet normal 0.3612430433661781 0 -0.9324716958811896
		outer loop
			vertex 0.055720970034599304 0.03060000017285347 0.05096442624926567
			vertex 0.055720970034599304 0.031599998474121094 0.05096442624926567
			vertex 0.057372890412807465 0.031599998474121094 0.051604386419057846
		endloop
	endfacet
	facet normal 0.3612430433661781 0 -0.9324716958811896
		outer loop
			vertex 0.055720970034599304 0.03060000017285347 0.05096442624926567
			vertex 0.057372890412807465 0.031599998474121094 0.051604386419057846
			vertex 0.057372890412807465 0.03060000017285347 0.051604386419057846
		endloop
	endfacet
	facet normal 0.526431059309852 0 -0.8502178190286929
		outer loop
			vertex 0.05421476438641548 0.03060000017285347 0.05003182590007782
			vertex 0.05421476438641548 0.031599998474121094 0.05003182590007782
			vertex 0.055720970034599304 0.031599998474121094 0.05096442624926567
		endloop
	endfacet
	facet normal 0.526431059309852 0 -0.8502178190286929
		outer loop
			vertex 0.05421476438641548 0.03060000017285347 0.05003182590007782
			vertex 0.055720970034599304 0.031599998474121094 0.05096442624926567
			vertex 0.055720970034599304 0.03060000017285347 0.05096442624926567
		endloop
	endfacet
	facet normal 0.673695158818458 0 -0.7390093591995792
		outer loop
			vertex 0.05290557071566582 0.03060000017285347 0.04883833974599838
			vertex 0.05290557071566582 0.031599998474121094 0.04883833974599838
			vertex 0.05421476438641548 0.031599998474121094 0.05003182590007782
		endloop
	endfacet
	facet normal 0.673695158818458 0 -0.7390093591995792
		outer loop
			vertex 0.05290557071566582 0.03060000017285347 0.04883833974599838
			vertex 0.05421476438641548 0.031599998474121094 0.05003182590007782
			vertex 0.05421476438641548 0.03060000017285347 0.05003182590007782
		endloop
	endfacet
	facet normal 0.7980183157847599 0 -0.6026331949636157
		outer loop
			vertex 0.0518379732966423 0.03060000017285347 0.04742460697889328
			vertex 0.0518379732966423 0.031599998474121094 0.04742460697889328
			vertex 0.05290557071566582 0.031599998474121094 0.04883833974599838
		endloop
	endfacet
	facet normal 0.7980183157847599 0 -0.6026331949636157
		outer loop
			vertex 0.0518379732966423 0.03060000017285347 0.04742460697889328
			vertex 0.05290557071566582 0.031599998474121094 0.04883833974599838
			vertex 0.05290557071566582 0.03060000017285347 0.04883833974599838
		endloop
	endfacet
	facet normal 0.8951628126467212 0 -0.44573931715119264
		outer loop
			vertex 0.05104832351207733 0.03060000017285347 0.04583878070116043
			vertex 0.05104832351207733 0.031599998474121094 0.04583878070116043
			vertex 0.0518379732966423 0.031599998474121094 0.04742460697889328
		endloop
	endfacet
	facet normal 0.8951628126467212 0 -0.44573931715119264
		outer loop
			vertex 0.05104832351207733 0.03060000017285347 0.04583878070116043
			vertex 0.0518379732966423 0.031599998474121094 0.04742460697889328
			vertex 0.0518379732966423 0.03060000017285347 0.04742460697889328
		endloop
	endfacet
	facet normal 0.9618255398637097 0 -0.2736633531656803
		outer loop
			vertex 0.0505635142326355 0.03060000017285347 0.04413485527038574
			vertex 0.05104832351207733 0.031599998474121094 0.04583878070116043
			vertex 0.05104832351207733 0.03060000017285347 0.04583878070116043
		endloop
	endfacet
	facet normal 0.9618255398637097 0 -0.2736633531656803
		outer loop
			vertex 0.0505635142326355 0.03060000017285347 0.04413485527038574
			vertex 0.0505635142326355 0.031599998474121094 0.04413485527038574
			vertex 0.05104832351207733 0.031599998474121094 0.04583878070116043
		endloop
	endfacet
	facet normal 0.9957341757357037 0 -0.09226836549944396
		outer loop
			vertex 0.050400055944919586 0.03060000017285347 0.042370859533548355
			vertex 0.0505635142326355 0.031599998474121094 0.04413485527038574
			vertex 0.0505635142326355 0.03060000017285347 0.04413485527038574
		endloop
	endfacet
	facet normal 0.9957341757357037 0 -0.09226836549944396
		outer loop
			vertex 0.050400055944919586 0.03060000017285347 0.042370859533548355
			vertex 0.050400055944919586 0.031599998474121094 0.042370859533548355
			vertex 0.0505635142326355 0.031599998474121094 0.04413485527038574
		endloop
	endfacet
	facet normal 0.9957341757357037 0 0.09226836549944396
		outer loop
			vertex -0.06943648308515549 0.03060000017285347 0.04060686379671097
			vertex -0.0695999413728714 0.031599998474121094 0.042370859533548355
			vertex -0.0695999413728714 0.03060000017285347 0.042370859533548355
		endloop
	endfacet
	facet normal 0.9957341757357037 0 0.09226836549944396
		outer loop
			vertex -0.06943648308515549 0.03060000017285347 0.04060686379671097
			vertex -0.06943648308515549 0.031599998474121094 0.04060686379671097
			vertex -0.0695999413728714 0.031599998474121094 0.042370859533548355
		endloop
	endfacet
	facet normal 0.9618255398637097 0 0.2736633531656803
		outer loop
			vertex -0.06895167380571365 0.03060000017285347 0.03890293836593628
			vertex -0.06895167380571365 0.031599998474121094 0.03890293836593628
			vertex -0.06943648308515549 0.031599998474121094 0.04060686379671097
		endloop
	endfacet
	facet normal 0.9618255398637097 0 0.2736633531656803
		outer loop
			vertex -0.06895167380571365 0.03060000017285347 0.03890293836593628
			vertex -0.06943648308515549 0.031599998474121094 0.04060686379671097
			vertex -0.06943648308515549 0.03060000017285347 0.04060686379671097
		endloop
	endfacet
	facet normal 0.8951644907500048 0 0.44573594705866454
		outer loop
			vertex -0.06816203147172928 0.03060000017285347 0.03731711208820343
			vertex -0.06816203147172928 0.031599998474121094 0.03731711208820343
			vertex -0.06895167380571365 0.031599998474121094 0.03890293836593628
		endloop
	endfacet
	facet normal 0.8951644907500048 0 0.44573594705866454
		outer loop
			vertex -0.06816203147172928 0.03060000017285347 0.03731711208820343
			vertex -0.06895167380571365 0.031599998474121094 0.03890293836593628
			vertex -0.06895167380571365 0.03060000017285347 0.03890293836593628
		endloop
	endfacet
	facet normal 0.798016540819627 0 0.6026355453989389
		outer loop
			vertex -0.06709443032741547 0.03060000017285347 0.035903383046388626
			vertex -0.06709443032741547 0.031599998474121094 0.035903383046388626
			vertex -0.06816203147172928 0.031599998474121094 0.03731711208820343
		endloop
	endfacet
	facet normal 0.798016540819627 0 0.6026355453989389
		outer loop
			vertex -0.06709443032741547 0.03060000017285347 0.035903383046388626
			vertex -0.06816203147172928 0.031599998474121094 0.03731711208820343
			vertex -0.06816203147172928 0.03060000017285347 0.03731711208820343
		endloop
	endfacet
	facet normal 0.6736963072500136 0 0.7390083122656302
		outer loop
			vertex -0.0657852366566658 0.03060000017285347 0.03470989316701889
			vertex -0.0657852366566658 0.031599998474121094 0.03470989316701889
			vertex -0.06709443032741547 0.031599998474121094 0.035903383046388626
		endloop
	endfacet
	facet normal 0.6736963072500136 0 0.7390083122656302
		outer loop
			vertex -0.0657852366566658 0.03060000017285347 0.03470989316701889
			vertex -0.06709443032741547 0.031599998474121094 0.035903383046388626
			vertex -0.06709443032741547 0.03060000017285347 0.035903383046388626
		endloop
	endfacet
	facet normal 0.5264320005021993 0 0.8502172362680331
		outer loop
			vertex -0.06427903473377228 0.03060000017285347 0.03377729281783104
			vertex -0.06427903473377228 0.031599998474121094 0.03377729281783104
			vertex -0.0657852366566658 0.031599998474121094 0.03470989316701889
		endloop
	endfacet
	facet normal 0.5264320005021993 0 0.8502172362680331
		outer loop
			vertex -0.06427903473377228 0.03060000017285347 0.03377729281783104
			vertex -0.0657852366566658 0.031599998474121094 0.03470989316701889
			vertex -0.0657852366566658 0.03060000017285347 0.03470989316701889
		endloop
	endfacet
	facet normal 0.3612416266911461 0 0.9324722447051895
		outer loop
			vertex -0.06262710690498352 0.03060000017285347 0.033137332648038864
			vertex -0.06427903473377228 0.031599998474121094 0.03377729281783104
			vertex -0.06427903473377228 0.03060000017285347 0.03377729281783104
		endloop
	endfacet
	facet normal 0.3612416266911461 0 0.9324722447051895
		outer loop
			vertex -0.06262710690498352 0.03060000017285347 0.033137332648038864
			vertex -0.06262710690498352 0.031599998474121094 0.033137332648038864
			vertex -0.06427903473377228 0.031599998474121094 0.03377729281783104
		endloop
	endfacet
	facet normal 0.18374840227832398 0 0.9829733082134852
		outer loop
			vertex -0.0608857199549675 0.03060000017285347 0.032811813056468964
			vertex -0.06262710690498352 0.031599998474121094 0.033137332648038864
			vertex -0.06262710690498352 0.03060000017285347 0.033137332648038864
		endloop
	endfacet
	facet normal 0.18374840227832398 0 0.9829733082134852
		outer loop
			vertex -0.0608857199549675 0.03060000017285347 0.032811813056468964
			vertex -0.0608857199549675 0.031599998474121094 0.032811813056468964
			vertex -0.06262710690498352 0.031599998474121094 0.033137332648038864
		endloop
	endfacet
	facet normal 0 0 1
		outer loop
			vertex -0.05911416560411453 0.03060000017285347 0.032811813056468964
			vertex -0.0608857199549675 0.031599998474121094 0.032811813056468964
			vertex -0.0608857199549675 0.03060000017285347 0.032811813056468964
		endloop
	endfacet
	facet normal 0 0 1
		outer loop
			vertex -0.05911416560411453 0.03060000017285347 0.032811813056468964
			vertex -0.05911416560411453 0.031599998474121094 0.032811813056468964
			vertex -0.0608857199549675 0.031599998474121094 0.032811813056468964
		endloop
	endfacet
	facet normal -0.18374840227832398 0 0.9829733082134852
		outer loop
			vertex -0.05737277865409851 0.03060000017285347 0.033137332648038864
			vertex -0.05911416560411453 0.031599998474121094 0.032811813056468964
			vertex -0.05911416560411453 0.03060000017285347 0.032811813056468964
		endloop
	endfacet
	facet normal -0.18374840227832398 0 0.9829733082134852
		outer loop
			vertex -0.05737277865409851 0.03060000017285347 0.033137332648038864
			vertex -0.05737277865409851 0.031599998474121094 0.033137332648038864
			vertex -0.05911416560411453 0.031599998474121094 0.032811813056468964
		endloop
	endfacet
	facet normal -0.3612423350273774 0 0.9324719702939968
		outer loop
			vertex -0.05572085455060005 0.03060000017285347 0.03377729281783104
			vertex -0.05737277865409851 0.031599998474121094 0.033137332648038864
			vertex -0.05737277865409851 0.03060000017285347 0.033137332648038864
		endloop
	endfacet
	facet normal -0.3612423350273774 0 0.9324719702939968
		outer loop
			vertex -0.05572085455060005 0.03060000017285347 0.03377729281783104
			vertex -0.05572085455060005 0.031599998474121094 0.03377729281783104
			vertex -0.05737277865409851 0.031599998474121094 0.033137332648038864
		endloop
	endfacet
	facet normal -0.5264320005021993 0 0.8502172362680331
		outer loop
			vertex -0.05421465262770653 0.03060000017285347 0.03470989316701889
			vertex -0.05572085455060005 0.031599998474121094 0.03377729281783104
			vertex -0.05572085455060005 0.03060000017285347 0.03377729281783104
		endloop
	endfacet
	facet normal -0.5264320005021993 0 0.8502172362680331
		outer loop
			vertex -0.05421465262770653 0.03060000017285347 0.03470989316701889
			vertex -0.05421465262770653 0.031599998474121094 0.03470989316701889
			vertex -0.05572085455060005 0.031599998474121094 0.03377729281783104
		endloop
	endfacet
	facet normal -0.6736963072500136 0 0.7390083122656302
		outer loop
			vertex -0.05290545895695686 0.03060000017285347 0.035903383046388626
			vertex -0.05421465262770653 0.031599998474121094 0.03470989316701889
			vertex -0.05421465262770653 0.03060000017285347 0.03470989316701889
		endloop
	endfacet
	facet normal -0.6736963072500136 0 0.7390083122656302
		outer loop
			vertex -0.05290545895695686 0.03060000017285347 0.035903383046388626
			vertex -0.05290545895695686 0.031599998474121094 0.035903383046388626
			vertex -0.05421465262770653 0.031599998474121094 0.03470989316701889
		endloop
	endfacet
	facet normal -0.798016540819627 0 0.6026355453989389
		outer loop
			vertex -0.05183785781264305 0.03060000017285347 0.03731711208820343
			vertex -0.05290545895695686 0.031599998474121094 0.035903383046388626
			vertex -0.05290545895695686 0.03060000017285347 0.035903383046388626
		endloop
	endfacet
	facet normal -0.798016540819627 0 0.6026355453989389
		outer loop
			vertex -0.05183785781264305 0.03060000017285347 0.03731711208820343
			vertex -0.05183785781264305 0.031599998474121094 0.03731711208820343
			vertex -0.05290545895695686 0.031599998474121094 0.035903383046388626
		endloop
	endfacet
	facet normal -0.8951636516991626 0 0.4457376321072978
		outer loop
			vertex -0.05104821175336838 0.03060000017285347 0.03890293836593628
			vertex -0.05183785781264305 0.031599998474121094 0.03731711208820343
			vertex -0.05183785781264305 0.03060000017285347 0.03731711208820343
		endloop
	endfacet
	facet normal -0.8951636516991626 0 0.4457376321072978
		outer loop
			vertex -0.05104821175336838 0.03060000017285347 0.03890293836593628
			vertex -0.05104821175336838 0.031599998474121094 0.03890293836593628
			vertex -0.05183785781264305 0.031599998474121094 0.03731711208820343
		endloop
	endfacet
	facet normal -0.9618255398637097 0 0.2736633531656803
		outer loop
			vertex -0.050563402473926544 0.03060000017285347 0.04060686379671097
			vertex -0.05104821175336838 0.031599998474121094 0.03890293836593628
			vertex -0.05104821175336838 0.03060000017285347 0.03890293836593628
		endloop
	endfacet
	facet normal -0.9618255398637097 0 0.2736633531656803
		outer loop
			vertex -0.050563402473926544 0.03060000017285347 0.04060686379671097
			vertex -0.050563402473926544 0.031599998474121094 0.04060686379671097
			vertex -0.05104821175336838 0.031599998474121094 0.03890293836593628
		endloop
	endfacet
	facet normal -0.9957341757357037 0 0.09226836549944396
		outer loop
			vertex -0.05039994418621063 0.03060000017285347 0.042370859533548355
			vertex -0.050563402473926544 0.031599998474121094 0.04060686379671097
			vertex -0.050563402473926544 0.03060000017285347 0.04060686379671097
		endloop
	endfacet
	facet normal -0.9957341757357037 0 0.09226836549944396
		outer loop
			vertex -0.05039994418621063 0.03060000017285347 0.042370859533548355
			vertex -0.05039994418621063 0.031599998474121094 0.042370859533548355
			vertex -0.050563402473926544 0.031599998474121094 0.04060686379671097
		endloop
	endfacet
	facet normal -0.9957341757357037 0 -0.09226836549944396
		outer loop
			vertex -0.050563402473926544 0.03060000017285347 0.04413485527038574
			vertex -0.05039994418621063 0.031599998474121094 0.042370859533548355
			vertex -0.05039994418621063 0.03060000017285347 0.042370859533548355
		endloop
	endfacet
	facet normal -0.9957341757357037 0 -0.09226836549944396
		outer loop
			vertex -0.050563402473926544 0.03060000017285347 0.04413485527038574
			vertex -0.050563402473926544 0.031599998474121094 0.04413485527038574
			vertex -0.05039994418621063 0.031599998474121094 0.042370859533548355
		endloop
	endfacet
	facet normal -0.9618255398637097 0 -0.2736633531656803
		outer loop
			vertex -0.05104821175336838 0.03060000017285347 0.04583878070116043
			vertex -0.050563402473926544 0.031599998474121094 0.04413485527038574
			vertex -0.050563402473926544 0.03060000017285347 0.04413485527038574
		endloop
	endfacet
	facet normal -0.9618255398637097 0 -0.2736633531656803
		outer loop
			vertex -0.05104821175336838 0.03060000017285347 0.04583878070116043
			vertex -0.05104821175336838 0.031599998474121094 0.04583878070116043
			vertex -0.050563402473926544 0.031599998474121094 0.04413485527038574
		endloop
	endfacet
	facet normal -0.8951636516991626 0 -0.4457376321072978
		outer loop
			vertex -0.05183785781264305 0.03060000017285347 0.04742460697889328
			vertex -0.05104821175336838 0.031599998474121094 0.04583878070116043
			vertex -0.05104821175336838 0.03060000017285347 0.04583878070116043
		endloop
	endfacet
	facet normal -0.8951636516991626 0 -0.4457376321072978
		outer loop
			vertex -0.05183785781264305 0.03060000017285347 0.04742460697889328
			vertex -0.05183785781264305 0.031599998474121094 0.04742460697889328
			vertex -0.05104821175336838 0.031599998474121094 0.04583878070116043
		endloop
	endfacet
	facet normal -0.798017304504574 0 -0.6026345341176976
		outer loop
			vertex -0.05290545895695686 0.03060000017285347 0.04883833974599838
			vertex -0.05183785781264305 0.031599998474121094 0.04742460697889328
			vertex -0.05183785781264305 0.03060000017285347 0.04742460697889328
		endloop
	endfacet
	facet normal -0.798017304504574 0 -0.6026345341176976
		outer loop
			vertex -0.05290545895695686 0.03060000017285347 0.04883833974599838
			vertex -0.05290545895695686 0.031599998474121094 0.04883833974599838
			vertex -0.05183785781264305 0.031599998474121094 0.04742460697889328
		endloop
	endfacet
	facet normal -0.673695158818458 0 -0.7390093591995792
		outer loop
			vertex -0.05421465262770653 0.03060000017285347 0.05003182590007782
			vertex -0.05421465262770653 0.031599998474121094 0.05003182590007782
			vertex -0.05290545895695686 0.031599998474121094 0.04883833974599838
		endloop
	endfacet
	facet normal -0.673695158818458 0 -0.7390093591995792
		outer loop
			vertex -0.05421465262770653 0.03060000017285347 0.05003182590007782
			vertex -0.05290545895695686 0.031599998474121094 0.04883833974599838
			vertex -0.05290545895695686 0.03060000017285347 0.04883833974599838
		endloop
	endfacet
	facet normal -0.5264320005021993 0 -0.8502172362680331
		outer loop
			vertex -0.05572085455060005 0.03060000017285347 0.05096442624926567
			vertex -0.05572085455060005 0.031599998474121094 0.05096442624926567
			vertex -0.05421465262770653 0.031599998474121094 0.05003182590007782
		endloop
	endfacet
	facet normal -0.5264320005021993 0 -0.8502172362680331
		outer loop
			vertex -0.05572085455060005 0.03060000017285347 0.05096442624926567
			vertex -0.05421465262770653 0.031599998474121094 0.05003182590007782
			vertex -0.05421465262770653 0.03060000017285347 0.05003182590007782
		endloop
	endfacet
	facet normal -0.3612423350273774 0 -0.9324719702939968
		outer loop
			vertex -0.05737277865409851 0.03060000017285347 0.051604386419057846
			vertex -0.05737277865409851 0.031599998474121094 0.051604386419057846
			vertex -0.05572085455060005 0.031599998474121094 0.05096442624926567
		endloop
	endfacet
	facet normal -0.3612423350273774 0 -0.9324719702939968
		outer loop
			vertex -0.05737277865409851 0.03060000017285347 0.051604386419057846
			vertex -0.05572085455060005 0.031599998474121094 0.05096442624926567
			vertex -0.05572085455060005 0.03060000017285347 0.05096442624926567
		endloop
	endfacet
	facet normal -0.18374840227832398 0 -0.9829733082134852
		outer loop
			vertex -0.05911416560411453 0.03060000017285347 0.05192990601062775
			vertex -0.05911416560411453 0.031599998474121094 0.05192990601062775
			vertex -0.05737277865409851 0.031599998474121094 0.051604386419057846
		endloop
	endfacet
	facet normal -0.18374840227832398 0 -0.9829733082134852
		outer loop
			vertex -0.05911416560411453 0.03060000017285347 0.05192990601062775
			vertex -0.05737277865409851 0.031599998474121094 0.051604386419057846
			vertex -0.05737277865409851 0.03060000017285347 0.051604386419057846
		endloop
	endfacet
	facet normal 0 0 -1
		outer loop
			vertex -0.0608857199549675 0.03060000017285347 0.05192990601062775
			vertex -0.0608857199549675 0.031599998474121094 0.05192990601062775
			vertex -0.05911416560411453 0.031599998474121094 0.05192990601062775
		endloop
	endfacet
	facet normal 0 0 -1
		outer loop
			vertex -0.0608857199549675 0.03060000017285347 0.05192990601062775
			vertex -0.05911416560411453 0.031599998474121094 0.05192990601062775
			vertex -0.05911416560411453 0.03060000017285347 0.05192990601062775
		endloop
	endfacet
	facet normal 0.18374840227832398 0 -0.9829733082134852
		outer loop
			vertex -0.06262710690498352 0.03060000017285347 0.051604386419057846
			vertex -0.06262710690498352 0.031599998474121094 0.051604386419057846
			vertex -0.0608857199549675 0.031599998474121094 0.05192990601062775
		endloop
	endfacet
	facet normal 0.18374840227832398 0 -0.9829733082134852
		outer loop
			vertex -0.06262710690498352 0.03060000017285347 0.051604386419057846
			vertex -0.0608857199549675 0.031599998474121094 0.05192990601062775
			vertex -0.0608857199549675 0.03060000017285347 0.05192990601062775
		endloop
	endfacet
	facet normal 0.3612416266911461 0 -0.9324722447051895
		outer loop
			vertex -0.06427903473377228 0.03060000017285347 0.05096442624926567
			vertex -0.06427903473377228 0.031599998474121094 0.05096442624926567
			vertex -0.06262710690498352 0.031599998474121094 0.051604386419057846
		endloop
	endfacet
	facet normal 0.3612416266911461 0 -0.9324722447051895
		outer loop
			vertex -0.06427903473377228 0.03060000017285347 0.05096442624926567
			vertex -0.06262710690498352 0.031599998474121094 0.051604386419057846
			vertex -0.06262710690498352 0.03060000017285347 0.051604386419057846
		endloop
	endfacet
	facet normal 0.5264320005021993 0 -0.8502172362680331
		outer loop
			vertex -0.0657852366566658 0.03060000017285347 0.05003182590007782
			vertex -0.0657852366566658 0.031599998474121094 0.05003182590007782
			vertex -0.06427903473377228 0.031599998474121094 0.05096442624926567
		endloop
	endfacet
	facet normal 0.5264320005021993 0 -0.8502172362680331
		outer loop
			vertex -0.0657852366566658 0.03060000017285347 0.05003182590007782
			vertex -0.06427903473377228 0.031599998474121094 0.05096442624926567
			vertex -0.06427903473377228 0.03060000017285347 0.05096442624926567
		endloop
	endfacet
	facet normal 0.673695158818458 0 -0.7390093591995792
		outer loop
			vertex -0.06709443032741547 0.03060000017285347 0.04883833974599838
			vertex -0.06709443032741547 0.031599998474121094 0.04883833974599838
			vertex -0.0657852366566658 0.031599998474121094 0.05003182590007782
		endloop
	endfacet
	facet normal 0.673695158818458 0 -0.7390093591995792
		outer loop
			vertex -0.06709443032741547 0.03060000017285347 0.04883833974599838
			vertex -0.0657852366566658 0.031599998474121094 0.05003182590007782
			vertex -0.0657852366566658 0.03060000017285347 0.05003182590007782
		endloop
	endfacet
	facet normal 0.798017304504574 0 -0.6026345341176976
		outer loop
			vertex -0.06816203147172928 0.03060000017285347 0.04742460697889328
			vertex -0.06816203147172928 0.031599998474121094 0.04742460697889328
			vertex -0.06709443032741547 0.031599998474121094 0.04883833974599838
		endloop
	endfacet
	facet normal 0.798017304504574 0 -0.6026345341176976
		outer loop
			vertex -0.06816203147172928 0.03060000017285347 0.04742460697889328
			vertex -0.06709443032741547 0.031599998474121094 0.04883833974599838
			vertex -0.06709443032741547 0.03060000017285347 0.04883833974599838
		endloop
	endfacet
	facet normal 0.8951644907500048 0 -0.44573594705866454
		outer loop
			vertex -0.06895167380571365 0.03060000017285347 0.04583878070116043
			vertex -0.06895167380571365 0.031599998474121094 0.04583878070116043
			vertex -0.06816203147172928 0.031599998474121094 0.04742460697889328
		endloop
	endfacet
	facet normal 0.8951644907500048 0 -0.44573594705866454
		outer loop
			vertex -0.06895167380571365 0.03060000017285347 0.04583878070116043
			vertex -0.06816203147172928 0.031599998474121094 0.04742460697889328
			vertex -0.06816203147172928 0.03060000017285347 0.04742460697889328
		endloop
	endfacet
	facet normal 0.9618255398637097 0 -0.2736633531656803
		outer loop
			vertex -0.06943648308515549 0.03060000017285347 0.04413485527038574
			vertex -0.06895167380571365 0.031599998474121094 0.04583878070116043
			vertex -0.06895167380571365 0.03060000017285347 0.04583878070116043
		endloop
	endfacet
	facet normal 0.9618255398637097 0 -0.2736633531656803
		outer loop
			vertex -0.06943648308515549 0.03060000017285347 0.04413485527038574
			vertex -0.06943648308515549 0.031599998474121094 0.04413485527038574
			vertex -0.06895167380571365 0.031599998474121094 0.04583878070116043
		endloop
	endfacet
	facet normal 0.9957341757357037 0 -0.09226836549944396
		outer loop
			vertex -0.0695999413728714 0.03060000017285347 0.042370859533548355
			vertex -0.06943648308515549 0.031599998474121094 0.04413485527038574
			vertex -0.06943648308515549 0.03060000017285347 0.04413485527038574
		endloop
	endfacet
	facet normal 0.9957341757357037 0 -0.09226836549944396
		outer loop
			vertex -0.0695999413728714 0.03060000017285347 0.042370859533548355
			vertex -0.0695999413728714 0.031599998474121094 0.042370859533548355
			vertex -0.06943648308515549 0.031599998474121094 0.04413485527038574
		endloop
	endfacet
	facet normal 0.9927088854380697 0 0.12053658686185456
		outer loop
			vertex 0.002184690209105611 -0.009999999776482582 0.034043144434690475
			vertex 0.0022500711493194103 -0.009999999776482582 0.033504683524370193
			vertex 0.0022500711493194103 0 0.033504683524370193
		endloop
	endfacet
	facet normal 0.9927088854380697 0 0.12053658686185456
		outer loop
			vertex 0.002184690209105611 -0.009999999776482582 0.034043144434690475
			vertex 0.0022500711493194103 0 0.033504683524370193
			vertex 0.002184690209105611 0 0.034043144434690475
		endloop
	endfacet
	facet normal 0.935015749455238 0 0.3546061875808988
		outer loop
			vertex 0.0019923471845686436 -0.009999999776482582 0.03455030918121338
			vertex 0.002184690209105611 0 0.034043144434690475
			vertex 0.0019923471845686436 0 0.03455030918121338
		endloop
	endfacet
	facet normal 0.935015749455238 0 0.3546061875808988
		outer loop
			vertex 0.0019923471845686436 -0.009999999776482582 0.03455030918121338
			vertex 0.002184690209105611 -0.009999999776482582 0.034043144434690475
			vertex 0.002184690209105611 0 0.034043144434690475
		endloop
	endfacet
	facet normal 0.8229855376310924 0 0.5680623247937342
		outer loop
			vertex 0.0016842203913256526 -0.009999999776482582 0.03499671071767807
			vertex 0.0019923471845686436 0 0.03455030918121338
			vertex 0.0016842203913256526 0 0.03499671071767807
		endloop
	endfacet
	facet normal 0.8229855376310924 0 0.5680623247937342
		outer loop
			vertex 0.0016842203913256526 -0.009999999776482582 0.03499671071767807
			vertex 0.0019923471845686436 -0.009999999776482582 0.03455030918121338
			vertex 0.0019923471845686436 0 0.03455030918121338
		endloop
	endfacet
	facet normal 0.6631228536806666 0 0.7485105750264384
		outer loop
			vertex 0.001278216834180057 -0.009999999776482582 0.03535639867186546
			vertex 0.0016842203913256526 0 0.03499671071767807
			vertex 0.001278216834180057 0 0.03535639867186546
		endloop
	endfacet
	facet normal 0.6631228536806666 0 0.7485105750264384
		outer loop
			vertex 0.001278216834180057 -0.009999999776482582 0.03535639867186546
			vertex 0.0016842203913256526 -0.009999999776482582 0.03499671071767807
			vertex 0.0016842203913256526 0 0.03499671071767807
		endloop
	endfacet
	facet normal 0.4647216575886102 0 0.8854568204989414
		outer loop
			vertex 0.0007979322108440101 -0.009999999776482582 0.03560847043991089
			vertex 0.001278216834180057 0 0.03535639867186546
			vertex 0.0007979322108440101 0 0.03560847043991089
		endloop
	endfacet
	facet normal 0.4647216575886102 0 0.8854568204989414
		outer loop
			vertex 0.0007979322108440101 -0.009999999776482582 0.03560847043991089
			vertex 0.001278216834180057 -0.009999999776482582 0.03535639867186546
			vertex 0.001278216834180057 0 0.03535639867186546
		endloop
	endfacet
	facet normal 0.2393144730264531 0 0.9709421110447685
		outer loop
			vertex 0.000271278724540025 -0.009999999776482582 0.035738278180360794
			vertex 0.0007979322108440101 0 0.03560847043991089
			vertex 0.000271278724540025 0 0.035738278180360794
		endloop
	endfacet
	facet normal 0.2393144730264531 0 0.9709421110447685
		outer loop
			vertex 0.000271278724540025 -0.009999999776482582 0.035738278180360794
			vertex 0.0007979322108440101 -0.009999999776482582 0.03560847043991089
			vertex 0.0007979322108440101 0 0.03560847043991089
		endloop
	endfacet
	facet normal 0 0 1
		outer loop
			vertex -0.0002711363194976002 -0.009999999776482582 0.035738278180360794
			vertex 0.000271278724540025 0 0.035738278180360794
			vertex -0.0002711363194976002 0 0.035738278180360794
		endloop
	endfacet
	facet normal 0 0 1
		outer loop
			vertex -0.0002711363194976002 -0.009999999776482582 0.035738278180360794
			vertex 0.000271278724540025 -0.009999999776482582 0.035738278180360794
			vertex 0.000271278724540025 0 0.035738278180360794
		endloop
	endfacet
	facet normal -0.2393144854939953 0 0.9709421079718112
		outer loop
			vertex -0.0007977897766977549 -0.009999999776482582 0.03560847043991089
			vertex -0.0002711363194976002 0 0.035738278180360794
			vertex -0.0007977897766977549 0 0.03560847043991089
		endloop
	endfacet
	facet normal -0.2393144854939953 0 0.9709421079718112
		outer loop
			vertex -0.0007977897766977549 -0.009999999776482582 0.03560847043991089
			vertex -0.0002711363194976002 -0.009999999776482582 0.035738278180360794
			vertex -0.0002711363194976002 0 0.035738278180360794
		endloop
	endfacet
	facet normal -0.4647216134306385 0 0.8854568436747351
		outer loop
			vertex -0.0012780744582414627 -0.009999999776482582 0.03535639867186546
			vertex -0.0007977897766977549 0 0.03560847043991089
			vertex -0.0012780744582414627 0 0.03535639867186546
		endloop
	endfacet
	facet normal -0.4647216134306385 0 0.8854568436747351
		outer loop
			vertex -0.0012780744582414627 -0.009999999776482582 0.03535639867186546
			vertex -0.0007977897766977549 -0.009999999776482582 0.03560847043991089
			vertex -0.0007977897766977549 0 0.03560847043991089
		endloop
	endfacet
	facet normal -0.6631228536806666 0 0.7485105750264384
		outer loop
			vertex -0.0016840780153870583 -0.009999999776482582 0.03499671071767807
			vertex -0.0012780744582414627 0 0.03535639867186546
			vertex -0.0016840780153870583 0 0.03499671071767807
		endloop
	endfacet
	facet normal -0.6631228536806666 0 0.7485105750264384
		outer loop
			vertex -0.0016840780153870583 -0.009999999776482582 0.03499671071767807
			vertex -0.0012780744582414627 -0.009999999776482582 0.03535639867186546
			vertex -0.0012780744582414627 0 0.03535639867186546
		endloop
	endfacet
	facet normal -0.8229854372932267 0 0.5680624701591159
		outer loop
			vertex -0.001992204925045371 -0.009999999776482582 0.03455030918121338
			vertex -0.0016840780153870583 -0.009999999776482582 0.03499671071767807
			vertex -0.0016840780153870583 0 0.03499671071767807
		endloop
	endfacet
	facet normal -0.8229854372932267 0 0.5680624701591159
		outer loop
			vertex -0.001992204925045371 -0.009999999776482582 0.03455030918121338
			vertex -0.0016840780153870583 0 0.03499671071767807
			vertex -0.001992204925045371 0 0.03455030918121338
		endloop
	endfacet
	facet normal -0.935015749455238 0 0.3546061875808988
		outer loop
			vertex -0.0021845479495823383 -0.009999999776482582 0.034043144434690475
			vertex -0.001992204925045371 -0.009999999776482582 0.03455030918121338
			vertex -0.001992204925045371 0 0.03455030918121338
		endloop
	endfacet
	facet normal -0.935015749455238 0 0.3546061875808988
		outer loop
			vertex -0.0021845479495823383 -0.009999999776482582 0.034043144434690475
			vertex -0.001992204925045371 0 0.03455030918121338
			vertex -0.0021845479495823383 0 0.034043144434690475
		endloop
	endfacet
	facet normal -0.9927088854380697 0 0.12053658686185456
		outer loop
			vertex -0.002249928889796138 -0.009999999776482582 0.033504683524370193
			vertex -0.0021845479495823383 -0.009999999776482582 0.034043144434690475
			vertex -0.0021845479495823383 0 0.034043144434690475
		endloop
	endfacet
	facet normal -0.9927088854380697 0 0.12053658686185456
		outer loop
			vertex -0.002249928889796138 -0.009999999776482582 0.033504683524370193
			vertex -0.0021845479495823383 0 0.034043144434690475
			vertex -0.002249928889796138 0 0.033504683524370193
		endloop
	endfacet
	facet normal -0.9927088854380697 0 -0.12053658686185456
		outer loop
			vertex -0.0021845479495823383 -0.009999999776482582 0.03296622261404991
			vertex -0.002249928889796138 -0.009999999776482582 0.033504683524370193
			vertex -0.002249928889796138 0 0.033504683524370193
		endloop
	endfacet
	facet normal -0.9927088854380697 0 -0.12053658686185456
		outer loop
			vertex -0.0021845479495823383 -0.009999999776482582 0.03296622261404991
			vertex -0.002249928889796138 0 0.033504683524370193
			vertex -0.0021845479495823383 0 0.03296622261404991
		endloop
	endfacet
	facet normal -0.935015749455238 0 -0.3546061875808988
		outer loop
			vertex -0.001992204925045371 -0.009999999776482582 0.03245905786752701
			vertex -0.0021845479495823383 -0.009999999776482582 0.03296622261404991
			vertex -0.0021845479495823383 0 0.03296622261404991
		endloop
	endfacet
	facet normal -0.935015749455238 0 -0.3546061875808988
		outer loop
			vertex -0.001992204925045371 -0.009999999776482582 0.03245905786752701
			vertex -0.0021845479495823383 0 0.03296622261404991
			vertex -0.001992204925045371 0 0.03245905786752701
		endloop
	endfacet
	facet normal -0.8229854372932267 0 -0.5680624701591159
		outer loop
			vertex -0.0016840780153870583 -0.009999999776482582 0.03201265633106232
			vertex -0.001992204925045371 -0.009999999776482582 0.03245905786752701
			vertex -0.001992204925045371 0 0.03245905786752701
		endloop
	endfacet
	facet normal -0.8229854372932267 0 -0.5680624701591159
		outer loop
			vertex -0.0016840780153870583 -0.009999999776482582 0.03201265633106232
			vertex -0.001992204925045371 0 0.03245905786752701
			vertex -0.0016840780153870583 0 0.03201265633106232
		endloop
	endfacet
	facet normal -0.6631228536806666 0 -0.7485105750264384
		outer loop
			vertex -0.0012780744582414627 -0.009999999776482582 0.031652968376874924
			vertex -0.0016840780153870583 -0.009999999776482582 0.03201265633106232
			vertex -0.0016840780153870583 0 0.03201265633106232
		endloop
	endfacet
	facet normal -0.6631228536806666 0 -0.7485105750264384
		outer loop
			vertex -0.0012780744582414627 -0.009999999776482582 0.031652968376874924
			vertex -0.0016840780153870583 0 0.03201265633106232
			vertex -0.0012780744582414627 0 0.031652968376874924
		endloop
	endfacet
	facet normal -0.4647216134306385 0 -0.8854568436747351
		outer loop
			vertex -0.0007977897766977549 -0.009999999776482582 0.0314008966088295
			vertex -0.0012780744582414627 -0.009999999776482582 0.031652968376874924
			vertex -0.0012780744582414627 0 0.031652968376874924
		endloop
	endfacet
	facet normal -0.4647216134306385 0 -0.8854568436747351
		outer loop
			vertex -0.0007977897766977549 -0.009999999776482582 0.0314008966088295
			vertex -0.0012780744582414627 0 0.031652968376874924
			vertex -0.0007977897766977549 0 0.0314008966088295
		endloop
	endfacet
	facet normal -0.2393144854939953 0 -0.9709421079718112
		outer loop
			vertex -0.0002711363194976002 -0.009999999776482582 0.03127108886837959
			vertex -0.0007977897766977549 0 0.0314008966088295
			vertex -0.0002711363194976002 0 0.03127108886837959
		endloop
	endfacet
	facet normal -0.2393144854939953 0 -0.9709421079718112
		outer loop
			vertex -0.0002711363194976002 -0.009999999776482582 0.03127108886837959
			vertex -0.0007977897766977549 -0.009999999776482582 0.0314008966088295
			vertex -0.0007977897766977549 0 0.0314008966088295
		endloop
	endfacet
	facet normal 0 0 -1
		outer loop
			vertex 0.000271278724540025 -0.009999999776482582 0.03127108886837959
			vertex -0.0002711363194976002 0 0.03127108886837959
			vertex 0.000271278724540025 0 0.03127108886837959
		endloop
	endfacet
	facet normal 0 0 -1
		outer loop
			vertex 0.000271278724540025 -0.009999999776482582 0.03127108886837959
			vertex -0.0002711363194976002 -0.009999999776482582 0.03127108886837959
			vertex -0.0002711363194976002 0 0.03127108886837959
		endloop
	endfacet
	facet normal 0.2393144730264531 0 -0.9709421110447685
		outer loop
			vertex 0.0007979322108440101 -0.009999999776482582 0.0314008966088295
			vertex 0.000271278724540025 0 0.03127108886837959
			vertex 0.0007979322108440101 0 0.0314008966088295
		endloop
	endfacet
	facet normal 0.2393144730264531 0 -0.9709421110447685
		outer loop
			vertex 0.0007979322108440101 -0.009999999776482582 0.0314008966088295
			vertex 0.000271278724540025 -0.009999999776482582 0.03127108886837959
			vertex 0.000271278724540025 0 0.03127108886837959
		endloop
	endfacet
	facet normal 0.4647216575886102 0 -0.8854568204989414
		outer loop
			vertex 0.001278216834180057 -0.009999999776482582 0.031652968376874924
			vertex 0.0007979322108440101 0 0.0314008966088295
			vertex 0.001278216834180057 0 0.031652968376874924
		endloop
	endfacet
	facet normal 0.4647216575886102 0 -0.8854568204989414
		outer loop
			vertex 0.001278216834180057 -0.009999999776482582 0.031652968376874924
			vertex 0.0007979322108440101 -0.009999999776482582 0.0314008966088295
			vertex 0.0007979322108440101 0 0.0314008966088295
		endloop
	endfacet
	facet normal 0.6631228536806666 0 -0.7485105750264384
		outer loop
			vertex 0.0016842203913256526 -0.009999999776482582 0.03201265633106232
			vertex 0.001278216834180057 0 0.031652968376874924
			vertex 0.0016842203913256526 0 0.03201265633106232
		endloop
	endfacet
	facet normal 0.6631228536806666 0 -0.7485105750264384
		outer loop
			vertex 0.0016842203913256526 -0.009999999776482582 0.03201265633106232
			vertex 0.001278216834180057 -0.009999999776482582 0.031652968376874924
			vertex 0.001278216834180057 0 0.031652968376874924
		endloop
	endfacet
	facet normal 0.8229855376310924 0 -0.5680623247937342
		outer loop
			vertex 0.0019923471845686436 -0.009999999776482582 0.03245905786752701
			vertex 0.0016842203913256526 0 0.03201265633106232
			vertex 0.0019923471845686436 0 0.03245905786752701
		endloop
	endfacet
	facet normal 0.8229855376310924 0 -0.5680623247937342
		outer loop
			vertex 0.0019923471845686436 -0.009999999776482582 0.03245905786752701
			vertex 0.0016842203913256526 -0.009999999776482582 0.03201265633106232
			vertex 0.0016842203913256526 0 0.03201265633106232
		endloop
	endfacet
	facet normal 0.935015749455238 0 -0.3546061875808988
		outer loop
			vertex 0.002184690209105611 -0.009999999776482582 0.03296622261404991
			vertex 0.0019923471845686436 0 0.03245905786752701
			vertex 0.002184690209105611 0 0.03296622261404991
		endloop
	endfacet
	facet normal 0.935015749455238 0 -0.3546061875808988
		outer loop
			vertex 0.002184690209105611 -0.009999999776482582 0.03296622261404991
			vertex 0.0019923471845686436 -0.009999999776482582 0.03245905786752701
			vertex 0.0019923471845686436 0 0.03245905786752701
		endloop
	endfacet
	facet normal 0.9927088854380697 0 -0.12053658686185456
		outer loop
			vertex 0.0022500711493194103 -0.009999999776482582 0.033504683524370193
			vertex 0.002184690209105611 0 0.03296622261404991
			vertex 0.0022500711493194103 0 0.033504683524370193
		endloop
	endfacet
	facet normal 0.9927088854380697 0 -0.12053658686185456
		outer loop
			vertex 0.0022500711493194103 -0.009999999776482582 0.033504683524370193
			vertex 0.002184690209105611 -0.009999999776482582 0.03296622261404991
			vertex 0.002184690209105611 0 0.03296622261404991
		endloop
	endfacet
	facet normal 0 -1 0
		outer loop
			vertex -0.0016840780153870583 -0.009999999776482582 0.03201265633106232
			vertex 0.0022500711493194103 -0.009999999776482582 0.033504683524370193
			vertex 0.002184690209105611 -0.009999999776482582 0.034043144434690475
		endloop
	endfacet
	facet normal 0 -1 0
		outer loop
			vertex -0.0016840780153870583 -0.009999999776482582 0.03201265633106232
			vertex 0.002184690209105611 -0.009999999776482582 0.034043144434690475
			vertex 0.0019923471845686436 -0.009999999776482582 0.03455030918121338
		endloop
	endfacet
	facet normal 0 -1 0
		outer loop
			vertex -0.0016840780153870583 -0.009999999776482582 0.03201265633106232
			vertex 0.0019923471845686436 -0.009999999776482582 0.03455030918121338
			vertex 0.0016842203913256526 -0.009999999776482582 0.03499671071767807
		endloop
	endfacet
	facet normal 0 -1 0
		outer loop
			vertex -0.0016840780153870583 -0.009999999776482582 0.03201265633106232
			vertex 0.0016842203913256526 -0.009999999776482582 0.03499671071767807
			vertex 0.001278216834180057 -0.009999999776482582 0.03535639867186546
		endloop
	endfacet
	facet normal 0 -1 0
		outer loop
			vertex -0.0016840780153870583 -0.009999999776482582 0.03201265633106232
			vertex 0.001278216834180057 -0.009999999776482582 0.03535639867186546
			vertex 0.0007979322108440101 -0.009999999776482582 0.03560847043991089
		endloop
	endfacet
	facet normal 0 -1 0
		outer loop
			vertex -0.0016840780153870583 -0.009999999776482582 0.03201265633106232
			vertex 0.0007979322108440101 -0.009999999776482582 0.03560847043991089
			vertex 0.000271278724540025 -0.009999999776482582 0.035738278180360794
		endloop
	endfacet
	facet normal 0 -1 0
		outer loop
			vertex -0.0016840780153870583 -0.009999999776482582 0.03201265633106232
			vertex 0.000271278724540025 -0.009999999776482582 0.035738278180360794
			vertex -0.0002711363194976002 -0.009999999776482582 0.035738278180360794
		endloop
	endfacet
	facet normal 0 -1 0
		outer loop
			vertex -0.0016840780153870583 -0.009999999776482582 0.03201265633106232
			vertex -0.0002711363194976002 -0.009999999776482582 0.035738278180360794
			vertex -0.0007977897766977549 -0.009999999776482582 0.03560847043991089
		endloop
	endfacet
	facet normal 0 -1 0
		outer loop
			vertex -0.0016840780153870583 -0.009999999776482582 0.03201265633106232
			vertex -0.0007977897766977549 -0.009999999776482582 0.03560847043991089
			vertex -0.0012780744582414627 -0.009999999776482582 0.03535639867186546
		endloop
	endfacet
	facet normal 0 -1 0
		outer loop
			vertex -0.0016840780153870583 -0.009999999776482582 0.03201265633106232
			vertex -0.0012780744582414627 -0.009999999776482582 0.03535639867186546
			vertex -0.0016840780153870583 -0.009999999776482582 0.03499671071767807
		endloop
	endfacet
	facet normal 0 -1 0
		outer loop
			vertex -0.0016840780153870583 -0.009999999776482582 0.03201265633106232
			vertex -0.0016840780153870583 -0.009999999776482582 0.03499671071767807
			vertex -0.001992204925045371 -0.009999999776482582 0.03455030918121338
		endloop
	endfacet
	facet normal 0 -1 0
		outer loop
			vertex -0.0016840780153870583 -0.009999999776482582 0.03201265633106232
			vertex -0.001992204925045371 -0.009999999776482582 0.03455030918121338
			vertex -0.0021845479495823383 -0.009999999776482582 0.034043144434690475
		endloop
	endfacet
	facet normal 0 -1 0
		outer loop
			vertex -0.0016840780153870583 -0.009999999776482582 0.03201265633106232
			vertex -0.0021845479495823383 -0.009999999776482582 0.034043144434690475
			vertex -0.002249928889796138 -0.009999999776482582 0.033504683524370193
		endloop
	endfacet
	facet normal 0 -1 0
		outer loop
			vertex -0.0016840780153870583 -0.009999999776482582 0.03201265633106232
			vertex -0.002249928889796138 -0.009999999776482582 0.033504683524370193
			vertex -0.0021845479495823383 -0.009999999776482582 0.03296622261404991
		endloop
	endfacet
	facet normal 0 -1 0
		outer loop
			vertex -0.0016840780153870583 -0.009999999776482582 0.03201265633106232
			vertex -0.0021845479495823383 -0.009999999776482582 0.03296622261404991
			vertex -0.001992204925045371 -0.009999999776482582 0.03245905786752701
		endloop
	endfacet
	facet normal 0 -1 0
		outer loop
			vertex -0.0016840780153870583 -0.009999999776482582 0.03201265633106232
			vertex -0.0012780744582414627 -0.009999999776482582 0.031652968376874924
			vertex -0.0007977897766977549 -0.009999999776482582 0.0314008966088295
		endloop
	endfacet
	facet normal 0 -1 0
		outer loop
			vertex -0.0016840780153870583 -0.009999999776482582 0.03201265633106232
			vertex -0.0007977897766977549 -0.009999999776482582 0.0314008966088295
			vertex -0.0002711363194976002 -0.009999999776482582 0.03127108886837959
		endloop
	endfacet
	facet normal 0 -1 0
		outer loop
			vertex -0.0016840780153870583 -0.009999999776482582 0.03201265633106232
			vertex -0.0002711363194976002 -0.009999999776482582 0.03127108886837959
			vertex 0.000271278724540025 -0.009999999776482582 0.03127108886837959
		endloop
	endfacet
	facet normal 0 -1 0
		outer loop
			vertex -0.0016840780153870583 -0.009999999776482582 0.03201265633106232
			vertex 0.000271278724540025 -0.009999999776482582 0.03127108886837959
			vertex 0.0007979322108440101 -0.009999999776482582 0.0314008966088295
		endloop
	endfacet
	facet normal 0 -1 0
		outer loop
			vertex -0.0016840780153870583 -0.009999999776482582 0.03201265633106232
			vertex 0.0007979322108440101 -0.009999999776482582 0.0314008966088295
			vertex 0.001278216834180057 -0.009999999776482582 0.031652968376874924
		endloop
	endfacet
	facet normal 0 -1 0
		outer loop
			vertex -0.0016840780153870583 -0.009999999776482582 0.03201265633106232
			vertex 0.001278216834180057 -0.009999999776482582 0.031652968376874924
			vertex 0.0016842203913256526 -0.009999999776482582 0.03201265633106232
		endloop
	endfacet
	facet normal 0 -1 0
		outer loop
			vertex -0.0016840780153870583 -0.009999999776482582 0.03201265633106232
			vertex 0.0016842203913256526 -0.009999999776482582 0.03201265633106232
			vertex 0.0019923471845686436 -0.009999999776482582 0.03245905786752701
		endloop
	endfacet
	facet normal 0 -1 0
		outer loop
			vertex -0.0016840780153870583 -0.009999999776482582 0.03201265633106232
			vertex 0.0019923471845686436 -0.009999999776482582 0.03245905786752701
			vertex 0.002184690209105611 -0.009999999776482582 0.03296622261404991
		endloop
	endfacet
	facet normal 0 -1 0
		outer loop
			vertex -0.0016840780153870583 -0.009999999776482582 0.03201265633106232
			vertex 0.002184690209105611 -0.009999999776482582 0.03296622261404991
			vertex 0.0022500711493194103 -0.009999999776482582 0.033504683524370193
		endloop
	endfacet
	facet normal 0.0005170339353443002 -0.20966176132135753 -0.9777738381218511
		outer loop
			vertex 0.0008991192444227636 0.020478136837482452 0.028173750266432762
			vertex 7.120305411945083e-8 0.02026609517633915 0.028218742460012436
			vertex 7.120305411945083e-8 0.020422618836164474 0.028185179457068443
		endloop
	endfacet
	facet normal -0.009601705611241398 -0.05010827085409158 -0.9986976361448785
		outer loop
			vertex 0.0008991192444227636 0.020478136837482452 0.028173750266432762
			vertex 7.120305411945083e-8 0.020422618836164474 0.028185179457068443
			vertex 7.120305411945083e-8 0.020582474768161774 0.028177158907055855
		endloop
	endfacet
	facet normal -0.056112865568256814 -0.6008675684864054 -0.7973766434119786
		outer loop
			vertex 0.0005708624375984073 0.019803496077656746 0.028456224128603935
			vertex 7.120305411945083e-8 0.019854355603456497 0.028458066284656525
			vertex 7.120305411945083e-8 0.02004583179950714 0.028313778340816498
		endloop
	endfacet
	facet normal 0.06083168065738026 -0.39542880090452315 -0.9164799888942528
		outer loop
			vertex 0.0005708624375984073 0.019803496077656746 0.028456224128603935
			vertex 7.120305411945083e-8 0.02004583179950714 0.028313778340816498
			vertex 7.120305411945083e-8 0.02026609517633915 0.028218742460012436
		endloop
	endfacet
	facet normal 0.05019660610328311 -0.40641076851572216 -0.9123105764870711
		outer loop
			vertex 0.0005708624375984073 0.019803496077656746 0.028456224128603935
			vertex 7.120305411945083e-8 0.02026609517633915 0.028218742460012436
			vertex 0.0008991192444227636 0.020478136837482452 0.028173750266432762
		endloop
	endfacet
	facet normal -0.1329071077407894 -0.3491578814650776 -0.927590682641216
		outer loop
			vertex 0.0011254522250965238 0.019655760377645493 0.028450874611735344
			vertex 0.0008991192444227636 0.020478136837482452 0.028173750266432762
			vertex 0.001754868309944868 0.020178409293293953 0.028163958340883255
		endloop
	endfacet
	facet normal -0.10021905762501304 -0.3423881719587951 -0.9341983088142842
		outer loop
			vertex 0.0011254522250965238 0.019655760377645493 0.028450874611735344
			vertex 0.0005708624375984073 0.019803496077656746 0.028456224128603935
			vertex 0.0008991192444227636 0.020478136837482452 0.028173750266432762
		endloop
	endfacet
	facet normal -0.21048247578854448 -0.31121491387135436 -0.9267375058612717
		outer loop
			vertex 0.0017301453044638038 0.019371405243873596 0.028440579771995544
			vertex 0.001754868309944868 0.020178409293293953 0.028163958340883255
			vertex 0.0025258061941713095 0.01970323547720909 0.028148433193564415
		endloop
	endfacet
	facet normal -0.16420436491188486 -0.31534881005805376 -0.9346614652048377
		outer loop
			vertex 0.0017301453044638038 0.019371405243873596 0.028440579771995544
			vertex 0.0011254522250965238 0.019655760377645493 0.028450874611735344
			vertex 0.001754868309944868 0.020178409293293953 0.028163958340883255
		endloop
	endfacet
	facet normal -0.2791189277001442 -0.25503595630320786 -0.9257695637641313
		outer loop
			vertex 0.002267684554681182 0.018977057188749313 0.028426308184862137
			vertex 0.0025258061941713095 0.01970323547720909 0.028148433193564415
			vertex 0.0031704201828688383 0.019072551280260086 0.028127826750278473
		endloop
	endfacet
	facet normal -0.22756242949846386 -0.2764009765507832 -0.9337118617874199
		outer loop
			vertex 0.002267684554681182 0.018977057188749313 0.028426308184862137
			vertex 0.0017301453044638038 0.019371405243873596 0.028440579771995544
			vertex 0.0025258061941713095 0.01970323547720909 0.028148433193564415
		endloop
	endfacet
	facet normal -0.33478931469420226 -0.18125416295379693 -0.9246961896636674
		outer loop
			vertex 0.0027137852739542723 0.018484188243746758 0.028408480808138847
			vertex 0.0031704201828688383 0.019072551280260086 0.028127826750278473
			vertex 0.0036519740242511034 0.018310165032744408 0.028102917596697807
		endloop
	endfacet
	facet normal -0.28453754441111145 -0.22382063501002078 -0.9321709656303431
		outer loop
			vertex 0.0027137852739542723 0.018484188243746758 0.028408480808138847
			vertex 0.002267684554681182 0.018977057188749313 0.028426308184862137
			vertex 0.0031704201828688383 0.019072551280260086 0.028127826750278473
		endloop
	endfacet
	facet normal -0.36938145695560554 -0.10080162801299536 -0.9237945502368391
		outer loop
			vertex 0.003049381310120225 0.017908692359924316 0.02838767319917679
			vertex 0.0036519740242511034 0.018310165032744408 0.028102917596697807
			vertex 0.003954586107283831 0.0174567848443985 0.02807503566145897
		endloop
	endfacet
	facet normal -0.3324298511910896 -0.16025007428650567 -0.9294139592927576
		outer loop
			vertex 0.003049381310120225 0.017908692359924316 0.02838767319917679
			vertex 0.0027137852739542723 0.018484188243746758 0.028408480808138847
			vertex 0.0036519740242511034 0.018310165032744408 0.028102917596697807
		endloop
	endfacet
	facet normal -0.36585540885016454 -0.09214448298972003 -0.9260989223995654
		outer loop
			vertex 0.0032666202168911695 0.017275968566536903 0.02836480736732483
			vertex 0.003049381310120225 0.017908692359924316 0.02838767319917679
			vertex 0.003954586107283831 0.0174567848443985 0.02807503566145897
		endloop
	endfacet
	facet normal -0.38359600473094035 -0.02013043679974467 -0.9232815771305696
		outer loop
			vertex 0.003359102411195636 0.016612645238637924 0.028340846300125122
			vertex 0.0032666202168911695 0.017275968566536903 0.02836480736732483
			vertex 0.003954586107283831 0.0174567848443985 0.02807503566145897
		endloop
	endfacet
	facet normal -0.3855318789889354 -0.018521407256800872 -0.9225086057899345
		outer loop
			vertex 0.003359102411195636 0.016612645238637924 0.028340846300125122
			vertex 0.003954586107283831 0.0174567848443985 0.02807503566145897
			vertex 0.0040680645033717155 0.01655772514641285 0.028045661747455597
		endloop
	endfacet
	facet normal -0.380127414245639 0.05536668427533902 -0.923275516414943
		outer loop
			vertex 0.0033204287756234407 0.015945354476571083 0.02831675298511982
			vertex 0.003359102411195636 0.016612645238637924 0.028340846300125122
			vertex 0.0040680645033717155 0.01655772514641285 0.028045661747455597
		endloop
	endfacet
	facet normal -0.3882194019656339 0.06708479940477026 -0.9191220406596001
		outer loop
			vertex 0.0033204287756234407 0.015945354476571083 0.02831675298511982
			vertex 0.0040680645033717155 0.01655772514641285 0.028045661747455597
			vertex 0.003982217982411385 0.01565830409526825 0.02801627479493618
		endloop
	endfacet
	facet normal -0.3620025984310309 0.13144345084347278 -0.9228633365561456
		outer loop
			vertex 0.0031455846037715673 0.015300458297133446 0.028293484821915627
			vertex 0.0033204287756234407 0.015945354476571083 0.02831675298511982
			vertex 0.003982217982411385 0.01565830409526825 0.02801627479493618
		endloop
	endfacet
	facet normal -0.36991965188080095 0.15527267536664485 -0.9159966416078564
		outer loop
			vertex 0.0031455846037715673 0.015300458297133446 0.028293484821915627
			vertex 0.003982217982411385 0.01565830409526825 0.02801627479493618
			vertex 0.003692281898111105 0.014802641235291958 0.027988318353891373
		endloop
	endfacet
	facet normal -0.33180517883849375 0.20066208676680156 -0.9217592148876775
		outer loop
			vertex 0.002843425376340747 0.014701629988849163 0.028271891176700592
			vertex 0.0031455846037715673 0.015300458297133446 0.028293484821915627
			vertex 0.003692281898111105 0.014802641235291958 0.027988318353891373
		endloop
	endfacet
	facet normal -0.3329740722643248 0.23343356328121198 -0.9135847189689353
		outer loop
			vertex 0.002843425376340747 0.014701629988849163 0.028271891176700592
			vertex 0.003692281898111105 0.014802641235291958 0.027988318353891373
			vertex 0.0032193604856729507 0.014029156416654587 0.027963047847151756
		endloop
	endfacet
	facet normal -0.29149084132587005 0.2598478873928746 -0.9206042389868714
		outer loop
			vertex 0.0024307991843670607 0.014170996844768524 0.02825276553630829
			vertex 0.002843425376340747 0.014701629988849163 0.028271891176700592
			vertex 0.0032193604856729507 0.014029156416654587 0.027963047847151756
		endloop
	endfacet
	facet normal -0.2811915814377818 0.2991751979597555 -0.9118253645596073
		outer loop
			vertex 0.0024307991843670607 0.014170996844768524 0.02825276553630829
			vertex 0.0032193604856729507 0.014029156416654587 0.027963047847151756
			vertex 0.0025922604836523533 0.0133745688945055 0.027941660955548286
		endloop
	endfacet
	facet normal -0.241133258114469 0.31031146664579373 -0.9195442052991457
		outer loop
			vertex 0.0019246498122811317 0.0137306684628129 0.02823689952492714
			vertex 0.0024307991843670607 0.014170996844768524 0.02825276553630829
			vertex 0.0025922604836523533 0.0133745688945055 0.027941660955548286
		endloop
	endfacet
	facet normal -0.21440373111978786 0.3530852323148752 -0.9106930650900249
		outer loop
			vertex 0.0019246498122811317 0.0137306684628129 0.02823689952492714
			vertex 0.0025922604836523533 0.0133745688945055 0.027941660955548286
			vertex 0.001839789329096675 0.012875599786639214 0.027925359085202217
		endloop
	endfacet
	facet normal -0.17973860933738744 0.35245507310165086 -0.9184059308162007
		outer loop
			vertex 0.0013419367605820298 0.013402720913290977 0.028225084766745567
			vertex 0.0019246498122811317 0.0137306684628129 0.02823689952492714
			vertex 0.001839789329096675 0.012875599786639214 0.027925359085202217
		endloop
	endfacet
	facet normal -0.13314077454792922 0.3918755069317302 -0.910333521968612
		outer loop
			vertex 0.0013419367605820298 0.013402720913290977 0.028225084766745567
			vertex 0.001839789329096675 0.012875599786639214 0.027925359085202217
			vertex 0.0009929902153089643 0.012564267963171005 0.027915187180042267
		endloop
	endfacet
	facet normal -0.1099033272331204 0.3845049067926938 -0.9165572733416235
		outer loop
			vertex 0.000702740449924022 0.013202858157455921 0.02821788564324379
			vertex 0.0013419367605820298 0.013402720913290977 0.028225084766745567
			vertex 0.0009929902153089643 0.012564267963171005 0.027915187180042267
		endloop
	endfacet
	facet normal -0.04909304179094829 0.40950364044730136 -0.910986630916239
		outer loop
			vertex 0.000702740449924022 0.013202858157455921 0.02821788564324379
			vertex 0.0009929902153089643 0.012564267963171005 0.027915187180042267
			vertex 0.00009455005056224763 0.012448114342987537 0.027911391109228134
		endloop
	endfacet
	facet normal -0.03877698214652414 0.40263352417418896 -0.9145395512861547
		outer loop
			vertex 0.00003402606671443209 0.01313271839171648 0.028215359896421432
			vertex 0.000702740449924022 0.013202858157455921 0.02821788564324379
			vertex 0.00009455005056224763 0.012448114342987537 0.027911391109228134
		endloop
	endfacet
	facet normal 0.03290628276722837 0.4080132354424533 -0.9123828013823061
		outer loop
			vertex 0.00003402606671443209 0.01313271839171648 0.028215359896421432
			vertex 0.00009455005056224763 0.012448114342987537 0.027911391109228134
			vertex -0.0008090653573162854 0.012526734732091427 0.027913959696888924
		endloop
	endfacet
	facet normal 0.033185178155290915 0.4076916789464292 -0.9125164321088379
		outer loop
			vertex -0.000636321201454848 0.013192065060138702 0.0282174963504076
			vertex 0.00003402606671443209 0.01313271839171648 0.028215359896421432
			vertex -0.0008090653573162854 0.012526734732091427 0.027913959696888924
		endloop
	endfacet
	facet normal 0.10459839665717434 0.3901816306330127 -0.9147772791960411
		outer loop
			vertex -0.0012804162688553333 0.013380657881498337 0.028224289417266846
			vertex -0.000636321201454848 0.013192065060138702 0.0282174963504076
			vertex -0.0008090653573162854 0.012526734732091427 0.027913959696888924
		endloop
	endfacet
	facet normal 0.11562662553099505 0.3950283341472933 -0.9113633187094647
		outer loop
			vertex -0.0012804162688553333 0.013380657881498337 0.028224289417266846
			vertex -0.0008090653573162854 0.012526734732091427 0.027913959696888924
			vertex -0.0016713881632313132 0.012799720279872417 0.02792287990450859
		endloop
	endfacet
	facet normal 0.17434925666469164 0.35848874616658377 -0.917108584395752
		outer loop
			vertex -0.0018709746655076742 0.013697030954062939 0.02823568694293499
			vertex -0.0012804162688553333 0.013380657881498337 0.028224289417266846
			vertex -0.0016713881632313132 0.012799720279872417 0.02792287990450859
		endloop
	endfacet
	facet normal 0.19779673769526074 0.3616114725387322 -0.9111056983059002
		outer loop
			vertex -0.0018709746655076742 0.013697030954062939 0.02823568694293499
			vertex -0.0016713881632313132 0.012799720279872417 0.02792287990450859
			vertex -0.0024479003623127937 0.013262560591101646 0.027938000857830048
		endloop
	endfacet
	facet normal 0.23596344601317212 0.3162458536209612 -0.9188633261879258
		outer loop
			vertex -0.002386927604675293 0.014127015136182308 0.028251178562641144
			vertex -0.0018709746655076742 0.013697030954062939 0.02823568694293499
			vertex -0.0024479003623127937 0.013262560591101646 0.027938000857830048
		endloop
	endfacet
	facet normal 0.2677352842505503 0.31143534799581135 -0.9117707176620693
		outer loop
			vertex -0.002386927604675293 0.014127015136182308 0.028251178562641144
			vertex -0.0024479003623127937 0.013262560591101646 0.027938000857830048
			vertex -0.003105186391621828 0.013887383975088596 0.02795841544866562
		endloop
	endfacet
	facet normal 0.32308792651438123 0.248719077664307 -0.913100767794253
		outer loop
			vertex -0.0028108805418014526 0.014648932963609695 0.028269989416003227
			vertex -0.003105186391621828 0.013887383975088596 0.02795841544866562
			vertex -0.0036137551069259644 0.014638063497841358 0.027982942759990692
		endloop
	endfacet
	facet normal 0.2864749807151289 0.26587804143664173 -0.920456925937375
		outer loop
			vertex -0.0028108805418014526 0.014648932963609695 0.028269989416003227
			vertex -0.002386927604675293 0.014127015136182308 0.028251178562641144
			vertex -0.003105186391621828 0.013887383975088596 0.02795841544866562
		endloop
	endfacet
	facet normal 0.3642398685759832 0.17308153784017366 -0.9150803786545918
		outer loop
			vertex -0.0031254859641194344 0.015241008251905441 0.028291337192058563
			vertex -0.0036137551069259644 0.014638063497841358 0.027982942759990692
			vertex -0.003944119904190302 0.015478462912142277 0.028010400012135506
		endloop
	endfacet
	facet normal 0.32688176123251306 0.2069402410975789 -0.9221301701972484
		outer loop
			vertex -0.0031254859641194344 0.015241008251905441 0.028291337192058563
			vertex -0.0028108805418014526 0.014648932963609695 0.028269989416003227
			vertex -0.0036137551069259644 0.014638063497841358 0.027982942759990692
		endloop
	endfacet
	facet normal 0.388024066750882 0.08511584484223744 -0.9177105298398288
		outer loop
			vertex -0.0033134270925074816 0.015881460160017014 0.028314445167779922
			vertex -0.003944119904190302 0.015478462912142277 0.028010400012135506
			vertex -0.004071003291755915 0.0163714736700058 0.02803957648575306
		endloop
	endfacet
	facet normal 0.35709166195088216 0.13812025617668677 -0.9238010282516704
		outer loop
			vertex -0.0033134270925074816 0.015881460160017014 0.028314445167779922
			vertex -0.0031254859641194344 0.015241008251905441 0.028291337192058563
			vertex -0.003944119904190302 0.015478462912142277 0.028010400012135506
		endloop
	endfacet
	facet normal 0.39002369853041136 -0.002604694649617368 -0.9208011349637018
		outer loop
			vertex -0.0033641604240983725 0.016547126695513725 0.0283384770154953
			vertex -0.004071003291755915 0.0163714736700058 0.02803957648575306
			vertex -0.003995364066213369 0.01727394014596939 0.028069062158465385
		endloop
	endfacet
	facet normal 0.37561481635953753 0.062010652037664565 -0.924698971971449
		outer loop
			vertex -0.0033641604240983725 0.016547126695513725 0.0283384770154953
			vertex -0.0033134270925074816 0.015881460160017014 0.028314445167779922
			vertex -0.004071003291755915 0.0163714736700058 0.02803957648575306
		endloop
	endfacet
	facet normal 0.37291680720996184 -0.08477694793092216 -0.9239837249648101
		outer loop
			vertex -0.003282488090917468 0.017211727797985077 0.028362484648823738
			vertex -0.003995364066213369 0.01727394014596939 0.028069062158465385
			vertex -0.0037282509729266167 0.018140383064746857 0.028097370639443398
		endloop
	endfacet
	facet normal 0.3796015482855328 -0.013232828558873035 -0.9250554344403139
		outer loop
			vertex -0.003282488090917468 0.017211727797985077 0.028362484648823738
			vertex -0.0033641604240983725 0.016547126695513725 0.0283384770154953
			vertex -0.003995364066213369 0.01727394014596939 0.028069062158465385
		endloop
	endfacet
	facet normal 0.36949011952610544 -0.08676197331477055 -0.9251753409808928
		outer loop
			vertex -0.003075324697420001 0.017848551273345947 0.028385499492287636
			vertex -0.003282488090917468 0.017211727797985077 0.028362484648823738
			vertex -0.0037282509729266167 0.018140383064746857 0.028097370639443398
		endloop
	endfacet
	facet normal 0.34115898116860743 -0.16426786288344064 -0.925541257206671
		outer loop
			vertex -0.0027495846152305603 0.018430883064866066 0.028406552970409393
			vertex -0.0037282509729266167 0.018140383064746857 0.028097370639443398
			vertex -0.003280733013525605 0.018925316631793976 0.02812301553785801
		endloop
	endfacet
	facet normal 0.339438231746823 -0.15633799498811737 -0.927545210839712
		outer loop
			vertex -0.0027495846152305603 0.018430883064866066 0.028406552970409393
			vertex -0.003075324697420001 0.017848551273345947 0.028385499492287636
			vertex -0.0037282509729266167 0.018140383064746857 0.028097370639443398
		endloop
	endfacet
	facet normal 0.2887060889009015 -0.23818647383712999 -0.9273165575533412
		outer loop
			vertex -0.0022584444377571344 0.018982823938131332 0.028426518663764
			vertex -0.003280733013525605 0.018925316631793976 0.02812301553785801
			vertex -0.0026666594203561544 0.019585639238357544 0.02814459055662155
		endloop
	endfacet
	facet normal 0.28894236414955277 -0.22343879729512256 -0.9309067698018834
		outer loop
			vertex -0.0022584444377571344 0.018982823938131332 0.028426518663764
			vertex -0.0027495846152305603 0.018430883064866066 0.028406552970409393
			vertex -0.003280733013525605 0.018925316631793976 0.02812301553785801
		endloop
	endfacet
	facet normal 0.22057936366795536 -0.2937459271320557 -0.9300849824705101
		outer loop
			vertex -0.0015833923825994134 0.019452590495347977 0.02844351902604103
			vertex -0.0026666594203561544 0.019585639238357544 0.02814459055662155
			vertex -0.0019188635051250458 0.020094530656933784 0.028161216527223587
		endloop
	endfacet
	facet normal 0.22218571165623766 -0.2855423600422728 -0.9322548311257499
		outer loop
			vertex -0.0015833923825994134 0.019452590495347977 0.02844351902604103
			vertex -0.0022584444377571344 0.018982823938131332 0.028426518663764
			vertex -0.0026666594203561544 0.019585639238357544 0.02814459055662155
		endloop
	endfacet
	facet normal 0.14599917427970885 -0.33331740512260793 -0.9314417580031372
		outer loop
			vertex -0.0010781136807054281 0.02043198049068451 0.028172243386507034
			vertex -0.0015833923825994134 0.019452590495347977 0.02844351902604103
			vertex -0.0019188635051250458 0.020094530656933784 0.028161216527223587
		endloop
	endfacet
	facet normal 0.08079575557381749 -0.3543549396512966 -0.9316139879939448
		outer loop
			vertex -0.0008155640098266304 0.019750310108065605 0.02845429815351963
			vertex -0.0010781136807054281 0.02043198049068451 0.028172243386507034
			vertex -0.0005440243985503912 0.020544124767184258 0.02817590720951557
		endloop
	endfacet
	facet normal 0.14160206899995806 -0.33142380380261083 -0.9327953239204942
		outer loop
			vertex -0.0008155640098266304 0.019750310108065605 0.02845429815351963
			vertex -0.0015833923825994134 0.019452590495347977 0.02844351902604103
			vertex -0.0010781136807054281 0.02043198049068451 0.028172243386507034
		endloop
	endfacet
	facet normal 0.0058295121682051905 -0.050109729356991956 -0.9987267052660853
		outer loop
			vertex 7.120305411945083e-8 0.020422618836164474 0.028185179457068443
			vertex -0.0005440243985503912 0.020544124767184258 0.02817590720951557
			vertex 7.120305411945083e-8 0.020582474768161774 0.028177158907055855
		endloop
	endfacet
	facet normal -0.03014457660421158 -0.20956650833279852 -0.9773296184433131
		outer loop
			vertex 7.120305411945083e-8 0.02026609517633915 0.028218742460012436
			vertex -0.0005440243985503912 0.020544124767184258 0.02817590720951557
			vertex 7.120305411945083e-8 0.020422618836164474 0.028185179457068443
		endloop
	endfacet
	facet normal -0.12906214899049098 -0.392849176409104 -0.9105012280566377
		outer loop
			vertex 7.120305411945083e-8 0.02004583179950714 0.028313778340816498
			vertex -0.0005440243985503912 0.020544124767184258 0.02817590720951557
			vertex 7.120305411945083e-8 0.02026609517633915 0.028218742460012436
		endloop
	endfacet
	facet normal -0.04891058228955958 -0.3156031634763029 -0.947629884577226
		outer loop
			vertex 7.120305411945083e-8 0.02004583179950714 0.028313778340816498
			vertex -0.0008155640098266304 0.019750310108065605 0.02845429815351963
			vertex -0.0005440243985503912 0.020544124767184258 0.02817590720951557
		endloop
	endfacet
	facet normal 0.08020029653259994 -0.5998771819982892 -0.7960623587093378
		outer loop
			vertex 7.120305411945083e-8 0.019854355603456497 0.028458066284656525
			vertex -0.0008155640098266304 0.019750310108065605 0.02845429815351963
			vertex 7.120305411945083e-8 0.02004583179950714 0.028313778340816498
		endloop
	endfacet
	facet normal 0.09207690724117473 -0.6960215762712751 -0.7120925561454421
		outer loop
			vertex -0.000584493565838784 0.019091133028268814 0.029128476977348328
			vertex -0.0008155640098266304 0.019750310108065605 0.02845429815351963
			vertex 7.120305411945083e-8 0.019854355603456497 0.028458066284656525
		endloop
	endfacet
	facet normal 0.0836420809281031 -0.6930292990985633 -0.7160407759960119
		outer loop
			vertex -0.000584493565838784 0.019091133028268814 0.029128476977348328
			vertex 7.120305411945083e-8 0.019854355603456497 0.028458066284656525
			vertex 7.120305411945083e-8 0.01915942318737507 0.029130665585398674
		endloop
	endfacet
	facet normal 0.2636148366127897 -0.6542053172502853 -0.7088882992397785
		outer loop
			vertex -0.0011404637480154634 0.018895668908953667 0.029122192412614822
			vertex -0.0015833923825994134 0.019452590495347977 0.02844351902604103
			vertex -0.0008155640098266304 0.019750310108065605 0.02845429815351963
		endloop
	endfacet
	facet normal 0.23756824914898217 -0.6525960950816532 -0.7194995925505902
		outer loop
			vertex -0.0011404637480154634 0.018895668908953667 0.029122192412614822
			vertex -0.0008155640098266304 0.019750310108065605 0.02845429815351963
			vertex -0.000584493565838784 0.019091133028268814 0.029128476977348328
		endloop
	endfacet
	facet normal 0.41659547078654924 -0.5731073561560618 -0.7056884383635192
		outer loop
			vertex -0.0016412263503298163 0.018587129190564156 0.02911224029958248
			vertex -0.0022584444377571344 0.018982823938131332 0.028426518663764
			vertex -0.0015833923825994134 0.019452590495347977 0.02844351902604103
		endloop
	endfacet
	facet normal 0.3733704187188685 -0.5826999992820077 -0.7218415624376621
		outer loop
			vertex -0.0016412263503298163 0.018587129190564156 0.02911224029958248
			vertex -0.0015833923825994134 0.019452590495347977 0.02844351902604103
			vertex -0.0011404637480154634 0.018895668908953667 0.029122192412614822
		endloop
	endfacet
	facet normal 0.5420253851563769 -0.4568013299618463 -0.7053658815048895
		outer loop
			vertex -0.002060167957097292 0.01817961595952511 0.02909904532134533
			vertex -0.0027495846152305603 0.018430883064866066 0.028406552970409393
			vertex -0.0022584444377571344 0.018982823938131332 0.028426518663764
		endloop
	endfacet
	facet normal 0.4932325816218044 -0.483653059333015 -0.7230500249806407
		outer loop
			vertex -0.002060167957097292 0.01817961595952511 0.02909904532134533
			vertex -0.0022584444377571344 0.018982823938131332 0.028426518663764
			vertex -0.0016412263503298163 0.018587129190564156 0.02911224029958248
		endloop
	endfacet
	facet normal 0.6282929890284181 -0.32590971569206156 -0.7064211046927007
		outer loop
			vertex -0.002373836003243923 0.017688825726509094 0.029083095490932465
			vertex -0.003075324697420001 0.017848551273345947 0.028385499492287636
			vertex -0.0027495846152305603 0.018430883064866066 0.028406552970409393
		endloop
	endfacet
	facet normal 0.5942962503945916 -0.35638929377673 -0.7209706221811348
		outer loop
			vertex -0.002373836003243923 0.017688825726509094 0.029083095490932465
			vertex -0.0027495846152305603 0.018430883064866066 0.028406552970409393
			vertex -0.002060167957097292 0.01817961595952511 0.02909904532134533
		endloop
	endfacet
	facet normal 0.6799819507421446 -0.19566515798051703 -0.7066397191054059
		outer loop
			vertex -0.002572837984189391 0.01714003086090088 0.029065215960144997
			vertex -0.003282488090917468 0.017211727797985077 0.028362484648823738
			vertex -0.003075324697420001 0.017848551273345947 0.028385499492287636
		endloop
	endfacet
	facet normal 0.6630256795171604 -0.21708291885339917 -0.716430006799615
		outer loop
			vertex -0.002572837984189391 0.01714003086090088 0.029065215960144997
			vertex -0.003075324697420001 0.017848551273345947 0.028385499492287636
			vertex -0.002373836003243923 0.017688825726509094 0.029083095490932465
		endloop
	endfacet
	facet normal 0.7040841920795581 -0.0609672937782549 -0.7074944802279606
		outer loop
			vertex -0.0026515780482441187 0.01656201295554638 0.02904634177684784
			vertex -0.0033641604240983725 0.016547126695513725 0.0283384770154953
			vertex -0.003282488090917468 0.017211727797985077 0.028362484648823738
		endloop
	endfacet
	facet normal 0.6981420441590711 -0.07184346391627883 -0.7123455642242073
		outer loop
			vertex -0.0026515780482441187 0.01656201295554638 0.02904634177684784
			vertex -0.003282488090917468 0.017211727797985077 0.028362484648823738
			vertex -0.002572837984189391 0.01714003086090088 0.029065215960144997
		endloop
	endfacet
	facet normal 0.7011922623117146 0.07902199054441861 -0.708579520085486
		outer loop
			vertex -0.002604457549750805 0.01598356105387211 0.029027409851551056
			vertex -0.0033134270925074816 0.015881460160017014 0.028314445167779922
			vertex -0.0033641604240983725 0.016547126695513725 0.0283384770154953
		endloop
	endfacet
	facet normal 0.6749762827673126 0.2234440385878268 -0.7031925620491037
		outer loop
			vertex -0.002604457549750805 0.01598356105387211 0.029027409851551056
			vertex -0.0031254859641194344 0.015241008251905441 0.028291337192058563
			vertex -0.0033134270925074816 0.015881460160017014 0.028314445167779922
		endloop
	endfacet
	facet normal 0.7016319930414883 0.0803264739780297 -0.70799731914668
		outer loop
			vertex -0.002604457549750805 0.01598356105387211 0.029027409851551056
			vertex -0.0033641604240983725 0.016547126695513725 0.0283384770154953
			vertex -0.0026515780482441187 0.01656201295554638 0.02904634177684784
		endloop
	endfacet
	facet normal 0.6214274407371144 0.3553775193046598 -0.698236890082289
		outer loop
			vertex -0.0024285123217850924 0.015432959422469139 0.029009336605668068
			vertex -0.0028108805418014526 0.014648932963609695 0.028269989416003227
			vertex -0.0031254859641194344 0.015241008251905441 0.028291337192058563
		endloop
	endfacet
	facet normal 0.6650475560568968 0.2357761632321767 -0.7086052138068578
		outer loop
			vertex -0.0024285123217850924 0.015432959422469139 0.029009336605668068
			vertex -0.0031254859641194344 0.015241008251905441 0.028291337192058563
			vertex -0.002604457549750805 0.01598356105387211 0.029027409851551056
		endloop
	endfacet
	facet normal 0.5998713826542981 0.37429378811123837 -0.707148134731161
		outer loop
			vertex -0.0021364763379096985 0.014933868311345577 0.028992900624871254
			vertex -0.0028108805418014526 0.014648932963609695 0.028269989416003227
			vertex -0.0024285123217850924 0.015432959422469139 0.029009336605668068
		endloop
	endfacet
	facet normal 0.5461859679446602 0.46868866525652647 -0.6942707133967342
		outer loop
			vertex -0.0021364763379096985 0.014933868311345577 0.028992900624871254
			vertex -0.002386927604675293 0.014127015136182308 0.028251178562641144
			vertex -0.0028108805418014526 0.014648932963609695 0.028269989416003227
		endloop
	endfacet
	facet normal 0.5109569857084856 0.4904018321912072 -0.7059950437072525
		outer loop
			vertex -0.0017467598663643003 0.014507555402815342 0.028978826478123665
			vertex -0.002386927604675293 0.014127015136182308 0.028251178562641144
			vertex -0.0021364763379096985 0.014933868311345577 0.028992900624871254
		endloop
	endfacet
	facet normal 0.4501117518564112 0.5650178420838118 -0.6914869839467013
		outer loop
			vertex -0.0017467598663643003 0.014507555402815342 0.028978826478123665
			vertex -0.0018709746655076742 0.013697030954062939 0.02823568694293499
			vertex -0.002386927604675293 0.014127015136182308 0.028251178562641144
		endloop
	endfacet
	facet normal 0.3985716425416458 0.5858716088619019 -0.7056168249774245
		outer loop
			vertex -0.0012777753872796893 0.014175266958773136 0.028967836871743202
			vertex -0.0018709746655076742 0.013697030954062939 0.02823568694293499
			vertex -0.0017467598663643003 0.014507555402815342 0.028978826478123665
		endloop
	endfacet
	facet normal 0.33169149114227314 0.6439882651274265 -0.6893909406729848
		outer loop
			vertex -0.0012777753872796893 0.014175266958773136 0.028967836871743202
			vertex -0.0012804162688553333 0.013380657881498337 0.028224289417266846
			vertex -0.0018709746655076742 0.013697030954062939 0.02823568694293499
		endloop
	endfacet
	facet normal 0.2624967884316853 0.6588317025024719 -0.7050079601258027
		outer loop
			vertex -0.000748436083085835 0.013956625945866108 0.028960606083273888
			vertex -0.0012804162688553333 0.013380657881498337 0.028224289417266846
			vertex -0.0012777753872796893 0.014175266958773136 0.028967836871743202
		endloop
	endfacet
	facet normal 0.19711920337442657 0.6980117085428721 -0.6884211461003302
		outer loop
			vertex -0.000748436083085835 0.013956625945866108 0.028960606083273888
			vertex -0.000636321201454848 0.013192065060138702 0.0282174963504076
			vertex -0.0012804162688553333 0.013380657881498337 0.028224289417266846
		endloop
	endfacet
	facet normal 0.11804140771976179 0.7009496613449752 -0.7033745789576856
		outer loop
			vertex -0.00018288048158865422 0.01385814044624567 0.028957372531294823
			vertex -0.000636321201454848 0.013192065060138702 0.0282174963504076
			vertex -0.000748436083085835 0.013956625945866108 0.028960606083273888
		endloop
	endfacet
	facet normal 0.06178366572085921 0.7226577560091395 -0.6884392103373603
		outer loop
			vertex -0.00018288048158865422 0.01385814044624567 0.028957372531294823
			vertex 0.00003402606671443209 0.01313271839171648 0.028215359896421432
			vertex -0.000636321201454848 0.013192065060138702 0.0282174963504076
		endloop
	endfacet
	facet normal -0.026239554098436976 0.7109643357668664 -0.7027383574761618
		outer loop
			vertex 0.00039166316855698824 0.013880088925361633 0.028958125039935112
			vertex 0.00003402606671443209 0.01313271839171648 0.028215359896421432
			vertex -0.00018288048158865422 0.01385814044624567 0.028957372531294823
		endloop
	endfacet
	facet normal -0.07295437839568088 0.7203861319024858 -0.6897256553409292
		outer loop
			vertex 0.00039166316855698824 0.013880088925361633 0.028958125039935112
			vertex 0.000702740449924022 0.013202858157455921 0.02821788564324379
			vertex 0.00003402606671443209 0.01313271839171648 0.028215359896421432
		endloop
	endfacet
	facet normal -0.2083095515688533 0.6911385618003383 -0.6920510234930249
		outer loop
			vertex 0.0009479272994212806 0.014022715389728546 0.028962859883904457
			vertex 0.0013419367605820298 0.013402720913290977 0.028225084766745567
			vertex 0.000702740449924022 0.013202858157455921 0.02821788564324379
		endloop
	endfacet
	facet normal -0.17096019615625974 0.6901148940561226 -0.7032169255159605
		outer loop
			vertex 0.0009479272994212806 0.014022715389728546 0.028962859883904457
			vertex 0.000702740449924022 0.013202858157455921 0.02821788564324379
			vertex 0.00039166316855698824 0.013880088925361633 0.028958125039935112
		endloop
	endfacet
	facet normal -0.3420395765748173 0.6327797200780441 -0.6946932804587015
		outer loop
			vertex 0.0014586875913664699 0.01428531575948 0.028971536085009575
			vertex 0.0019246498122811317 0.0137306684628129 0.02823689952492714
			vertex 0.0013419367605820298 0.013402720913290977 0.028225084766745567
		endloop
	endfacet
	facet normal -0.31543670185141354 0.6367733236455375 -0.7035761660392699
		outer loop
			vertex 0.0014586875913664699 0.01428531575948 0.028971536085009575
			vertex 0.0013419367605820298 0.013402720913290977 0.028225084766745567
			vertex 0.0009479272994212806 0.014022715389728546 0.028962859883904457
		endloop
	endfacet
	facet normal -0.4579752926843537 0.5515547568986489 -0.6971699803011837
		outer loop
			vertex 0.0019009870011359453 0.014655009843409061 0.028983721509575844
			vertex 0.0024307991843670607 0.014170996844768524 0.02825276553630829
			vertex 0.0019246498122811317 0.0137306684628129 0.02823689952492714
		endloop
	endfacet
	facet normal -0.551237076869104 0.453881504866947 -0.7000923257860503
		outer loop
			vertex 0.0019009870011359453 0.014655009843409061 0.028983721509575844
			vertex 0.002843425376340747 0.014701629988849163 0.028271891176700592
			vertex 0.0024307991843670607 0.014170996844768524 0.02825276553630829
		endloop
	endfacet
	facet normal -0.44522920469180893 0.5558086290622046 -0.7020311411536471
		outer loop
			vertex 0.0019009870011359453 0.014655009843409061 0.028983721509575844
			vertex 0.0019246498122811317 0.0137306684628129 0.02823689952492714
			vertex 0.0014586875913664699 0.01428531575948 0.028971536085009575
		endloop
	endfacet
	facet normal -0.5513276572497514 0.4535532006661878 -0.7002337527690002
		outer loop
			vertex 0.002256663516163826 0.015110504813492298 0.028998712077736855
			vertex 0.002843425376340747 0.014701629988849163 0.028271891176700592
			vertex 0.0019009870011359453 0.014655009843409061 0.028983721509575844
		endloop
	endfacet
	facet normal -0.6278043802865082 0.3419936734167567 -0.6992152654483355
		outer loop
			vertex 0.002256663516163826 0.015110504813492298 0.028998712077736855
			vertex 0.0031455846037715673 0.015300458297133446 0.028293484821915627
			vertex 0.002843425376340747 0.014701629988849163 0.028271891176700592
		endloop
	endfacet
	facet normal -0.6831169266000988 0.21043884869469429 -0.699333079120734
		outer loop
			vertex 0.002507744589820504 0.015630338340997696 0.0290157999843359
			vertex 0.0033204287756234407 0.015945354476571083 0.02831675298511982
			vertex 0.0031455846037715673 0.015300458297133446 0.028293484821915627
		endloop
	endfacet
	facet normal -0.6292356134437314 0.3270983011834576 -0.7050313781222699
		outer loop
			vertex 0.002507744589820504 0.015630338340997696 0.0290157999843359
			vertex 0.0031455846037715673 0.015300458297133446 0.028293484821915627
			vertex 0.002256663516163826 0.015110504813492298 0.028998712077736855
		endloop
	endfacet
	facet normal -0.6823237235894105 0.1997284528295004 -0.7032374288655402
		outer loop
			vertex 0.002618584781885147 0.016058485954999924 0.029029855504631996
			vertex 0.0033204287756234407 0.015945354476571083 0.02831675298511982
			vertex 0.002507744589820504 0.015630338340997696 0.0290157999843359
		endloop
	endfacet
	facet normal -0.7110115907633966 0.06648294593169227 -0.7000303819837737
		outer loop
			vertex 0.0026561191771179438 0.01650244928896427 0.029044391587376595
			vertex 0.003359102411195636 0.016612645238637924 0.028340846300125122
			vertex 0.0033204287756234407 0.015945354476571083 0.02831675298511982
		endloop
	endfacet
	facet normal -0.7036928417252002 0.08259827931791164 -0.7056868347634331
		outer loop
			vertex 0.0026561191771179438 0.01650244928896427 0.029044391587376595
			vertex 0.0033204287756234407 0.015945354476571083 0.02831675298511982
			vertex 0.002618584781885147 0.016058485954999924 0.029029855504631996
		endloop
	endfacet
	facet normal -0.7058427419522334 -0.07295821245842368 -0.7046013928940421
		outer loop
			vertex 0.002587179886177182 0.017098337411880493 0.029063837602734566
			vertex 0.0032666202168911695 0.017275968566536903 0.02836480736732483
			vertex 0.003359102411195636 0.016612645238637924 0.028340846300125122
		endloop
	endfacet
	facet normal -0.6749827723963306 -0.20614557015217289 -0.708450605811583
		outer loop
			vertex 0.002587179886177182 0.017098337411880493 0.029063837602734566
			vertex 0.003049381310120225 0.017908692359924316 0.02838767319917679
			vertex 0.0032666202168911695 0.017275968566536903 0.02836480736732483
		endloop
	endfacet
	facet normal -0.7016417146435658 -0.05799879484375849 -0.7101655047020438
		outer loop
			vertex 0.002587179886177182 0.017098337411880493 0.029063837602734566
			vertex 0.003359102411195636 0.016612645238637924 0.028340846300125122
			vertex 0.0026561191771179438 0.01650244928896427 0.029044391587376595
		endloop
	endfacet
	facet normal -0.6200532004517599 -0.335944867572333 -0.7089958212580223
		outer loop
			vertex 0.002387302229180932 0.017664749175310135 0.0290822833776474
			vertex 0.0027137852739542723 0.018484188243746758 0.028408480808138847
			vertex 0.003049381310120225 0.017908692359924316 0.02838767319917679
		endloop
	endfacet
	facet normal -0.6688546275712266 -0.21283213999032008 -0.7122752047935522
		outer loop
			vertex 0.002387302229180932 0.017664749175310135 0.0290822833776474
			vertex 0.003049381310120225 0.017908692359924316 0.02838767319917679
			vertex 0.002587179886177182 0.017098337411880493 0.029063837602734566
		endloop
	endfacet
	facet normal -0.5348776262692063 -0.45845153837896435 -0.7097380586347195
		outer loop
			vertex 0.002075616968795657 0.01816067472100258 0.0290983933955431
			vertex 0.002267684554681182 0.018977057188749313 0.028426308184862137
			vertex 0.0027137852739542723 0.018484188243746758 0.028408480808138847
		endloop
	endfacet
	facet normal -0.5985926253557806 -0.3528491218808897 -0.7191553142802738
		outer loop
			vertex 0.002075616968795657 0.01816067472100258 0.0290983933955431
			vertex 0.0027137852739542723 0.018484188243746758 0.028408480808138847
			vertex 0.002387302229180932 0.017664749175310135 0.0290822833776474
		endloop
	endfacet
	facet normal -0.42867523653543904 -0.5586341245075058 -0.710046094642466
		outer loop
			vertex 0.0016698776744306087 0.018564904108643532 0.029111485928297043
			vertex 0.0017301453044638038 0.019371405243873596 0.028440579771995544
			vertex 0.002267684554681182 0.018977057188749313 0.028426308184862137
		endloop
	endfacet
	facet normal -0.49922858183934704 -0.4776792218303772 -0.722906206991059
		outer loop
			vertex 0.0016698776744306087 0.018564904108643532 0.029111485928297043
			vertex 0.002267684554681182 0.018977057188749313 0.028426308184862137
			vertex 0.002075616968795657 0.01816067472100258 0.0290983933955431
		endloop
	endfacet
	facet normal -0.3096154723506729 -0.6327126072680644 -0.7097978697383629
		outer loop
			vertex 0.0011844669934362173 0.01887456513941288 0.029121488332748413
			vertex 0.0011254522250965238 0.019655760377645493 0.028450874611735344
			vertex 0.0017301453044638038 0.019371405243873596 0.028440579771995544
		endloop
	endfacet
	facet normal -0.3812437707236345 -0.5742177838689136 -0.7245185463279035
		outer loop
			vertex 0.0011844669934362173 0.01887456513941288 0.029121488332748413
			vertex 0.0017301453044638038 0.019371405243873596 0.028440579771995544
			vertex 0.0016698776744306087 0.018564904108643532 0.029111485928297043
		endloop
	endfacet
	facet normal -0.1871776189455693 -0.6768740257669353 -0.7119031480531108
		outer loop
			vertex 0.0006441095029003918 0.019076695665717125 0.029128003865480423
			vertex 0.0005708624375984073 0.019803496077656746 0.028456224128603935
			vertex 0.0011254522250965238 0.019655760377645493 0.028450874611735344
		endloop
	endfacet
	facet normal -0.2487641406799173 -0.6416360703645225 -0.7255477623967673
		outer loop
			vertex 0.0006441095029003918 0.019076695665717125 0.029128003865480423
			vertex 0.0011254522250965238 0.019655760377645493 0.028450874611735344
			vertex 0.0011844669934362173 0.01887456513941288 0.029121488332748413
		endloop
	endfacet
	facet normal -0.06451971941081697 -0.6982760678487961 -0.71291495907771
		outer loop
			vertex 0.0003246770065743476 0.019138354808092117 0.029129987582564354
			vertex 7.120305411945083e-8 0.019854355603456497 0.028458066284656525
			vertex 0.0005708624375984073 0.019803496077656746 0.028456224128603935
		endloop
	endfacet
	facet normal -0.1357005403061107 -0.6798258454584865 -0.7207094998730652
		outer loop
			vertex 0.0003246770065743476 0.019138354808092117 0.029129987582564354
			vertex 0.0005708624375984073 0.019803496077656746 0.028456224128603935
			vertex 0.0006441095029003918 0.019076695665717125 0.029128003865480423
		endloop
	endfacet
	facet normal -0.04658910350909599 -0.6947111289397656 -0.7177784496357181
		outer loop
			vertex 7.120305411945083e-8 0.01915942318737507 0.029130665585398674
			vertex 7.120305411945083e-8 0.019854355603456497 0.028458066284656525
			vertex 0.0003246770065743476 0.019138354808092117 0.029129987582564354
		endloop
	endfacet
	facet normal 0 1 0
		outer loop
			vertex -0.05290545895695686 0.03060000017285347 0.035903383046388626
			vertex -0.06943648308515549 0.03060000017285347 0.04060686379671097
			vertex -0.0695999413728714 0.03060000017285347 0.042370859533548355
		endloop
	endfacet
	facet normal 0 1 0
		outer loop
			vertex -0.05290545895695686 0.03060000017285347 0.035903383046388626
			vertex -0.06895167380571365 0.03060000017285347 0.03890293836593628
			vertex -0.06943648308515549 0.03060000017285347 0.04060686379671097
		endloop
	endfacet
	facet normal 0 1 0
		outer loop
			vertex -0.05290545895695686 0.03060000017285347 0.035903383046388626
			vertex -0.06816203147172928 0.03060000017285347 0.03731711208820343
			vertex -0.06895167380571365 0.03060000017285347 0.03890293836593628
		endloop
	endfacet
	facet normal 0 1 0
		outer loop
			vertex -0.05290545895695686 0.03060000017285347 0.035903383046388626
			vertex -0.06709443032741547 0.03060000017285347 0.035903383046388626
			vertex -0.06816203147172928 0.03060000017285347 0.03731711208820343
		endloop
	endfacet
	facet normal 0 1 0
		outer loop
			vertex -0.05290545895695686 0.03060000017285347 0.035903383046388626
			vertex -0.0657852366566658 0.03060000017285347 0.03470989316701889
			vertex -0.06709443032741547 0.03060000017285347 0.035903383046388626
		endloop
	endfacet
	facet normal 0 1 0
		outer loop
			vertex -0.05290545895695686 0.03060000017285347 0.035903383046388626
			vertex -0.06427903473377228 0.03060000017285347 0.03377729281783104
			vertex -0.0657852366566658 0.03060000017285347 0.03470989316701889
		endloop
	endfacet
	facet normal 0 1 0
		outer loop
			vertex -0.05290545895695686 0.03060000017285347 0.035903383046388626
			vertex -0.06262710690498352 0.03060000017285347 0.033137332648038864
			vertex -0.06427903473377228 0.03060000017285347 0.03377729281783104
		endloop
	endfacet
	facet normal 0 1 0
		outer loop
			vertex -0.05290545895695686 0.03060000017285347 0.035903383046388626
			vertex -0.0608857199549675 0.03060000017285347 0.032811813056468964
			vertex -0.06262710690498352 0.03060000017285347 0.033137332648038864
		endloop
	endfacet
	facet normal 0 1 0
		outer loop
			vertex -0.05290545895695686 0.03060000017285347 0.035903383046388626
			vertex -0.05911416560411453 0.03060000017285347 0.032811813056468964
			vertex -0.0608857199549675 0.03060000017285347 0.032811813056468964
		endloop
	endfacet
	facet normal 0 1 0
		outer loop
			vertex -0.05290545895695686 0.03060000017285347 0.035903383046388626
			vertex -0.05737277865409851 0.03060000017285347 0.033137332648038864
			vertex -0.05911416560411453 0.03060000017285347 0.032811813056468964
		endloop
	endfacet
	facet normal 0 1 0
		outer loop
			vertex -0.05290545895695686 0.03060000017285347 0.035903383046388626
			vertex -0.05572085455060005 0.03060000017285347 0.03377729281783104
			vertex -0.05737277865409851 0.03060000017285347 0.033137332648038864
		endloop
	endfacet
	facet normal 0 1 0
		outer loop
			vertex -0.05290545895695686 0.03060000017285347 0.035903383046388626
			vertex -0.05421465262770653 0.03060000017285347 0.03470989316701889
			vertex -0.05572085455060005 0.03060000017285347 0.03377729281783104
		endloop
	endfacet
	facet normal 0 1 0
		outer loop
			vertex -0.05290545895695686 0.03060000017285347 0.035903383046388626
			vertex -0.05104821175336838 0.03060000017285347 0.03890293836593628
			vertex -0.05183785781264305 0.03060000017285347 0.03731711208820343
		endloop
	endfacet
	facet normal 0 1 0
		outer loop
			vertex -0.05290545895695686 0.03060000017285347 0.035903383046388626
			vertex -0.050563402473926544 0.03060000017285347 0.04060686379671097
			vertex -0.05104821175336838 0.03060000017285347 0.03890293836593628
		endloop
	endfacet
	facet normal 0 1 0
		outer loop
			vertex -0.05290545895695686 0.03060000017285347 0.035903383046388626
			vertex -0.05039994418621063 0.03060000017285347 0.042370859533548355
			vertex -0.050563402473926544 0.03060000017285347 0.04060686379671097
		endloop
	endfacet
	facet normal 0 1 0
		outer loop
			vertex -0.05290545895695686 0.03060000017285347 0.035903383046388626
			vertex -0.050563402473926544 0.03060000017285347 0.04413485527038574
			vertex -0.05039994418621063 0.03060000017285347 0.042370859533548355
		endloop
	endfacet
	facet normal 0 1 0
		outer loop
			vertex -0.05290545895695686 0.03060000017285347 0.035903383046388626
			vertex -0.05104821175336838 0.03060000017285347 0.04583878070116043
			vertex -0.050563402473926544 0.03060000017285347 0.04413485527038574
		endloop
	endfacet
	facet normal 0 1 0
		outer loop
			vertex -0.05290545895695686 0.03060000017285347 0.035903383046388626
			vertex -0.05183785781264305 0.03060000017285347 0.04742460697889328
			vertex -0.05104821175336838 0.03060000017285347 0.04583878070116043
		endloop
	endfacet
	facet normal 0 1 0
		outer loop
			vertex -0.05290545895695686 0.03060000017285347 0.035903383046388626
			vertex -0.05290545895695686 0.03060000017285347 0.04883833974599838
			vertex -0.05183785781264305 0.03060000017285347 0.04742460697889328
		endloop
	endfacet
	facet normal 0 1 0
		outer loop
			vertex -0.05290545895695686 0.03060000017285347 0.035903383046388626
			vertex -0.05421465262770653 0.03060000017285347 0.05003182590007782
			vertex -0.05290545895695686 0.03060000017285347 0.04883833974599838
		endloop
	endfacet
	facet normal 0 1 0
		outer loop
			vertex -0.05290545895695686 0.03060000017285347 0.035903383046388626
			vertex -0.05572085455060005 0.03060000017285347 0.05096442624926567
			vertex -0.05421465262770653 0.03060000017285347 0.05003182590007782
		endloop
	endfacet
	facet normal 0 1 0
		outer loop
			vertex -0.05290545895695686 0.03060000017285347 0.035903383046388626
			vertex -0.05737277865409851 0.03060000017285347 0.051604386419057846
			vertex -0.05572085455060005 0.03060000017285347 0.05096442624926567
		endloop
	endfacet
	facet normal 0 1 0
		outer loop
			vertex -0.05290545895695686 0.03060000017285347 0.035903383046388626
			vertex -0.05911416560411453 0.03060000017285347 0.05192990601062775
			vertex -0.05737277865409851 0.03060000017285347 0.051604386419057846
		endloop
	endfacet
	facet normal 0 1 0
		outer loop
			vertex -0.05290545895695686 0.03060000017285347 0.035903383046388626
			vertex -0.0608857199549675 0.03060000017285347 0.05192990601062775
			vertex -0.05911416560411453 0.03060000017285347 0.05192990601062775
		endloop
	endfacet
	facet normal 0 1 0
		outer loop
			vertex -0.05290545895695686 0.03060000017285347 0.035903383046388626
			vertex -0.06262710690498352 0.03060000017285347 0.051604386419057846
			vertex -0.0608857199549675 0.03060000017285347 0.05192990601062775
		endloop
	endfacet
	facet normal 0 1 0
		outer loop
			vertex -0.05290545895695686 0.03060000017285347 0.035903383046388626
			vertex -0.06427903473377228 0.03060000017285347 0.05096442624926567
			vertex -0.06262710690498352 0.03060000017285347 0.051604386419057846
		endloop
	endfacet
	facet normal 0 1 0
		outer loop
			vertex -0.05290545895695686 0.03060000017285347 0.035903383046388626
			vertex -0.0657852366566658 0.03060000017285347 0.05003182590007782
			vertex -0.06427903473377228 0.03060000017285347 0.05096442624926567
		endloop
	endfacet
	facet normal 0 1 0
		outer loop
			vertex -0.05290545895695686 0.03060000017285347 0.035903383046388626
			vertex -0.06709443032741547 0.03060000017285347 0.04883833974599838
			vertex -0.0657852366566658 0.03060000017285347 0.05003182590007782
		endloop
	endfacet
	facet normal 0 1 0
		outer loop
			vertex -0.05290545895695686 0.03060000017285347 0.035903383046388626
			vertex -0.06816203147172928 0.03060000017285347 0.04742460697889328
			vertex -0.06709443032741547 0.03060000017285347 0.04883833974599838
		endloop
	endfacet
	facet normal 0 1 0
		outer loop
			vertex -0.05290545895695686 0.03060000017285347 0.035903383046388626
			vertex -0.06895167380571365 0.03060000017285347 0.04583878070116043
			vertex -0.06816203147172928 0.03060000017285347 0.04742460697889328
		endloop
	endfacet
	facet normal 0 1 0
		outer loop
			vertex -0.05290545895695686 0.03060000017285347 0.035903383046388626
			vertex -0.06943648308515549 0.03060000017285347 0.04413485527038574
			vertex -0.06895167380571365 0.03060000017285347 0.04583878070116043
		endloop
	endfacet
	facet normal 0 1 0
		outer loop
			vertex -0.05290545895695686 0.03060000017285347 0.035903383046388626
			vertex -0.0695999413728714 0.03060000017285347 0.042370859533548355
			vertex -0.06943648308515549 0.03060000017285347 0.04413485527038574
		endloop
	endfacet
	facet normal 0 1 0
		outer loop
			vertex 0.06709454208612442 0.03060000017285347 0.035903383046388626
			vertex 0.0505635142326355 0.03060000017285347 0.04060686379671097
			vertex 0.050400055944919586 0.03060000017285347 0.042370859533548355
		endloop
	endfacet
	facet normal 0 1 0
		outer loop
			vertex 0.06709454208612442 0.03060000017285347 0.035903383046388626
			vertex 0.05104832351207733 0.03060000017285347 0.03890293836593628
			vertex 0.0505635142326355 0.03060000017285347 0.04060686379671097
		endloop
	endfacet
	facet normal 0 1 0
		outer loop
			vertex 0.06709454208612442 0.03060000017285347 0.035903383046388626
			vertex 0.0518379732966423 0.03060000017285347 0.03731711208820343
			vertex 0.05104832351207733 0.03060000017285347 0.03890293836593628
		endloop
	endfacet
	facet normal 0 1 0
		outer loop
			vertex 0.06709454208612442 0.03060000017285347 0.035903383046388626
			vertex 0.05290557071566582 0.03060000017285347 0.035903383046388626
			vertex 0.0518379732966423 0.03060000017285347 0.03731711208820343
		endloop
	endfacet
	facet normal 0 1 0
		outer loop
			vertex 0.06709454208612442 0.03060000017285347 0.035903383046388626
			vertex 0.05421476438641548 0.03060000017285347 0.03470989316701889
			vertex 0.05290557071566582 0.03060000017285347 0.035903383046388626
		endloop
	endfacet
	facet normal 0 1 0
		outer loop
			vertex 0.06709454208612442 0.03060000017285347 0.035903383046388626
			vertex 0.055720970034599304 0.03060000017285347 0.03377729281783104
			vertex 0.05421476438641548 0.03060000017285347 0.03470989316701889
		endloop
	endfacet
	facet normal 0 1 0
		outer loop
			vertex 0.06709454208612442 0.03060000017285347 0.035903383046388626
			vertex 0.057372890412807465 0.03060000017285347 0.033137332648038864
			vertex 0.055720970034599304 0.03060000017285347 0.03377729281783104
		endloop
	endfacet
	facet normal 0 1 0
		outer loop
			vertex 0.06709454208612442 0.03060000017285347 0.035903383046388626
			vertex 0.059114281088113785 0.03060000017285347 0.032811813056468964
			vertex 0.057372890412807465 0.03060000017285347 0.033137332648038864
		endloop
	endfacet
	facet normal 0 1 0
		outer loop
			vertex 0.06709454208612442 0.03060000017285347 0.035903383046388626
			vertex 0.06088583171367645 0.03060000017285347 0.032811813056468964
			vertex 0.059114281088113785 0.03060000017285347 0.032811813056468964
		endloop
	endfacet
	facet normal 0 1 0
		outer loop
			vertex 0.06709454208612442 0.03060000017285347 0.035903383046388626
			vertex 0.06262721866369247 0.03060000017285347 0.033137332648038864
			vertex 0.06088583171367645 0.03060000017285347 0.032811813056468964
		endloop
	endfacet
	facet normal 0 1 0
		outer loop
			vertex 0.06709454208612442 0.03060000017285347 0.035903383046388626
			vertex 0.06427914649248123 0.03060000017285347 0.03377729281783104
			vertex 0.06262721866369247 0.03060000017285347 0.033137332648038864
		endloop
	endfacet
	facet normal 0 1 0
		outer loop
			vertex 0.06709454208612442 0.03060000017285347 0.035903383046388626
			vertex 0.06578534841537476 0.03060000017285347 0.03470989316701889
			vertex 0.06427914649248123 0.03060000017285347 0.03377729281783104
		endloop
	endfacet
	facet normal 0 1 0
		outer loop
			vertex 0.06709454208612442 0.03060000017285347 0.035903383046388626
			vertex 0.0689517930150032 0.03060000017285347 0.03890293836593628
			vertex 0.06816214323043823 0.03060000017285347 0.03731711208820343
		endloop
	endfacet
	facet normal 0 1 0
		outer loop
			vertex 0.06709454208612442 0.03060000017285347 0.035903383046388626
			vertex 0.06943659484386444 0.03060000017285347 0.04060686379671097
			vertex 0.0689517930150032 0.03060000017285347 0.03890293836593628
		endloop
	endfacet
	facet normal 0 1 0
		outer loop
			vertex 0.06709454208612442 0.03060000017285347 0.035903383046388626
			vertex 0.06960005313158035 0.03060000017285347 0.042370859533548355
			vertex 0.06943659484386444 0.03060000017285347 0.04060686379671097
		endloop
	endfacet
	facet normal 0 1 0
		outer loop
			vertex 0.06709454208612442 0.03060000017285347 0.035903383046388626
			vertex 0.06943659484386444 0.03060000017285347 0.04413485527038574
			vertex 0.06960005313158035 0.03060000017285347 0.042370859533548355
		endloop
	endfacet
	facet normal 0 1 0
		outer loop
			vertex 0.06709454208612442 0.03060000017285347 0.035903383046388626
			vertex 0.0689517930150032 0.03060000017285347 0.04583878070116043
			vertex 0.06943659484386444 0.03060000017285347 0.04413485527038574
		endloop
	endfacet
	facet normal 0 1 0
		outer loop
			vertex 0.06709454208612442 0.03060000017285347 0.035903383046388626
			vertex 0.06816214323043823 0.03060000017285347 0.04742460697889328
			vertex 0.0689517930150032 0.03060000017285347 0.04583878070116043
		endloop
	endfacet
	facet normal 0 1 0
		outer loop
			vertex 0.06709454208612442 0.03060000017285347 0.035903383046388626
			vertex 0.06709454208612442 0.03060000017285347 0.04883833974599838
			vertex 0.06816214323043823 0.03060000017285347 0.04742460697889328
		endloop
	endfacet
	facet normal 0 1 0
		outer loop
			vertex 0.06709454208612442 0.03060000017285347 0.035903383046388626
			vertex 0.06578534841537476 0.03060000017285347 0.05003182590007782
			vertex 0.06709454208612442 0.03060000017285347 0.04883833974599838
		endloop
	endfacet
	facet normal 0 1 0
		outer loop
			vertex 0.06709454208612442 0.03060000017285347 0.035903383046388626
			vertex 0.06427914649248123 0.03060000017285347 0.05096442624926567
			vertex 0.06578534841537476 0.03060000017285347 0.05003182590007782
		endloop
	endfacet
	facet normal 0 1 0
		outer loop
			vertex 0.06709454208612442 0.03060000017285347 0.035903383046388626
			vertex 0.06262721866369247 0.03060000017285347 0.051604386419057846
			vertex 0.06427914649248123 0.03060000017285347 0.05096442624926567
		endloop
	endfacet
	facet normal 0 1 0
		outer loop
			vertex 0.06709454208612442 0.03060000017285347 0.035903383046388626
			vertex 0.06088583171367645 0.03060000017285347 0.05192990601062775
			vertex 0.06262721866369247 0.03060000017285347 0.051604386419057846
		endloop
	endfacet
	facet normal 0 1 0
		outer loop
			vertex 0.06709454208612442 0.03060000017285347 0.035903383046388626
			vertex 0.059114281088113785 0.03060000017285347 0.05192990601062775
			vertex 0.06088583171367645 0.03060000017285347 0.05192990601062775
		endloop
	endfacet
	facet normal 0 1 0
		outer loop
			vertex 0.06709454208612442 0.03060000017285347 0.035903383046388626
			vertex 0.057372890412807465 0.03060000017285347 0.051604386419057846
			vertex 0.059114281088113785 0.03060000017285347 0.05192990601062775
		endloop
	endfacet
	facet normal 0 1 0
		outer loop
			vertex 0.06709454208612442 0.03060000017285347 0.035903383046388626
			vertex 0.055720970034599304 0.03060000017285347 0.05096442624926567
			vertex 0.057372890412807465 0.03060000017285347 0.051604386419057846
		endloop
	endfacet
	facet normal 0 1 0
		outer loop
			vertex 0.06709454208612442 0.03060000017285347 0.035903383046388626
			vertex 0.05421476438641548 0.03060000017285347 0.05003182590007782
			vertex 0.055720970034599304 0.03060000017285347 0.05096442624926567
		endloop
	endfacet
	facet normal 0 1 0
		outer loop
			vertex 0.06709454208612442 0.03060000017285347 0.035903383046388626
			vertex 0.05290557071566582 0.03060000017285347 0.04883833974599838
			vertex 0.05421476438641548 0.03060000017285347 0.05003182590007782
		endloop
	endfacet
	facet normal 0 1 0
		outer loop
			vertex 0.06709454208612442 0.03060000017285347 0.035903383046388626
			vertex 0.0518379732966423 0.03060000017285347 0.04742460697889328
			vertex 0.05290557071566582 0.03060000017285347 0.04883833974599838
		endloop
	endfacet
	facet normal 0 1 0
		outer loop
			vertex 0.06709454208612442 0.03060000017285347 0.035903383046388626
			vertex 0.05104832351207733 0.03060000017285347 0.04583878070116043
			vertex 0.0518379732966423 0.03060000017285347 0.04742460697889328
		endloop
	endfacet
	facet normal 0 1 0
		outer loop
			vertex 0.06709454208612442 0.03060000017285347 0.035903383046388626
			vertex 0.0505635142326355 0.03060000017285347 0.04413485527038574
			vertex 0.05104832351207733 0.03060000017285347 0.04583878070116043
		endloop
	endfacet
	facet normal 0 1 0
		outer loop
			vertex 0.06709454208612442 0.03060000017285347 0.035903383046388626
			vertex 0.050400055944919586 0.03060000017285347 0.042370859533548355
			vertex 0.0505635142326355 0.03060000017285347 0.04413485527038574
		endloop
	endfacet
	facet normal 0.9927084326183606 0 0.12054031611207165
		outer loop
			vertex -0.03103296086192131 0.03060000017285347 0.04207434132695198
			vertex -0.031068965792655945 0.031599998474121094 0.042370859533548355
			vertex -0.031068965792655945 0.03060000017285347 0.042370859533548355
		endloop
	endfacet
	facet normal 0.9927084326183606 0 0.12054031611207165
		outer loop
			vertex -0.03103296086192131 0.03060000017285347 0.04207434132695198
			vertex -0.03103296086192131 0.031599998474121094 0.04207434132695198
			vertex -0.031068965792655945 0.031599998474121094 0.042370859533548355
		endloop
	endfacet
	facet normal 0.9350157078233209 0 0.35460629735476284
		outer loop
			vertex -0.030927041545510292 0.03060000017285347 0.04179505631327629
			vertex -0.030927041545510292 0.031599998474121094 0.04179505631327629
			vertex -0.03103296086192131 0.031599998474121094 0.04207434132695198
		endloop
	endfacet
	facet normal 0.9350157078233209 0 0.35460629735476284
		outer loop
			vertex -0.030927041545510292 0.03060000017285347 0.04179505631327629
			vertex -0.03103296086192131 0.031599998474121094 0.04207434132695198
			vertex -0.03103296086192131 0.03060000017285347 0.04207434132695198
		endloop
	endfacet
	facet normal 0.8229840841833067 0 0.5680644304838705
		outer loop
			vertex -0.030757363885641098 0.03060000017285347 0.041549235582351685
			vertex -0.030757363885641098 0.031599998474121094 0.041549235582351685
			vertex -0.030927041545510292 0.031599998474121094 0.04179505631327629
		endloop
	endfacet
	facet normal 0.8229840841833067 0 0.5680644304838705
		outer loop
			vertex -0.030757363885641098 0.03060000017285347 0.041549235582351685
			vertex -0.030927041545510292 0.031599998474121094 0.04179505631327629
			vertex -0.030927041545510292 0.03060000017285347 0.04179505631327629
		endloop
	endfacet
	facet normal 0.6631220054519582 0 0.748511326491038
		outer loop
			vertex -0.030533788725733757 0.03060000017285347 0.04135116562247276
			vertex -0.030533788725733757 0.031599998474121094 0.04135116562247276
			vertex -0.030757363885641098 0.031599998474121094 0.041549235582351685
		endloop
	endfacet
	facet normal 0.6631220054519582 0 0.748511326491038
		outer loop
			vertex -0.030533788725733757 0.03060000017285347 0.04135116562247276
			vertex -0.030757363885641098 0.031599998474121094 0.041549235582351685
			vertex -0.030757363885641098 0.03060000017285347 0.041549235582351685
		endloop
	endfacet
	facet normal 0.46472475944173686 0 0.8854551925206717
		outer loop
			vertex -0.030269306153059006 0.03060000017285347 0.041212353855371475
			vertex -0.030269306153059006 0.031599998474121094 0.041212353855371475
			vertex -0.030533788725733757 0.031599998474121094 0.04135116562247276
		endloop
	endfacet
	facet normal 0.46472475944173686 0 0.8854551925206717
		outer loop
			vertex -0.030269306153059006 0.03060000017285347 0.041212353855371475
			vertex -0.030533788725733757 0.031599998474121094 0.04135116562247276
			vertex -0.030533788725733757 0.03060000017285347 0.04135116562247276
		endloop
	endfacet
	facet normal 0.23931066876173498 0 0.9709430486989499
		outer loop
			vertex -0.029979290440678596 0.03060000017285347 0.04114087298512459
			vertex -0.029979290440678596 0.031599998474121094 0.04114087298512459
			vertex -0.030269306153059006 0.031599998474121094 0.041212353855371475
		endloop
	endfacet
	facet normal 0.23931066876173498 0 0.9709430486989499
		outer loop
			vertex -0.029979290440678596 0.03060000017285347 0.04114087298512459
			vertex -0.030269306153059006 0.031599998474121094 0.041212353855371475
			vertex -0.030269306153059006 0.03060000017285347 0.041212353855371475
		endloop
	endfacet
	facet normal 0 0 1
		outer loop
			vertex -0.02968059666454792 0.03060000017285347 0.04114087298512459
			vertex -0.02968059666454792 0.031599998474121094 0.04114087298512459
			vertex -0.029979290440678596 0.031599998474121094 0.04114087298512459
		endloop
	endfacet
	facet normal 0 0 1
		outer loop
			vertex -0.02968059666454792 0.03060000017285347 0.04114087298512459
			vertex -0.029979290440678596 0.031599998474121094 0.04114087298512459
			vertex -0.029979290440678596 0.03060000017285347 0.04114087298512459
		endloop
	endfacet
	facet normal -0.23931066876173498 0 0.9709430486989499
		outer loop
			vertex -0.02939058095216751 0.03060000017285347 0.041212353855371475
			vertex -0.02939058095216751 0.031599998474121094 0.041212353855371475
			vertex -0.02968059666454792 0.031599998474121094 0.04114087298512459
		endloop
	endfacet
	facet normal -0.23931066876173498 0 0.9709430486989499
		outer loop
			vertex -0.02939058095216751 0.03060000017285347 0.041212353855371475
			vertex -0.02968059666454792 0.031599998474121094 0.04114087298512459
			vertex -0.02968059666454792 0.03060000017285347 0.04114087298512459
		endloop
	endfacet
	facet normal -0.46472475944173686 0 0.8854551925206717
		outer loop
			vertex -0.02912609837949276 0.03060000017285347 0.04135116562247276
			vertex -0.02912609837949276 0.031599998474121094 0.04135116562247276
			vertex -0.02939058095216751 0.031599998474121094 0.041212353855371475
		endloop
	endfacet
	facet normal -0.46472475944173686 0 0.8854551925206717
		outer loop
			vertex -0.02912609837949276 0.03060000017285347 0.04135116562247276
			vertex -0.02939058095216751 0.031599998474121094 0.041212353855371475
			vertex -0.02939058095216751 0.03060000017285347 0.041212353855371475
		endloop
	endfacet
	facet normal -0.6631220054519582 0 0.748511326491038
		outer loop
			vertex -0.02890252321958542 0.03060000017285347 0.041549235582351685
			vertex -0.02890252321958542 0.031599998474121094 0.041549235582351685
			vertex -0.02912609837949276 0.031599998474121094 0.04135116562247276
		endloop
	endfacet
	facet normal -0.6631220054519582 0 0.748511326491038
		outer loop
			vertex -0.02890252321958542 0.03060000017285347 0.041549235582351685
			vertex -0.02912609837949276 0.031599998474121094 0.04135116562247276
			vertex -0.02912609837949276 0.03060000017285347 0.04135116562247276
		endloop
	endfacet
	facet normal -0.8229811688234759 0 0.5680686540920435
		outer loop
			vertex -0.028732843697071075 0.03060000017285347 0.04179505631327629
			vertex -0.028732843697071075 0.031599998474121094 0.04179505631327629
			vertex -0.02890252321958542 0.031599998474121094 0.041549235582351685
		endloop
	endfacet
	facet normal -0.8229811688234759 0 0.5680686540920435
		outer loop
			vertex -0.028732843697071075 0.03060000017285347 0.04179505631327629
			vertex -0.02890252321958542 0.031599998474121094 0.041549235582351685
			vertex -0.02890252321958542 0.03060000017285347 0.041549235582351685
		endloop
	endfacet
	facet normal -0.9350177754130825 0 0.35460084554548166
		outer loop
			vertex -0.028626926243305206 0.03060000017285347 0.04207434132695198
			vertex -0.028732843697071075 0.031599998474121094 0.04179505631327629
			vertex -0.028732843697071075 0.03060000017285347 0.04179505631327629
		endloop
	endfacet
	facet normal -0.9350177754130825 0 0.35460084554548166
		outer loop
			vertex -0.028626926243305206 0.03060000017285347 0.04207434132695198
			vertex -0.028626926243305206 0.031599998474121094 0.04207434132695198
			vertex -0.028732843697071075 0.031599998474121094 0.04179505631327629
		endloop
	endfacet
	facet normal -0.9927084326183606 0 0.12054031611207165
		outer loop
			vertex -0.028590921312570572 0.03060000017285347 0.042370859533548355
			vertex -0.028626926243305206 0.031599998474121094 0.04207434132695198
			vertex -0.028626926243305206 0.03060000017285347 0.04207434132695198
		endloop
	endfacet
	facet normal -0.9927084326183606 0 0.12054031611207165
		outer loop
			vertex -0.028590921312570572 0.03060000017285347 0.042370859533548355
			vertex -0.028590921312570572 0.031599998474121094 0.042370859533548355
			vertex -0.028626926243305206 0.031599998474121094 0.04207434132695198
		endloop
	endfacet
	facet normal -0.9927084326183606 0 -0.12054031611207165
		outer loop
			vertex -0.028626926243305206 0.03060000017285347 0.04266737774014473
			vertex -0.028590921312570572 0.031599998474121094 0.042370859533548355
			vertex -0.028590921312570572 0.03060000017285347 0.042370859533548355
		endloop
	endfacet
	facet normal -0.9927084326183606 0 -0.12054031611207165
		outer loop
			vertex -0.028626926243305206 0.03060000017285347 0.04266737774014473
			vertex -0.028626926243305206 0.031599998474121094 0.04266737774014473
			vertex -0.028590921312570572 0.031599998474121094 0.042370859533548355
		endloop
	endfacet
	facet normal -0.9350177754130825 0 -0.35460084554548166
		outer loop
			vertex -0.028732843697071075 0.03060000017285347 0.04294666275382042
			vertex -0.028626926243305206 0.031599998474121094 0.04266737774014473
			vertex -0.028626926243305206 0.03060000017285347 0.04266737774014473
		endloop
	endfacet
	facet normal -0.9350177754130825 0 -0.35460084554548166
		outer loop
			vertex -0.028732843697071075 0.03060000017285347 0.04294666275382042
			vertex -0.028732843697071075 0.031599998474121094 0.04294666275382042
			vertex -0.028626926243305206 0.031599998474121094 0.04266737774014473
		endloop
	endfacet
	facet normal -0.8229811688234759 0 -0.5680686540920435
		outer loop
			vertex -0.02890252321958542 0.03060000017285347 0.043192483484745026
			vertex -0.028732843697071075 0.031599998474121094 0.04294666275382042
			vertex -0.028732843697071075 0.03060000017285347 0.04294666275382042
		endloop
	endfacet
	facet normal -0.8229811688234759 0 -0.5680686540920435
		outer loop
			vertex -0.02890252321958542 0.03060000017285347 0.043192483484745026
			vertex -0.02890252321958542 0.031599998474121094 0.043192483484745026
			vertex -0.028732843697071075 0.031599998474121094 0.04294666275382042
		endloop
	endfacet
	facet normal -0.6631220054519582 0 -0.748511326491038
		outer loop
			vertex -0.02912609837949276 0.03060000017285347 0.04339055344462395
			vertex -0.02890252321958542 0.031599998474121094 0.043192483484745026
			vertex -0.02890252321958542 0.03060000017285347 0.043192483484745026
		endloop
	endfacet
	facet normal -0.6631220054519582 0 -0.748511326491038
		outer loop
			vertex -0.02912609837949276 0.03060000017285347 0.04339055344462395
			vertex -0.02912609837949276 0.031599998474121094 0.04339055344462395
			vertex -0.02890252321958542 0.031599998474121094 0.043192483484745026
		endloop
	endfacet
	facet normal -0.46472475944173686 0 -0.8854551925206717
		outer loop
			vertex -0.02939058095216751 0.03060000017285347 0.043529365211725235
			vertex -0.02912609837949276 0.031599998474121094 0.04339055344462395
			vertex -0.02912609837949276 0.03060000017285347 0.04339055344462395
		endloop
	endfacet
	facet normal -0.46472475944173686 0 -0.8854551925206717
		outer loop
			vertex -0.02939058095216751 0.03060000017285347 0.043529365211725235
			vertex -0.02939058095216751 0.031599998474121094 0.043529365211725235
			vertex -0.02912609837949276 0.031599998474121094 0.04339055344462395
		endloop
	endfacet
	facet normal -0.23931066876173498 0 -0.9709430486989499
		outer loop
			vertex -0.02968059666454792 0.03060000017285347 0.04360084608197212
			vertex -0.02939058095216751 0.031599998474121094 0.043529365211725235
			vertex -0.02939058095216751 0.03060000017285347 0.043529365211725235
		endloop
	endfacet
	facet normal -0.23931066876173498 0 -0.9709430486989499
		outer loop
			vertex -0.02968059666454792 0.03060000017285347 0.04360084608197212
			vertex -0.02968059666454792 0.031599998474121094 0.04360084608197212
			vertex -0.02939058095216751 0.031599998474121094 0.043529365211725235
		endloop
	endfacet
	facet normal 0 0 -1
		outer loop
			vertex -0.029979290440678596 0.03060000017285347 0.04360084608197212
			vertex -0.02968059666454792 0.031599998474121094 0.04360084608197212
			vertex -0.02968059666454792 0.03060000017285347 0.04360084608197212
		endloop
	endfacet
	facet normal 0 0 -1
		outer loop
			vertex -0.029979290440678596 0.03060000017285347 0.04360084608197212
			vertex -0.029979290440678596 0.031599998474121094 0.04360084608197212
			vertex -0.02968059666454792 0.031599998474121094 0.04360084608197212
		endloop
	endfacet
	facet normal 0.23931066876173498 0 -0.9709430486989499
		outer loop
			vertex -0.030269306153059006 0.03060000017285347 0.043529365211725235
			vertex -0.029979290440678596 0.031599998474121094 0.04360084608197212
			vertex -0.029979290440678596 0.03060000017285347 0.04360084608197212
		endloop
	endfacet
	facet normal 0.23931066876173498 0 -0.9709430486989499
		outer loop
			vertex -0.030269306153059006 0.03060000017285347 0.043529365211725235
			vertex -0.030269306153059006 0.031599998474121094 0.043529365211725235
			vertex -0.029979290440678596 0.031599998474121094 0.04360084608197212
		endloop
	endfacet
	facet normal 0.46472475944173686 0 -0.8854551925206717
		outer loop
			vertex -0.030533788725733757 0.03060000017285347 0.04339055344462395
			vertex -0.030269306153059006 0.031599998474121094 0.043529365211725235
			vertex -0.030269306153059006 0.03060000017285347 0.043529365211725235
		endloop
	endfacet
	facet normal 0.46472475944173686 0 -0.8854551925206717
		outer loop
			vertex -0.030533788725733757 0.03060000017285347 0.04339055344462395
			vertex -0.030533788725733757 0.031599998474121094 0.04339055344462395
			vertex -0.030269306153059006 0.031599998474121094 0.043529365211725235
		endloop
	endfacet
	facet normal 0.6631220054519582 0 -0.748511326491038
		outer loop
			vertex -0.030757363885641098 0.03060000017285347 0.043192483484745026
			vertex -0.030533788725733757 0.031599998474121094 0.04339055344462395
			vertex -0.030533788725733757 0.03060000017285347 0.04339055344462395
		endloop
	endfacet
	facet normal 0.6631220054519582 0 -0.748511326491038
		outer loop
			vertex -0.030757363885641098 0.03060000017285347 0.043192483484745026
			vertex -0.030757363885641098 0.031599998474121094 0.043192483484745026
			vertex -0.030533788725733757 0.031599998474121094 0.04339055344462395
		endloop
	endfacet
	facet normal 0.8229840841833067 0 -0.5680644304838705
		outer loop
			vertex -0.030927041545510292 0.03060000017285347 0.04294666275382042
			vertex -0.030927041545510292 0.031599998474121094 0.04294666275382042
			vertex -0.030757363885641098 0.031599998474121094 0.043192483484745026
		endloop
	endfacet
	facet normal 0.8229840841833067 0 -0.5680644304838705
		outer loop
			vertex -0.030927041545510292 0.03060000017285347 0.04294666275382042
			vertex -0.030757363885641098 0.031599998474121094 0.043192483484745026
			vertex -0.030757363885641098 0.03060000017285347 0.043192483484745026
		endloop
	endfacet
	facet normal 0.9350157078233209 0 -0.35460629735476284
		outer loop
			vertex -0.03103296086192131 0.03060000017285347 0.04266737774014473
			vertex -0.03103296086192131 0.031599998474121094 0.04266737774014473
			vertex -0.030927041545510292 0.031599998474121094 0.04294666275382042
		endloop
	endfacet
	facet normal 0.9350157078233209 0 -0.35460629735476284
		outer loop
			vertex -0.03103296086192131 0.03060000017285347 0.04266737774014473
			vertex -0.030927041545510292 0.031599998474121094 0.04294666275382042
			vertex -0.030927041545510292 0.03060000017285347 0.04294666275382042
		endloop
	endfacet
	facet normal 0.9927084326183606 0 -0.12054031611207165
		outer loop
			vertex -0.031068965792655945 0.03060000017285347 0.042370859533548355
			vertex -0.03103296086192131 0.031599998474121094 0.04266737774014473
			vertex -0.03103296086192131 0.03060000017285347 0.04266737774014473
		endloop
	endfacet
	facet normal 0.9927084326183606 0 -0.12054031611207165
		outer loop
			vertex -0.031068965792655945 0.03060000017285347 0.042370859533548355
			vertex -0.031068965792655945 0.031599998474121094 0.042370859533548355
			vertex -0.03103296086192131 0.031599998474121094 0.04266737774014473
		endloop
	endfacet
	facet normal 0 1 0
		outer loop
			vertex -0.02890252321958542 0.03060000017285347 0.041549235582351685
			vertex -0.03103296086192131 0.03060000017285347 0.04207434132695198
			vertex -0.031068965792655945 0.03060000017285347 0.042370859533548355
		endloop
	endfacet
	facet normal 0 1 0
		outer loop
			vertex -0.02890252321958542 0.03060000017285347 0.041549235582351685
			vertex -0.030927041545510292 0.03060000017285347 0.04179505631327629
			vertex -0.03103296086192131 0.03060000017285347 0.04207434132695198
		endloop
	endfacet
	facet normal 0 1 0
		outer loop
			vertex -0.02890252321958542 0.03060000017285347 0.041549235582351685
			vertex -0.030757363885641098 0.03060000017285347 0.041549235582351685
			vertex -0.030927041545510292 0.03060000017285347 0.04179505631327629
		endloop
	endfacet
	facet normal 0 1 0
		outer loop
			vertex -0.02890252321958542 0.03060000017285347 0.041549235582351685
			vertex -0.030533788725733757 0.03060000017285347 0.04135116562247276
			vertex -0.030757363885641098 0.03060000017285347 0.041549235582351685
		endloop
	endfacet
	facet normal 0 1 0
		outer loop
			vertex -0.02890252321958542 0.03060000017285347 0.041549235582351685
			vertex -0.030269306153059006 0.03060000017285347 0.041212353855371475
			vertex -0.030533788725733757 0.03060000017285347 0.04135116562247276
		endloop
	endfacet
	facet normal 0 1 0
		outer loop
			vertex -0.02890252321958542 0.03060000017285347 0.041549235582351685
			vertex -0.029979290440678596 0.03060000017285347 0.04114087298512459
			vertex -0.030269306153059006 0.03060000017285347 0.041212353855371475
		endloop
	endfacet
	facet normal 0 1 0
		outer loop
			vertex -0.02890252321958542 0.03060000017285347 0.041549235582351685
			vertex -0.02968059666454792 0.03060000017285347 0.04114087298512459
			vertex -0.029979290440678596 0.03060000017285347 0.04114087298512459
		endloop
	endfacet
	facet normal 0 1 0
		outer loop
			vertex -0.02890252321958542 0.03060000017285347 0.041549235582351685
			vertex -0.02939058095216751 0.03060000017285347 0.041212353855371475
			vertex -0.02968059666454792 0.03060000017285347 0.04114087298512459
		endloop
	endfacet
	facet normal 0 1 0
		outer loop
			vertex -0.02890252321958542 0.03060000017285347 0.041549235582351685
			vertex -0.02912609837949276 0.03060000017285347 0.04135116562247276
			vertex -0.02939058095216751 0.03060000017285347 0.041212353855371475
		endloop
	endfacet
	facet normal 0 1 0
		outer loop
			vertex -0.02890252321958542 0.03060000017285347 0.041549235582351685
			vertex -0.028626926243305206 0.03060000017285347 0.04207434132695198
			vertex -0.028732843697071075 0.03060000017285347 0.04179505631327629
		endloop
	endfacet
	facet normal 0 1 0
		outer loop
			vertex -0.02890252321958542 0.03060000017285347 0.041549235582351685
			vertex -0.028590921312570572 0.03060000017285347 0.042370859533548355
			vertex -0.028626926243305206 0.03060000017285347 0.04207434132695198
		endloop
	endfacet
	facet normal 0 1 0
		outer loop
			vertex -0.02890252321958542 0.03060000017285347 0.041549235582351685
			vertex -0.028626926243305206 0.03060000017285347 0.04266737774014473
			vertex -0.028590921312570572 0.03060000017285347 0.042370859533548355
		endloop
	endfacet
	facet normal 0 1 0
		outer loop
			vertex -0.02890252321958542 0.03060000017285347 0.041549235582351685
			vertex -0.028732843697071075 0.03060000017285347 0.04294666275382042
			vertex -0.028626926243305206 0.03060000017285347 0.04266737774014473
		endloop
	endfacet
	facet normal 0 1 0
		outer loop
			vertex -0.02890252321958542 0.03060000017285347 0.041549235582351685
			vertex -0.02890252321958542 0.03060000017285347 0.043192483484745026
			vertex -0.028732843697071075 0.03060000017285347 0.04294666275382042
		endloop
	endfacet
	facet normal 0 1 0
		outer loop
			vertex -0.02890252321958542 0.03060000017285347 0.041549235582351685
			vertex -0.02912609837949276 0.03060000017285347 0.04339055344462395
			vertex -0.02890252321958542 0.03060000017285347 0.043192483484745026
		endloop
	endfacet
	facet normal 0 1 0
		outer loop
			vertex -0.02890252321958542 0.03060000017285347 0.041549235582351685
			vertex -0.02939058095216751 0.03060000017285347 0.043529365211725235
			vertex -0.02912609837949276 0.03060000017285347 0.04339055344462395
		endloop
	endfacet
	facet normal 0 1 0
		outer loop
			vertex -0.02890252321958542 0.03060000017285347 0.041549235582351685
			vertex -0.02968059666454792 0.03060000017285347 0.04360084608197212
			vertex -0.02939058095216751 0.03060000017285347 0.043529365211725235
		endloop
	endfacet
	facet normal 0 1 0
		outer loop
			vertex -0.02890252321958542 0.03060000017285347 0.041549235582351685
			vertex -0.029979290440678596 0.03060000017285347 0.04360084608197212
			vertex -0.02968059666454792 0.03060000017285347 0.04360084608197212
		endloop
	endfacet
	facet normal 0 1 0
		outer loop
			vertex -0.02890252321958542 0.03060000017285347 0.041549235582351685
			vertex -0.030269306153059006 0.03060000017285347 0.043529365211725235
			vertex -0.029979290440678596 0.03060000017285347 0.04360084608197212
		endloop
	endfacet
	facet normal 0 1 0
		outer loop
			vertex -0.02890252321958542 0.03060000017285347 0.041549235582351685
			vertex -0.030533788725733757 0.03060000017285347 0.04339055344462395
			vertex -0.030269306153059006 0.03060000017285347 0.043529365211725235
		endloop
	endfacet
	facet normal 0 1 0
		outer loop
			vertex -0.02890252321958542 0.03060000017285347 0.041549235582351685
			vertex -0.030757363885641098 0.03060000017285347 0.043192483484745026
			vertex -0.030533788725733757 0.03060000017285347 0.04339055344462395
		endloop
	endfacet
	facet normal 0 1 0
		outer loop
			vertex -0.02890252321958542 0.03060000017285347 0.041549235582351685
			vertex -0.030927041545510292 0.03060000017285347 0.04294666275382042
			vertex -0.030757363885641098 0.03060000017285347 0.043192483484745026
		endloop
	endfacet
	facet normal 0 1 0
		outer loop
			vertex -0.02890252321958542 0.03060000017285347 0.041549235582351685
			vertex -0.03103296086192131 0.03060000017285347 0.04266737774014473
			vertex -0.030927041545510292 0.03060000017285347 0.04294666275382042
		endloop
	endfacet
	facet normal 0 1 0
		outer loop
			vertex -0.02890252321958542 0.03060000017285347 0.041549235582351685
			vertex -0.031068965792655945 0.03060000017285347 0.042370859533548355
			vertex -0.03103296086192131 0.03060000017285347 0.04266737774014473
		endloop
	endfacet
	facet normal 0 0.7317412350764432 -0.6815825444425654
		outer loop
			vertex -0.07549994438886642 0.031599998474121094 0.029538515955209732
			vertex 0.07550005614757538 0.031599998474121094 0.029538515955209732
			vertex 0.07550005614757538 0.030608000233769417 0.028473515063524246
		endloop
	endfacet
	facet normal 0 0.7317412350764432 -0.6815825444425654
		outer loop
			vertex -0.07549994438886642 0.031599998474121094 0.029538515955209732
			vertex 0.07550005614757538 0.030608000233769417 0.028473515063524246
			vertex -0.07549994438886642 0.030608000233769417 0.028473515063524246
		endloop
	endfacet
	facet normal -0.0489871872301767 0.7317150739391494 -0.6798480021721773
		outer loop
			vertex -0.0766957700252533 0.030608000233769417 0.028557002544403076
			vertex -0.07658124715089798 0.031599998474121094 0.029616430401802063
			vertex -0.07549994438886642 0.031599998474121094 0.029538515955209732
		endloop
	endfacet
	facet normal -0.04753142282970173 0.7309141795562334 -0.6808121811244439
		outer loop
			vertex -0.0766957700252533 0.030608000233769417 0.028557002544403076
			vertex -0.07549994438886642 0.031599998474121094 0.029538515955209732
			vertex -0.07549994438886642 0.030608000233769417 0.028473515063524246
		endloop
	endfacet
	facet normal -0.14513243146339055 0.7325080389162818 -0.6651079237691785
		outer loop
			vertex -0.07788150012493134 0.030608000233769417 0.028807632625102997
			vertex -0.07765514403581619 0.031599998474121094 0.029850764200091362
			vertex -0.07658124715089798 0.031599998474121094 0.029616430401802063
		endloop
	endfacet
	facet normal -0.14129308865879023 0.7302063468026715 -0.6684571446146386
		outer loop
			vertex -0.07788150012493134 0.030608000233769417 0.028807632625102997
			vertex -0.07658124715089798 0.031599998474121094 0.029616430401802063
			vertex -0.0766957700252533 0.030608000233769417 0.028557002544403076
		endloop
	endfacet
	facet normal -0.2504828442006341 0.7345142595522999 -0.6306719807280942
		outer loop
			vertex -0.07938617467880249 0.030608000233769417 0.029382940381765366
			vertex -0.07904879748821259 0.031599998474121094 0.03040427900850773
			vertex -0.07765514403581619 0.031599998474121094 0.029850764200091362
		endloop
	endfacet
	facet normal -0.24462058032735245 0.7285832157661478 -0.6397868937264721
		outer loop
			vertex -0.07938617467880249 0.030608000233769417 0.029382940381765366
			vertex -0.07765514403581619 0.031599998474121094 0.029850764200091362
			vertex -0.07788150012493134 0.030608000233769417 0.028807632625102997
		endloop
	endfacet
	facet normal -0.35928260418689256 0.7344934413614022 -0.5757042599510354
		outer loop
			vertex -0.08090551942586899 0.030608000233769417 0.030297404155135155
			vertex -0.08039586246013641 0.031599998474121094 0.031244948506355286
			vertex -0.07904879748821259 0.031599998474121094 0.03040427900850773
		endloop
	endfacet
	facet normal -0.3543111747322644 0.7265857162661419 -0.5886737537701681
		outer loop
			vertex -0.08090551942586899 0.030608000233769417 0.030297404155135155
			vertex -0.07904879748821259 0.031599998474121094 0.03040427900850773
			vertex -0.07938617467880249 0.030608000233769417 0.029382940381765366
		endloop
	endfacet
	facet normal -0.45154928651277715 0.7344581537934621 -0.5066304986635733
		outer loop
			vertex -0.08231524378061295 0.030608000233769417 0.03151756152510643
			vertex -0.08165783435106277 0.031599998474121094 0.032369717955589294
			vertex -0.08039586246013641 0.031599998474121094 0.031244948506355286
		endloop
	endfacet
	facet normal -0.4494346264395 0.7268958312780329 -0.5192600187072027
		outer loop
			vertex -0.08231524378061295 0.030608000233769417 0.03151756152510643
			vertex -0.08039586246013641 0.031599998474121094 0.031244948506355286
			vertex -0.08090551942586899 0.030608000233769417 0.030297404155135155
		endloop
	endfacet
	facet normal -0.5268355358674706 0.7341800277584961 -0.42828028788139355
		outer loop
			vertex -0.08357764780521393 0.030608000233769417 0.033030781894922256
			vertex -0.08279014378786087 0.031599998474121094 0.03376259282231331
			vertex -0.08165783435106277 0.031599998474121094 0.032369717955589294
		endloop
	endfacet
	facet normal -0.5271486420220756 0.7271267943692646 -0.43977373059854175
		outer loop
			vertex -0.08357764780521393 0.030608000233769417 0.033030781894922256
			vertex -0.08165783435106277 0.031599998474121094 0.032369717955589294
			vertex -0.08231524378061295 0.030608000233769417 0.03151756152510643
		endloop
	endfacet
	facet normal -0.5856600378617888 0.7337379055631711 -0.34442852087406933
		outer loop
			vertex -0.08465183526277542 0.030608000233769417 0.03481492027640343
			vertex -0.08375769108533859 0.031599998474121094 0.035407792776823044
			vertex -0.08279014378786087 0.031599998474121094 0.03376259282231331
		endloop
	endfacet
	facet normal -0.5877087911932263 0.7275930932324148 -0.35384554177590444
		outer loop
			vertex -0.08465183526277542 0.030608000233769417 0.03481492027640343
			vertex -0.08279014378786087 0.031599998474121094 0.03376259282231331
			vertex -0.08357764780521393 0.030608000233769417 0.033030781894922256
		endloop
	endfacet
	facet normal -0.6298069336570709 0.7323629027670796 -0.2588200242795276
		outer loop
			vertex -0.08550413697957993 0.030608000233769417 0.03685057535767555
			vertex -0.08451513946056366 0.031599998474121094 0.03725095093250275
			vertex -0.08375769108533859 0.031599998474121094 0.035407792776823044
		endloop
	endfacet
	facet normal -0.6322721295395144 0.7281161946734971 -0.26472393405537353
		outer loop
			vertex -0.08550413697957993 0.030608000233769417 0.03685057535767555
			vertex -0.08375769108533859 0.031599998474121094 0.035407792776823044
			vertex -0.08465183526277542 0.030608000233769417 0.03481492027640343
		endloop
	endfacet
	facet normal -0.6608253210748054 0.7304993616133499 -0.1722805203987637
		outer loop
			vertex -0.08608725666999817 0.030608000233769417 0.03907495737075806
			vertex -0.08503679931163788 0.031599998474121094 0.039251908659935
			vertex -0.08451513946056366 0.031599998474121094 0.03725095093250275
		endloop
	endfacet
	facet normal -0.6615635833754364 0.7295589462238904 -0.17342828239978206
		outer loop
			vertex -0.08608725666999817 0.030608000233769417 0.03907495737075806
			vertex -0.08451513946056366 0.031599998474121094 0.03725095093250275
			vertex -0.08550413697957993 0.030608000233769417 0.03685057535767555
		endloop
	endfacet
	facet normal -0.6764301747070006 0.7315338293019987 -0.08544281908159886
		outer loop
			vertex -0.08530012518167496 0.031599998474121094 0.04133659601211548
			vertex -0.08503679931163788 0.031599998474121094 0.039251908659935
			vertex -0.08608725666999817 0.030608000233769417 0.03907495737075806
		endloop
	endfacet
	facet normal -0.6809216798153718 0.7277274042142486 -0.08221004265297636
		outer loop
			vertex -0.08637285977602005 0.030608000233769417 0.04144052416086197
			vertex -0.08530012518167496 0.031599998474121094 0.04133659601211548
			vertex -0.08608725666999817 0.030608000233769417 0.03907495737075806
		endloop
	endfacet
	facet normal -0.678900485921454 0.7342299452723255 0.0007195005291588029
		outer loop
			vertex -0.08529789745807648 0.031599998474121094 0.043438613414764404
			vertex -0.08530012518167496 0.031599998474121094 0.04133659601211548
			vertex -0.08637285977602005 0.030608000233769417 0.04144052416086197
		endloop
	endfacet
	facet normal -0.6841646543671361 0.7293029225965011 0.0059977334801686365
		outer loop
			vertex -0.0863538458943367 0.030608000233769417 0.04360944777727127
			vertex -0.08529789745807648 0.031599998474121094 0.043438613414764404
			vertex -0.08637285977602005 0.030608000233769417 0.04144052416086197
		endloop
	endfacet
	facet normal -0.6724645949566559 0.7345780620726242 0.09047894369083186
		outer loop
			vertex -0.0860690027475357 0.030608000233769417 0.0457613542675972
			vertex -0.08499100804328918 0.031599998474121094 0.04571950063109398
			vertex -0.08529789745807648 0.031599998474121094 0.043438613414764404
		endloop
	endfacet
	facet normal -0.6742521784030665 0.73308837484232 0.0892492834131777
		outer loop
			vertex -0.0860690027475357 0.030608000233769417 0.0457613542675972
			vertex -0.08529789745807648 0.031599998474121094 0.043438613414764404
			vertex -0.0863538458943367 0.030608000233769417 0.04360944777727127
		endloop
	endfacet
	facet normal -0.6489454588570878 0.7384971205398497 0.1830076347672813
		outer loop
			vertex -0.08552542328834534 0.030608000233769417 0.04782750830054283
			vertex -0.08439045399427414 0.031599998474121094 0.04784906655550003
			vertex -0.08499100804328918 0.031599998474121094 0.04571950063109398
		endloop
	endfacet
	facet normal -0.6630870765538017 0.7279304472003953 0.1744499726166943
		outer loop
			vertex -0.08552542328834534 0.030608000233769417 0.04782750830054283
			vertex -0.08499100804328918 0.031599998474121094 0.04571950063109398
			vertex -0.0860690027475357 0.030608000233769417 0.0457613542675972
		endloop
	endfacet
	facet normal -0.6128989404186296 0.7411187676837572 0.2740398894698186
		outer loop
			vertex -0.08474241197109222 0.030608000233769417 0.049744680523872375
			vertex -0.08353036642074585 0.031599998474121094 0.049772679805755615
			vertex -0.08439045399427414 0.031599998474121094 0.04784906655550003
		endloop
	endfacet
	facet normal -0.6381482036545918 0.7244567646294922 0.26063243534715025
		outer loop
			vertex -0.08474241197109222 0.030608000233769417 0.049744680523872375
			vertex -0.08439045399427414 0.031599998474121094 0.04784906655550003
			vertex -0.08552542328834534 0.030608000233769417 0.04782750830054283
		endloop
	endfacet
	facet normal -0.5989560397961017 0.722044283961903 0.34627115731708513
		outer loop
			vertex -0.08374523371458054 0.030608000233769417 0.051469530910253525
			vertex -0.08353036642074585 0.031599998474121094 0.049772679805755615
			vertex -0.08474241197109222 0.030608000233769417 0.049744680523872375
		endloop
	endfacet
	facet normal -0.5628699867049999 0.7426297903745857 0.3628751472819713
		outer loop
			vertex -0.08374523371458054 0.030608000233769417 0.051469530910253525
			vertex -0.08246201276779175 0.031599998474121094 0.05142984539270401
			vertex -0.08353036642074585 0.031599998474121094 0.049772679805755615
		endloop
	endfacet
	facet normal -0.495746825438886 0.74373362457895 0.4484365961180289
		outer loop
			vertex -0.08257344365119934 0.030608000233769417 0.05295189097523689
			vertex -0.08121229708194733 0.031599998474121094 0.052811406552791595
			vertex -0.08246201276779175 0.031599998474121094 0.05142984539270401
		endloop
	endfacet
	facet normal -0.5438464300249103 0.7207030213097113 0.4299048913704219
		outer loop
			vertex -0.08257344365119934 0.030608000233769417 0.05295189097523689
			vertex -0.08246201276779175 0.031599998474121094 0.05142984539270401
			vertex -0.08374523371458054 0.030608000233769417 0.051469530910253525
		endloop
	endfacet
	facet normal -0.4114540442692851 0.7436583873536938 0.5269513946968474
		outer loop
			vertex -0.08126183599233627 0.030608000233769417 0.05417267978191376
			vertex -0.0798378437757492 0.031599998474121094 0.053884606808423996
			vertex -0.08121229708194733 0.031599998474121094 0.052811406552791595
		endloop
	endfacet
	facet normal -0.47257437330361773 0.7203352147414891 0.5077308736919843
		outer loop
			vertex -0.08126183599233627 0.030608000233769417 0.05417267978191376
			vertex -0.08121229708194733 0.031599998474121094 0.052811406552791595
			vertex -0.08257344365119934 0.030608000233769417 0.05295189097523689
		endloop
	endfacet
	facet normal -0.3075056865044603 0.742976382329575 0.5944967182986612
		outer loop
			vertex -0.07984467595815659 0.030608000233769417 0.05512082949280739
			vertex -0.07836921513080597 0.031599998474121094 0.05464426055550575
			vertex -0.0798378437757492 0.031599998474121094 0.053884606808423996
		endloop
	endfacet
	facet normal -0.38549693109935085 0.7206951504749722 0.5761862686621745
		outer loop
			vertex -0.07984467595815659 0.030608000233769417 0.05512082949280739
			vertex -0.0798378437757492 0.031599998474121094 0.053884606808423996
			vertex -0.08126183599233627 0.030608000233769417 0.05417267978191376
		endloop
	endfacet
	facet normal -0.19085263074345626 0.7392442085273746 0.6458275880581732
		outer loop
			vertex -0.0783814936876297 0.030608000233769417 0.055776119232177734
			vertex -0.07695890218019485 0.031599998474121094 0.05506103113293648
			vertex -0.07836921513080597 0.031599998474121094 0.05464426055550575
		endloop
	endfacet
	facet normal -0.28239479083890157 0.7229493941163536 0.6305532139747212
		outer loop
			vertex -0.0783814936876297 0.030608000233769417 0.055776119232177734
			vertex -0.07836921513080597 0.031599998474121094 0.05464426055550575
			vertex -0.07984467595815659 0.030608000233769417 0.05512082949280739
		endloop
	endfacet
	facet normal -0.0656821398754147 0.735640748681675 0.6741799057969997
		outer loop
			vertex -0.07696281373500824 0.030608000233769417 0.056143082678318024
			vertex -0.07549960911273956 0.031599998474121094 0.05520320311188698
			vertex -0.07695890218019485 0.031599998474121094 0.05506103113293648
		endloop
	endfacet
	facet normal -0.17210226132420722 0.7264256200376447 0.6653469998429526
		outer loop
			vertex -0.07696281373500824 0.030608000233769417 0.056143082678318024
			vertex -0.07695890218019485 0.031599998474121094 0.05506103113293648
			vertex -0.0783814936876297 0.030608000233769417 0.055776119232177734
		endloop
	endfacet
	facet normal -0.05819709269832967 0.7305101537693446 0.6804175289051206
		outer loop
			vertex -0.07549994438886642 0.030608000233769417 0.056268204003572464
			vertex -0.07549960911273956 0.031599998474121094 0.05520320311188698
			vertex -0.07696281373500824 0.030608000233769417 0.056143082678318024
		endloop
	endfacet
	facet normal 0 0.7317412350764432 0.6815825444425654
		outer loop
			vertex 0.07550005614757538 0.030608000233769417 0.056268204003572464
			vertex -0.07549960911273956 0.031599998474121094 0.05520320311188698
			vertex -0.07549994438886642 0.030608000233769417 0.056268204003572464
		endloop
	endfacet
	facet normal 0 0.7317412350764432 0.6815825444425654
		outer loop
			vertex 0.07550005614757538 0.031599998474121094 0.05520320311188698
			vertex -0.07549960911273956 0.031599998474121094 0.05520320311188698
			vertex 0.07550005614757538 0.030608000233769417 0.056268204003572464
		endloop
	endfacet
	facet normal 0.04114028432698002 0.7311217283999121 0.6810055031106728
		outer loop
			vertex 0.07550005614757538 0.030608000233769417 0.056268204003572464
			vertex 0.07640734314918518 0.031599998474121094 0.05514839291572571
			vertex 0.07550005614757538 0.031599998474121094 0.05520320311188698
		endloop
	endfacet
	facet normal 0.12227753434015948 0.7336906773395199 0.6683907499216067
		outer loop
			vertex 0.0766913890838623 0.030608000233769417 0.056185342371463776
			vertex 0.07731826603412628 0.031599998474121094 0.05498174577951431
			vertex 0.07640734314918518 0.031599998474121094 0.05514839291572571
		endloop
	endfacet
	facet normal 0.04755092022828764 0.7282522320249211 0.6836575140639966
		outer loop
			vertex 0.0766913890838623 0.030608000233769417 0.056185342371463776
			vertex 0.07640734314918518 0.031599998474121094 0.05514839291572571
			vertex 0.07550005614757538 0.030608000233769417 0.056268204003572464
		endloop
	endfacet
	facet normal 0.21972397275451705 0.7421275496642006 0.6332204006713474
		outer loop
			vertex 0.07826199382543564 0.030608000233769417 0.0558168888092041
			vertex 0.07871763408184052 0.031599998474121094 0.054496172815561295
			vertex 0.07731826603412628 0.031599998474121094 0.05498174577951431
		endloop
	endfacet
	facet normal 0.1585459246750327 0.7198008720841074 0.6758327413760726
		outer loop
			vertex 0.07826199382543564 0.030608000233769417 0.0558168888092041
			vertex 0.07731826603412628 0.031599998474121094 0.05498174577951431
			vertex 0.0766913890838623 0.030608000233769417 0.056185342371463776
		endloop
	endfacet
	facet normal 0.33032879275601146 0.7423813023609545 0.5828832563912
		outer loop
			vertex 0.07984163612127304 0.030608000233769417 0.055122628808021545
			vertex 0.08007920533418655 0.031599998474121094 0.05372454971075058
			vertex 0.07871763408184052 0.031599998474121094 0.054496172815561295
		endloop
	endfacet
	facet normal 0.27971065135142503 0.7188380820818764 0.6364226294447827
		outer loop
			vertex 0.07984163612127304 0.030608000233769417 0.055122628808021545
			vertex 0.07871763408184052 0.031599998474121094 0.054496172815561295
			vertex 0.07826199382543564 0.030608000233769417 0.0558168888092041
		endloop
	endfacet
	facet normal 0.42549845681474413 0.7424297518510717 0.5174448055731427
		outer loop
			vertex 0.08132939040660858 0.030608000233769417 0.05411983281373978
			vertex 0.08136608451604843 0.031599998474121094 0.05266634002327919
			vertex 0.08007920533418655 0.031599998474121094 0.05372454971075058
		endloop
	endfacet
	facet normal 0.3883990669701094 0.7190992464267679 0.576231237061306
		outer loop
			vertex 0.08132939040660858 0.030608000233769417 0.05411983281373978
			vertex 0.08007920533418655 0.031599998474121094 0.05372454971075058
			vertex 0.07984163612127304 0.030608000233769417 0.055122628808021545
		endloop
	endfacet
	facet normal 0.503547626702986 0.7424290428736233 0.44185846595889294
		outer loop
			vertex 0.08270029723644257 0.030608000233769417 0.05281265079975128
			vertex 0.08253143727779388 0.031599998474121094 0.05133828893303871
			vertex 0.08136608451604843 0.031599998474121094 0.05266634002327919
		endloop
	endfacet
	facet normal 0.47952701188780045 0.7191255603881794 0.5029038409739425
		outer loop
			vertex 0.08270029723644257 0.030608000233769417 0.05281265079975128
			vertex 0.08136608451604843 0.031599998474121094 0.05266634002327919
			vertex 0.08132939040660858 0.030608000233769417 0.05411983281373978
		endloop
	endfacet
	facet normal 0.5649718862830005 0.7425204981673261 0.3598195068519411
		outer loop
			vertex 0.08391159027814865 0.030608000233769417 0.051218315958976746
			vertex 0.08354196697473526 0.031599998474121094 0.04975160211324692
			vertex 0.08253143727779388 0.031599998474121094 0.05133828893303871
		endloop
	endfacet
	facet normal 0.5533685262890998 0.719047751719621 0.4204207474180935
		outer loop
			vertex 0.08391159027814865 0.030608000233769417 0.051218315958976746
			vertex 0.08253143727779388 0.031599998474121094 0.05133828893303871
			vertex 0.08270029723644257 0.030608000233769417 0.05281265079975128
		endloop
	endfacet
	facet normal 0.6107715517888419 0.7424332181513088 0.2752290466337835
		outer loop
			vertex 0.08492457121610641 0.030608000233769417 0.049359336495399475
			vertex 0.08435327559709549 0.031599998474121094 0.047951195389032364
			vertex 0.08354196697473526 0.031599998474121094 0.04975160211324692
		endloop
	endfacet
	facet normal 0.6102465610872666 0.7190426469741072 0.33253091061378703
		outer loop
			vertex 0.08492457121610641 0.030608000233769417 0.049359336495399475
			vertex 0.08354196697473526 0.031599998474121094 0.04975160211324692
			vertex 0.08391159027814865 0.030608000233769417 0.051218315958976746
		endloop
	endfacet
	facet normal 0.642552165142141 0.7424033421957115 0.18964174795594002
		outer loop
			vertex 0.08570196479558945 0.030608000233769417 0.0472649522125721
			vertex 0.08493441343307495 0.031599998474121094 0.04598215967416763
			vertex 0.08435327559709549 0.031599998474121094 0.047951195389032364
		endloop
	endfacet
	facet normal 0.651783488294024 0.7187827505277254 0.24192900183953053
		outer loop
			vertex 0.08570196479558945 0.030608000233769417 0.0472649522125721
			vertex 0.08435327559709549 0.031599998474121094 0.047951195389032364
			vertex 0.08492457121610641 0.030608000233769417 0.049359336495399475
		endloop
	endfacet
	facet normal 0.6621357208551395 0.7420758603711944 0.10440165047544263
		outer loop
			vertex 0.0862017273902893 0.030608000233769417 0.04499562457203865
			vertex 0.0852610170841217 0.031599998474121094 0.04391077533364296
			vertex 0.08493441343307495 0.031599998474121094 0.04598215967416763
		endloop
	endfacet
	facet normal 0.6790049524164923 0.7187432818603111 0.14953384023205768
		outer loop
			vertex 0.0862017273902893 0.030608000233769417 0.04499562457203865
			vertex 0.08493441343307495 0.031599998474121094 0.04598215967416763
			vertex 0.08570196479558945 0.030608000233769417 0.0472649522125721
		endloop
	endfacet
	facet normal 0.6707620575296276 0.7414099744906912 0.019736055946747055
		outer loop
			vertex 0.08639580011367798 0.030608000233769417 0.042608994990587234
			vertex 0.08532287925481796 0.031599998474121094 0.04180828854441643
			vertex 0.0852610170841217 0.031599998474121094 0.04391077533364296
		endloop
	endfacet
	facet normal 0.6929671334656448 0.718763699550012 0.056349766153795854
		outer loop
			vertex 0.08639580011367798 0.030608000233769417 0.042608994990587234
			vertex 0.0852610170841217 0.031599998474121094 0.04391077533364296
			vertex 0.0862017273902893 0.030608000233769417 0.04499562457203865
		endloop
	endfacet
	facet normal 0.664403340128535 0.74418102662102 -0.06901305125359215
		outer loop
			vertex 0.08629195392131805 0.030608000233769417 0.040440868586301804
			vertex 0.08508383482694626 0.031599998474121094 0.039506956934928894
			vertex 0.08532287925481796 0.031599998474121094 0.04180828854441643
		endloop
	endfacet
	facet normal 0.6917201995643528 0.7214052209318138 -0.033131144365579325
		outer loop
			vertex 0.08629195392131805 0.030608000233769417 0.040440868586301804
			vertex 0.08532287925481796 0.031599998474121094 0.04180828854441643
			vertex 0.08639580011367798 0.030608000233769417 0.042608994990587234
		endloop
	endfacet
	facet normal 0.648637163011888 0.743782382187751 -0.16142366216575546
		outer loop
			vertex 0.08592364937067032 0.030608000233769417 0.03831075131893158
			vertex 0.08454430848360062 0.031599998474121094 0.037339016795158386
			vertex 0.08508383482694626 0.031599998474121094 0.039506956934928894
		endloop
	endfacet
	facet normal 0.6830913123051382 0.7207194776600839 -0.11810882090098057
		outer loop
			vertex 0.08592364937067032 0.030608000233769417 0.03831075131893158
			vertex 0.08508383482694626 0.031599998474121094 0.039506956934928894
			vertex 0.08629195392131805 0.030608000233769417 0.040440868586301804
		endloop
	endfacet
	facet normal 0.6620782318173873 0.7212855991865224 -0.20346866923362275
		outer loop
			vertex 0.08530130237340927 0.030608000233769417 0.03628566116094589
			vertex 0.08454430848360062 0.031599998474121094 0.037339016795158386
			vertex 0.08592364937067032 0.030608000233769417 0.03831075131893158
		endloop
	endfacet
	facet normal 0.6199278856058668 0.7424999221150677 -0.2537386102022278
		outer loop
			vertex 0.08373552560806274 0.031599998474121094 0.03536301851272583
			vertex 0.08454430848360062 0.031599998474121094 0.037339016795158386
			vertex 0.08530130237340927 0.030608000233769417 0.03628566116094589
		endloop
	endfacet
	facet normal 0.6278772142978836 0.7229817890007669 -0.2882143933581045
		outer loop
			vertex 0.08444817364215851 0.030608000233769417 0.03442711383104324
			vertex 0.08373552560806274 0.031599998474121094 0.03536301851272583
			vertex 0.08530130237340927 0.030608000233769417 0.03628566116094589
		endloop
	endfacet
	facet normal 0.576875927237447 0.740238981050517 -0.3453410133581418
		outer loop
			vertex 0.08270343393087387 0.031599998474121094 0.033638957887887955
			vertex 0.08373552560806274 0.031599998474121094 0.03536301851272583
			vertex 0.08444817364215851 0.030608000233769417 0.03442711383104324
		endloop
	endfacet
	facet normal 0.5799330363296431 0.7253821022048453 -0.37080787366823853
		outer loop
			vertex 0.08339455723762512 0.030608000233769417 0.03277928754687309
			vertex 0.08270343393087387 0.031599998474121094 0.033638957887887955
			vertex 0.08444817364215851 0.030608000233769417 0.03442711383104324
		endloop
	endfacet
	facet normal 0.5166812557020053 0.7372381001389777 -0.4353394809911799
		outer loop
			vertex 0.08148801326751709 0.031599998474121094 0.03219643980264664
			vertex 0.08270343393087387 0.031599998474121094 0.033638957887887955
			vertex 0.08339455723762512 0.030608000233769417 0.03277928754687309
		endloop
	endfacet
	facet normal 0.5165964375369387 0.7288395629727882 -0.449356219685206
		outer loop
			vertex 0.08217816054821014 0.030608000233769417 0.031380873173475266
			vertex 0.08148801326751709 0.031599998474121094 0.03219643980264664
			vertex 0.08339455723762512 0.030608000233769417 0.03277928754687309
		endloop
	endfacet
	facet normal 0.43818558719341544 0.7331097803973533 -0.5201379058112436
		outer loop
			vertex 0.08082763850688934 0.030608000233769417 0.030241938307881355
			vertex 0.08013442903757095 0.031599998474121094 0.031056124716997147
			vertex 0.08148801326751709 0.031599998474121094 0.03219643980264664
		endloop
	endfacet
	facet normal 0.4386575921509015 0.7328190080332226 -0.5201498037234821
		outer loop
			vertex 0.08082763850688934 0.030608000233769417 0.030241938307881355
			vertex 0.08148801326751709 0.031599998474121094 0.03219643980264664
			vertex 0.08217816054821014 0.030608000233769417 0.031380873173475266
		endloop
	endfacet
	facet normal 0.3402785025004363 0.7342580239397781 -0.5874314385663343
		outer loop
			vertex 0.07938811182975769 0.030608000233769417 0.029383864253759384
			vertex 0.07880286127328873 0.031599998474121094 0.03028479404747486
			vertex 0.08013442903757095 0.031599998474121094 0.031056124716997147
		endloop
	endfacet
	facet normal 0.3508656640711534 0.7282983593732929 -0.5886210882308573
		outer loop
			vertex 0.07938811182975769 0.030608000233769417 0.029383864253759384
			vertex 0.08013442903757095 0.031599998474121094 0.031056124716997147
			vertex 0.08082763850688934 0.030608000233769417 0.030241938307881355
		endloop
	endfacet
	facet normal 0.14991569073975228 0.7338586623767686 -0.6625532049010124
		outer loop
			vertex 0.0779009461402893 0.030608000233769417 0.028813157230615616
			vertex 0.07662049680948257 0.031599998474121094 0.029622189700603485
			vertex 0.07773163169622421 0.031599998474121094 0.02987360581755638
		endloop
	endfacet
	facet normal 0.2460118525518475 0.7271250963864938 -0.6409112751457413
		outer loop
			vertex 0.0779009461402893 0.030608000233769417 0.028813157230615616
			vertex 0.07773163169622421 0.031599998474121094 0.02987360581755638
			vertex 0.07880286127328873 0.031599998474121094 0.03028479404747486
		endloop
	endfacet
	facet normal 0.2459467711185409 0.7271609601021175 -0.6408955639413731
		outer loop
			vertex 0.0779009461402893 0.030608000233769417 0.028813157230615616
			vertex 0.07880286127328873 0.031599998474121094 0.03028479404747486
			vertex 0.07938811182975769 0.030608000233769417 0.029383864253759384
		endloop
	endfacet
	facet normal 0.050702716584358314 0.7324416728900484 -0.6789391948805089
		outer loop
			vertex 0.0767056867480278 0.030608000233769417 0.028558380901813507
			vertex 0.07550005614757538 0.031599998474121094 0.029538515955209732
			vertex 0.07662049680948257 0.031599998474121094 0.029622189700603485
		endloop
	endfacet
	facet normal 0.14257822352958222 0.7295576405231626 -0.6688924422726156
		outer loop
			vertex 0.0767056867480278 0.030608000233769417 0.028558380901813507
			vertex 0.07662049680948257 0.031599998474121094 0.029622189700603485
			vertex 0.0779009461402893 0.030608000233769417 0.028813157230615616
		endloop
	endfacet
	facet normal 0.04792232054876156 0.7309005123786744 -0.6807994507913568
		outer loop
			vertex 0.07550005614757538 0.030608000233769417 0.028473515063524246
			vertex 0.07550005614757538 0.031599998474121094 0.029538515955209732
			vertex 0.0767056867480278 0.030608000233769417 0.028558380901813507
		endloop
	endfacet
	facet normal -0.053493279222283245 0 -0.9985682095270443
		outer loop
			vertex -0.07549994438886642 0.030608000233769417 0.028473515063524246
			vertex -0.07549994438886642 0.03060699999332428 0.028473515063524246
			vertex -0.07641854137182236 0.03060699999332428 0.02852272428572178
		endloop
	endfacet
	facet normal -0.01517734253529982 -0.9954847931273968 -0.09369991956064075
		outer loop
			vertex -0.0766957700252533 0.030608000233769417 0.028557002544403076
			vertex -0.07641854137182236 0.03060699999332428 0.02852272428572178
			vertex -0.07733983546495438 0.03060699999332428 0.028671953827142715
		endloop
	endfacet
	facet normal -0.004668895522547033 0.9977504700025793 -0.06687451700185813
		outer loop
			vertex -0.0766957700252533 0.030608000233769417 0.028557002544403076
			vertex -0.07549994438886642 0.030608000233769417 0.028473515063524246
			vertex -0.07641854137182236 0.03060699999332428 0.02852272428572178
		endloop
	endfacet
	facet normal -0.020046640364885418 -0.997153809489302 -0.07268020659749024
		outer loop
			vertex -0.07788150012493134 0.030608000233769417 0.028807632625102997
			vertex -0.07733983546495438 0.03060699999332428 0.028671953827142715
			vertex -0.07828660309314728 0.03060699999332428 0.028933091089129448
		endloop
	endfacet
	facet normal -0.009967724381451746 0.9988377426748138 -0.04715727175036474
		outer loop
			vertex -0.07788150012493134 0.030608000233769417 0.028807632625102997
			vertex -0.0766957700252533 0.030608000233769417 0.028557002544403076
			vertex -0.07733983546495438 0.03060699999332428 0.028671953827142715
		endloop
	endfacet
	facet normal -0.02981728239491275 0.9967301934063696 -0.07509894288659015
		outer loop
			vertex -0.07938617467880249 0.030608000233769417 0.029382940381765366
			vertex -0.07828660309314728 0.03060699999332428 0.028933091089129448
			vertex -0.07921086996793747 0.03060699999332428 0.029300061985850334
		endloop
	endfacet
	facet normal -0.055845293427509206 -0.992781479483422 -0.10614253245849778
		outer loop
			vertex -0.07938617467880249 0.030608000233769417 0.029382940381765366
			vertex -0.07921086996793747 0.03060699999332428 0.029300061985850334
			vertex -0.08011172711849213 0.03060699999332428 0.029774034395813942
		endloop
	endfacet
	facet normal -0.01298564244941501 0.9993387259025042 -0.033962979871260145
		outer loop
			vertex -0.07938617467880249 0.030608000233769417 0.029382940381765366
			vertex -0.07788150012493134 0.030608000233769417 0.028807632625102997
			vertex -0.07828660309314728 0.03060699999332428 0.028933091089129448
		endloop
	endfacet
	facet normal -0.12472120802270235 0.9736293696448071 -0.19102479115134133
		outer loop
			vertex -0.08090551942586899 0.030608000233769417 0.030297404155135155
			vertex -0.08011172711849213 0.03060699999332428 0.029774034395813942
			vertex -0.08082989603281021 0.03060699999332428 0.030242931097745895
		endloop
	endfacet
	facet normal -0.14268476162870056 -0.9732233569370926 -0.18021475053684474
		outer loop
			vertex -0.08090551942586899 0.030608000233769417 0.030297404155135155
			vertex -0.08082989603281021 0.03060699999332428 0.030242931097745895
			vertex -0.08167188614606857 0.03060699999332428 0.030909575521945953
		endloop
	endfacet
	facet normal -0.013197472511237443 0.9996724615348075 -0.021927069303810155
		outer loop
			vertex -0.08090551942586899 0.030608000233769417 0.030297404155135155
			vertex -0.07938617467880249 0.030608000233769417 0.029382940381765366
			vertex -0.08011172711849213 0.03060699999332428 0.029774034395813942
		endloop
	endfacet
	facet normal -0.08110212886488335 -0.9931440260620514 -0.08418662714970555
		outer loop
			vertex -0.08231524378061295 0.030608000233769417 0.03151756152510643
			vertex -0.08167188614606857 0.03060699999332428 0.030909575521945953
			vertex -0.0824708566069603 0.03060699999332428 0.03167927265167236
		endloop
	endfacet
	facet normal -0.06001520450964049 0.9968636107706124 -0.05158601311444155
		outer loop
			vertex -0.08231524378061295 0.030608000233769417 0.03151756152510643
			vertex -0.0824708566069603 0.03060699999332428 0.03167927265167236
			vertex -0.08321759849786758 0.03060699999332428 0.03254803270101547
		endloop
	endfacet
	facet normal -0.016922680907626556 0.9996656184063729 -0.019551834878154577
		outer loop
			vertex -0.08231524378061295 0.030608000233769417 0.03151756152510643
			vertex -0.08090551942586899 0.030608000233769417 0.030297404155135155
			vertex -0.08167188614606857 0.03060699999332428 0.030909575521945953
		endloop
	endfacet
	facet normal -0.06150646816190012 -0.9971448580652973 -0.04380737846741659
		outer loop
			vertex -0.08357764780521393 0.030608000233769417 0.033030781894922256
			vertex -0.08321759849786758 0.03060699999332428 0.03254803270101547
			vertex -0.08390285074710846 0.03060699999332428 0.03351014107465744
		endloop
	endfacet
	facet normal -0.023422609282017545 0.999534670549813 -0.019540310726767506
		outer loop
			vertex -0.08357764780521393 0.030608000233769417 0.033030781894922256
			vertex -0.08231524378061295 0.030608000233769417 0.03151756152510643
			vertex -0.08321759849786758 0.03060699999332428 0.03254803270101547
		endloop
	endfacet
	facet normal -0.027320944699212656 0.9994913640045183 -0.016449293636215133
		outer loop
			vertex -0.08465183526277542 0.030608000233769417 0.03481492027640343
			vertex -0.08357764780521393 0.030608000233769417 0.033030781894922256
			vertex -0.08390285074710846 0.03060699999332428 0.03351014107465744
		endloop
	endfacet
	facet normal -0.05832898468497556 0.9977097958312303 -0.03424752323927766
		outer loop
			vertex -0.08465183526277542 0.030608000233769417 0.03481492027640343
			vertex -0.08390285074710846 0.03060699999332428 0.03351014107465744
			vertex -0.08452215790748596 0.03060699999332428 0.03456491976976395
		endloop
	endfacet
	facet normal -0.09701772637689289 -0.9942029950999068 -0.04634614658235582
		outer loop
			vertex -0.08465183526277542 0.030608000233769417 0.03481492027640343
			vertex -0.08452215790748596 0.03060699999332428 0.03456491976976395
			vertex -0.08506672829389572 0.03060699999332428 0.03570488467812538
		endloop
	endfacet
	facet normal -0.3149509429963179 -0.9415648294720284 -0.11942183806591064
		outer loop
			vertex -0.08550413697957993 0.030608000233769417 0.03685057535767555
			vertex -0.08506672829389572 0.03060699999332428 0.03570488467812538
			vertex -0.08552717417478561 0.03060699999332428 0.03691921755671501
		endloop
	endfacet
	facet normal -0.29500833855379727 0.9516938312654402 -0.08514065841321565
		outer loop
			vertex -0.08550413697957993 0.030608000233769417 0.03685057535767555
			vertex -0.08552717417478561 0.03060699999332428 0.03691921755671501
			vertex -0.08589590340852737 0.03060699999332428 0.03819684684276581
		endloop
	endfacet
	facet normal -0.023651561090652196 0.9996712170943243 -0.009902594161517845
		outer loop
			vertex -0.08550413697957993 0.030608000233769417 0.03685057535767555
			vertex -0.08465183526277542 0.030608000233769417 0.03481492027640343
			vertex -0.08506672829389572 0.03060699999332428 0.03570488467812538
		endloop
	endfacet
	facet normal -0.08127144018939808 -0.9965541728319683 -0.016575090368762573
		outer loop
			vertex -0.08608725666999817 0.030608000233769417 0.03907495737075806
			vertex -0.08589590340852737 0.03060699999332428 0.03819684684276581
			vertex -0.08616737276315689 0.03060699999332428 0.03952792286872864
		endloop
	endfacet
	facet normal -0.04097630331448407 0.9991474011500219 -0.00504116473018384
		outer loop
			vertex -0.08608725666999817 0.030608000233769417 0.03907495737075806
			vertex -0.08616737276315689 0.03060699999332428 0.03952792286872864
			vertex -0.08633604645729065 0.03060699999332428 0.04089896008372307
		endloop
	endfacet
	facet normal -0.025741998194548917 0.9996458426721156 -0.006748241052871518
		outer loop
			vertex -0.08608725666999817 0.030608000233769417 0.03907495737075806
			vertex -0.08550413697957993 0.030608000233769417 0.03685057535767555
			vertex -0.08589590340852737 0.03060699999332428 0.03819684684276581
		endloop
	endfacet
	facet normal -0.034986465576933745 0.9993788594583028 -0.0042240376721982015
		outer loop
			vertex -0.08637285977602005 0.030608000233769417 0.04144052416086197
			vertex -0.08608725666999817 0.030608000233769417 0.03907495737075806
			vertex -0.08633604645729065 0.03060699999332428 0.04089896008372307
		endloop
	endfacet
	facet normal -0.07668423244733123 -0.997049729762242 -0.003371183027366227
		outer loop
			vertex -0.08637285977602005 0.030608000233769417 0.04144052416086197
			vertex -0.08633604645729065 0.03060699999332428 0.04089896008372307
			vertex -0.08639710396528244 0.03060699999332428 0.042287833988666534
		endloop
	endfacet
	facet normal -0.14604914222236226 0.989269121005729 0.004031659790330673
		outer loop
			vertex -0.0863538458943367 0.030608000233769417 0.04360944777727127
			vertex -0.08639710396528244 0.03060699999332428 0.042287833988666534
			vertex -0.08636562526226044 0.03060699999332428 0.04342816770076752
		endloop
	endfacet
	facet normal -0.17801479367488102 -0.9838810255176104 0.01699590713393309
		outer loop
			vertex -0.0863538458943367 0.030608000233769417 0.04360944777727127
			vertex -0.08636562526226044 0.03060699999332428 0.04342816770076752
			vertex -0.08624636381864548 0.03060699999332428 0.044677309691905975
		endloop
	endfacet
	facet normal -0.031565347579421664 0.9995016519543359 0.0002767178058407329
		outer loop
			vertex -0.0863538458943367 0.030608000233769417 0.04360944777727127
			vertex -0.08637285977602005 0.030608000233769417 0.04144052416086197
			vertex -0.08639710396528244 0.03060699999332428 0.042287833988666534
		endloop
	endfacet
	facet normal -0.029519993329846873 0.9995565524082738 0.003907496831957787
		outer loop
			vertex -0.0860690027475357 0.030608000233769417 0.0457613542675972
			vertex -0.0863538458943367 0.030608000233769417 0.04360944777727127
			vertex -0.08624636381864548 0.03060699999332428 0.044677309691905975
		endloop
	endfacet
	facet normal -0.5938933760122592 -0.7985646252974589 0.09790402010280563
		outer loop
			vertex -0.0860690027475357 0.030608000233769417 0.0457613542675972
			vertex -0.08624636381864548 0.03060699999332428 0.044677309691905975
			vertex -0.08606088161468506 0.03060699999332428 0.04580245912075043
		endloop
	endfacet
	facet normal -0.5219215637050917 0.8439831538764249 0.12365402262941091
		outer loop
			vertex -0.0860690027475357 0.030608000233769417 0.0457613542675972
			vertex -0.08606088161468506 0.03060699999332428 0.04580245912075043
			vertex -0.08577629923820496 0.03060699999332428 0.04700363054871559
		endloop
	endfacet
	facet normal -0.02929852431575727 0.9995409856578034 0.007708077785435017
		outer loop
			vertex -0.08552542328834534 0.030608000233769417 0.04782750830054283
			vertex -0.0860690027475357 0.030608000233769417 0.0457613542675972
			vertex -0.08577629923820496 0.03060699999332428 0.04700363054871559
		endloop
	endfacet
	facet normal -0.10168761105424778 -0.9942960395912046 0.03217165540232549
		outer loop
			vertex -0.08552542328834534 0.030608000233769417 0.04782750830054283
			vertex -0.08577629923820496 0.03060699999332428 0.04700363054871559
			vertex -0.08541056513786316 0.03060699999332428 0.0481596365571022
		endloop
	endfacet
	facet normal -0.06048571406086835 0.9978823495559964 0.023922684614216566
		outer loop
			vertex -0.08552542328834534 0.030608000233769417 0.04782750830054283
			vertex -0.08541056513786316 0.03060699999332428 0.0481596365571022
			vertex -0.08503112196922302 0.03060699999332428 0.0491190142929554
		endloop
	endfacet
	facet normal -0.030134043120192692 0.9994700939723508 0.012307343341708936
		outer loop
			vertex -0.08474241197109222 0.030608000233769417 0.049744680523872375
			vertex -0.08552542328834534 0.030608000233769417 0.04782750830054283
			vertex -0.08503112196922302 0.03060699999332428 0.0491190142929554
		endloop
	endfacet
	facet normal -0.08149752527001128 -0.9959024132046967 0.039198682987129196
		outer loop
			vertex -0.08474241197109222 0.030608000233769417 0.049744680523872375
			vertex -0.08503112196922302 0.03060699999332428 0.0491190142929554
			vertex -0.08452490717172623 0.03060699999332428 0.05017147958278656
		endloop
	endfacet
	facet normal -0.04211244989539463 0.9988118233350215 0.02452515300620612
		outer loop
			vertex -0.08374523371458054 0.030608000233769417 0.051469530910253525
			vertex -0.08452490717172623 0.03060699999332428 0.05017147958278656
			vertex -0.0839524194598198 0.03060699999332428 0.05115450546145439
		endloop
	endfacet
	facet normal -0.07938877378195888 -0.9953046277256163 0.05537256202641495
		outer loop
			vertex -0.08374523371458054 0.030608000233769417 0.051469530910253525
			vertex -0.0839524194598198 0.03060699999332428 0.05115450546145439
			vertex -0.08332111686468124 0.03060699999332428 0.05205961689352989
		endloop
	endfacet
	facet normal -0.034183388584341445 0.9992201705595047 0.019762254221777343
		outer loop
			vertex -0.08374523371458054 0.030608000233769417 0.051469530910253525
			vertex -0.08474241197109222 0.030608000233769417 0.049744680523872375
			vertex -0.08452490717172623 0.03060699999332428 0.05017147958278656
		endloop
	endfacet
	facet normal -0.02361334558575418 0.9995468906248398 0.018666101694316355
		outer loop
			vertex -0.08257344365119934 0.030608000233769417 0.05295189097523689
			vertex -0.08374523371458054 0.030608000233769417 0.051469530910253525
			vertex -0.08332111686468124 0.03060699999332428 0.05205961689352989
		endloop
	endfacet
	facet normal -0.16410121908916345 0.9769659965054108 0.13641199201551274
		outer loop
			vertex -0.08257344365119934 0.030608000233769417 0.05295189097523689
			vertex -0.08332111686468124 0.03060699999332428 0.05205961689352989
			vertex -0.08263885229825974 0.03060699999332428 0.05288036912679672
		endloop
	endfacet
	facet normal -0.17996063874299806 -0.9674149207477958 0.17810822445285396
		outer loop
			vertex -0.08257344365119934 0.030608000233769417 0.05295189097523689
			vertex -0.08263885229825974 0.03060699999332428 0.05288036912679672
			vertex -0.08190923184156418 0.03060699999332428 0.053617577999830246
		endloop
	endfacet
	facet normal -0.104334745013379 -0.9868494536662921 0.12346018298031969
		outer loop
			vertex -0.08126183599233627 0.030608000233769417 0.05417267978191376
			vertex -0.08190923184156418 0.03060699999332428 0.053617577999830246
			vertex -0.08113638311624527 0.03060699999332428 0.054270703345537186
		endloop
	endfacet
	facet normal -0.06684189403889709 0.9931653763164857 0.09568017813228727
		outer loop
			vertex -0.08126183599233627 0.030608000233769417 0.05417267978191376
			vertex -0.08113638311624527 0.03060699999332428 0.054270703345537186
			vertex -0.08033338934183121 0.03060699999332428 0.054831672459840775
		endloop
	endfacet
	facet normal -0.01960518289664042 0.9995858932956346 0.02106368267795825
		outer loop
			vertex -0.08126183599233627 0.030608000233769417 0.05417267978191376
			vertex -0.08257344365119934 0.030608000233769417 0.05295189097523689
			vertex -0.08190923184156418 0.03060699999332428 0.053617577999830246
		endloop
	endfacet
	facet normal -0.017687411871978646 0.9994940017284195 0.02643664067504579
		outer loop
			vertex -0.07984467595815659 0.030608000233769417 0.05512082949280739
			vertex -0.08126183599233627 0.030608000233769417 0.05417267978191376
			vertex -0.08033338934183121 0.03060699999332428 0.054831672459840775
		endloop
	endfacet
	facet normal -0.044465298263051 -0.9959143103708995 0.07859722418020769
		outer loop
			vertex -0.07984467595815659 0.030608000233769417 0.05512082949280739
			vertex -0.08033338934183121 0.03060699999332428 0.054831672459840775
			vertex -0.07950832694768906 0.03060699999332428 0.05529844015836716
		endloop
	endfacet
	facet normal -0.0201559435267948 0.9987629794691446 0.04545600931078314
		outer loop
			vertex -0.0783814936876297 0.030608000233769417 0.055776119232177734
			vertex -0.07950832694768906 0.03060699999332428 0.05529844015836716
			vertex -0.07866837829351425 0.03060699999332428 0.05567088723182678
		endloop
	endfacet
	facet normal -0.03101379302913001 -0.9950882061773088 0.09400854519016955
		outer loop
			vertex -0.0783814936876297 0.030608000233769417 0.055776119232177734
			vertex -0.07866837829351425 0.03060699999332428 0.05567088723182678
			vertex -0.07781020551919937 0.03060699999332428 0.05595400184392929
		endloop
	endfacet
	facet normal -0.016592223337888044 0.9991757167682875 0.03704841623179984
		outer loop
			vertex -0.0783814936876297 0.030608000233769417 0.055776119232177734
			vertex -0.07984467595815659 0.030608000233769417 0.05512082949280739
			vertex -0.07950832694768906 0.03060699999332428 0.05529844015836716
		endloop
	endfacet
	facet normal -0.145318697974416 -0.7413580519926475 0.6551875416738994
		outer loop
			vertex -0.07696281373500824 0.030608000233769417 0.056143082678318024
			vertex -0.07781020551919937 0.03060699999332428 0.05595400184392929
			vertex -0.07694073021411896 0.03060699999332428 0.05614684894680977
		endloop
	endfacet
	facet normal -0.09054770233464941 0.6932074320914876 0.7150276705799863
		outer loop
			vertex -0.07696281373500824 0.030608000233769417 0.056143082678318024
			vertex -0.07694073021411896 0.03060699999332428 0.05614684894680977
			vertex -0.07622312009334564 0.03060699999332428 0.05623772367835045
		endloop
	endfacet
	facet normal -0.0006641947454500838 0.9998756037852555 0.015758673815111583
		outer loop
			vertex -0.07696281373500824 0.030608000233769417 0.056143082678318024
			vertex -0.07622312009334564 0.03060699999332428 0.05623772367835045
			vertex -0.07549994438886642 0.03060699999332428 0.056268204003572464
		endloop
	endfacet
	facet normal -0.008587659627349514 0.9994118372322637 0.03319987503223916
		outer loop
			vertex -0.07696281373500824 0.030608000233769417 0.056143082678318024
			vertex -0.0783814936876297 0.030608000233769417 0.055776119232177734
			vertex -0.07781020551919937 0.03060699999332428 0.05595400184392929
		endloop
	endfacet
	facet normal -0.08522029049918957 0 0.9963621340091332
		outer loop
			vertex -0.07549994438886642 0.030608000233769417 0.056268204003572464
			vertex -0.07696281373500824 0.030608000233769417 0.056143082678318024
			vertex -0.07549994438886642 0.03060699999332428 0.056268204003572464
		endloop
	endfacet
	facet normal 0 0 -1
		outer loop
			vertex -0.07549994438886642 0.030608000233769417 0.028473515063524246
			vertex 0.07550005614757538 0.030608000233769417 0.028473515063524246
			vertex 0.07550005614757538 0.03060699999332428 0.028473515063524246
		endloop
	endfacet
	facet normal 0 0 -1
		outer loop
			vertex -0.07549994438886642 0.030608000233769417 0.028473515063524246
			vertex 0.07550005614757538 0.03060699999332428 0.028473515063524246
			vertex -0.07549994438886642 0.03060699999332428 0.028473515063524246
		endloop
	endfacet
	facet normal 0 1 0
		outer loop
			vertex -0.0657852366566658 0.031599998474121094 0.05003182590007782
			vertex -0.06709443032741547 0.031599998474121094 0.04883833974599838
			vertex -0.07549960911273956 0.031599998474121094 0.05520320311188698
		endloop
	endfacet
	facet normal 0 1 0
		outer loop
			vertex -0.06816203147172928 0.031599998474121094 0.04742460697889328
			vertex -0.07549960911273956 0.031599998474121094 0.05520320311188698
			vertex -0.06709443032741547 0.031599998474121094 0.04883833974599838
		endloop
	endfacet
	facet normal 0 1 0
		outer loop
			vertex -0.06427903473377228 0.031599998474121094 0.05096442624926567
			vertex -0.0657852366566658 0.031599998474121094 0.05003182590007782
			vertex -0.07549960911273956 0.031599998474121094 0.05520320311188698
		endloop
	endfacet
	facet normal 0 1 0
		outer loop
			vertex -0.06895167380571365 0.031599998474121094 0.04583878070116043
			vertex -0.07695890218019485 0.031599998474121094 0.05506103113293648
			vertex -0.07549960911273956 0.031599998474121094 0.05520320311188698
		endloop
	endfacet
	facet normal 0 1 0
		outer loop
			vertex -0.06895167380571365 0.031599998474121094 0.04583878070116043
			vertex -0.07836921513080597 0.031599998474121094 0.05464426055550575
			vertex -0.07695890218019485 0.031599998474121094 0.05506103113293648
		endloop
	endfacet
	facet normal 0 1 0
		outer loop
			vertex -0.06895167380571365 0.031599998474121094 0.04583878070116043
			vertex -0.0798378437757492 0.031599998474121094 0.053884606808423996
			vertex -0.07836921513080597 0.031599998474121094 0.05464426055550575
		endloop
	endfacet
	facet normal 0 1 0
		outer loop
			vertex -0.06895167380571365 0.031599998474121094 0.04583878070116043
			vertex -0.08121229708194733 0.031599998474121094 0.052811406552791595
			vertex -0.0798378437757492 0.031599998474121094 0.053884606808423996
		endloop
	endfacet
	facet normal 0 1 0
		outer loop
			vertex -0.06895167380571365 0.031599998474121094 0.04583878070116043
			vertex -0.08246201276779175 0.031599998474121094 0.05142984539270401
			vertex -0.08121229708194733 0.031599998474121094 0.052811406552791595
		endloop
	endfacet
	facet normal 0 1 0
		outer loop
			vertex -0.06895167380571365 0.031599998474121094 0.04583878070116043
			vertex -0.07549960911273956 0.031599998474121094 0.05520320311188698
			vertex -0.06816203147172928 0.031599998474121094 0.04742460697889328
		endloop
	endfacet
	facet normal 0 1 0
		outer loop
			vertex -0.06262710690498352 0.031599998474121094 0.051604386419057846
			vertex -0.06427903473377228 0.031599998474121094 0.05096442624926567
			vertex -0.07549960911273956 0.031599998474121094 0.05520320311188698
		endloop
	endfacet
	facet normal 0 1 0
		outer loop
			vertex -0.06943648308515549 0.031599998474121094 0.04413485527038574
			vertex -0.08353036642074585 0.031599998474121094 0.049772679805755615
			vertex -0.08246201276779175 0.031599998474121094 0.05142984539270401
		endloop
	endfacet
	facet normal 0 1 0
		outer loop
			vertex -0.06943648308515549 0.031599998474121094 0.04413485527038574
			vertex -0.08439045399427414 0.031599998474121094 0.04784906655550003
			vertex -0.08353036642074585 0.031599998474121094 0.049772679805755615
		endloop
	endfacet
	facet normal 0 1 0
		outer loop
			vertex -0.06943648308515549 0.031599998474121094 0.04413485527038574
			vertex -0.08499100804328918 0.031599998474121094 0.04571950063109398
			vertex -0.08439045399427414 0.031599998474121094 0.04784906655550003
		endloop
	endfacet
	facet normal 0 1 0
		outer loop
			vertex -0.06943648308515549 0.031599998474121094 0.04413485527038574
			vertex -0.08246201276779175 0.031599998474121094 0.05142984539270401
			vertex -0.06895167380571365 0.031599998474121094 0.04583878070116043
		endloop
	endfacet
	facet normal 0 1 0
		outer loop
			vertex -0.0608857199549675 0.031599998474121094 0.05192990601062775
			vertex -0.06262710690498352 0.031599998474121094 0.051604386419057846
			vertex -0.07549960911273956 0.031599998474121094 0.05520320311188698
		endloop
	endfacet
	facet normal 0 1 0
		outer loop
			vertex -0.0695999413728714 0.031599998474121094 0.042370859533548355
			vertex -0.08529789745807648 0.031599998474121094 0.043438613414764404
			vertex -0.08499100804328918 0.031599998474121094 0.04571950063109398
		endloop
	endfacet
	facet normal 0 1 0
		outer loop
			vertex -0.0695999413728714 0.031599998474121094 0.042370859533548355
			vertex -0.08530012518167496 0.031599998474121094 0.04133659601211548
			vertex -0.08529789745807648 0.031599998474121094 0.043438613414764404
		endloop
	endfacet
	facet normal 0 1 0
		outer loop
			vertex -0.0695999413728714 0.031599998474121094 0.042370859533548355
			vertex -0.08503679931163788 0.031599998474121094 0.039251908659935
			vertex -0.08530012518167496 0.031599998474121094 0.04133659601211548
		endloop
	endfacet
	facet normal 0 1 0
		outer loop
			vertex -0.0695999413728714 0.031599998474121094 0.042370859533548355
			vertex -0.08499100804328918 0.031599998474121094 0.04571950063109398
			vertex -0.06943648308515549 0.031599998474121094 0.04413485527038574
		endloop
	endfacet
	facet normal 0 1 0
		outer loop
			vertex -0.05911416560411453 0.031599998474121094 0.05192990601062775
			vertex -0.0608857199549675 0.031599998474121094 0.05192990601062775
			vertex -0.07549960911273956 0.031599998474121094 0.05520320311188698
		endloop
	endfacet
	facet normal 0 1 0
		outer loop
			vertex -0.06943648308515549 0.031599998474121094 0.04060686379671097
			vertex -0.08451513946056366 0.031599998474121094 0.03725095093250275
			vertex -0.08503679931163788 0.031599998474121094 0.039251908659935
		endloop
	endfacet
	facet normal 0 1 0
		outer loop
			vertex -0.06943648308515549 0.031599998474121094 0.04060686379671097
			vertex -0.08375769108533859 0.031599998474121094 0.035407792776823044
			vertex -0.08451513946056366 0.031599998474121094 0.03725095093250275
		endloop
	endfacet
	facet normal 0 1 0
		outer loop
			vertex -0.06943648308515549 0.031599998474121094 0.04060686379671097
			vertex -0.08279014378786087 0.031599998474121094 0.03376259282231331
			vertex -0.08375769108533859 0.031599998474121094 0.035407792776823044
		endloop
	endfacet
	facet normal 0 1 0
		outer loop
			vertex -0.06943648308515549 0.031599998474121094 0.04060686379671097
			vertex -0.08165783435106277 0.031599998474121094 0.032369717955589294
			vertex -0.08279014378786087 0.031599998474121094 0.03376259282231331
		endloop
	endfacet
	facet normal 0 1 0
		outer loop
			vertex -0.06943648308515549 0.031599998474121094 0.04060686379671097
			vertex -0.08503679931163788 0.031599998474121094 0.039251908659935
			vertex -0.0695999413728714 0.031599998474121094 0.042370859533548355
		endloop
	endfacet
	facet normal 0 1 0
		outer loop
			vertex -0.06895167380571365 0.031599998474121094 0.03890293836593628
			vertex -0.08039586246013641 0.031599998474121094 0.031244948506355286
			vertex -0.08165783435106277 0.031599998474121094 0.032369717955589294
		endloop
	endfacet
	facet normal 0 1 0
		outer loop
			vertex -0.06895167380571365 0.031599998474121094 0.03890293836593628
			vertex -0.07904879748821259 0.031599998474121094 0.03040427900850773
			vertex -0.08039586246013641 0.031599998474121094 0.031244948506355286
		endloop
	endfacet
	facet normal 0 1 0
		outer loop
			vertex -0.06895167380571365 0.031599998474121094 0.03890293836593628
			vertex -0.08165783435106277 0.031599998474121094 0.032369717955589294
			vertex -0.06943648308515549 0.031599998474121094 0.04060686379671097
		endloop
	endfacet
	facet normal 0 1 0
		outer loop
			vertex -0.07765514403581619 0.031599998474121094 0.029850764200091362
			vertex -0.07904879748821259 0.031599998474121094 0.03040427900850773
			vertex -0.06895167380571365 0.031599998474121094 0.03890293836593628
		endloop
	endfacet
	facet normal 0 1 0
		outer loop
			vertex -0.07658124715089798 0.031599998474121094 0.029616430401802063
			vertex -0.07765514403581619 0.031599998474121094 0.029850764200091362
			vertex -0.06895167380571365 0.031599998474121094 0.03890293836593628
		endloop
	endfacet
	facet normal 0 1 0
		outer loop
			vertex -0.07549994438886642 0.031599998474121094 0.029538515955209732
			vertex -0.07658124715089798 0.031599998474121094 0.029616430401802063
			vertex -0.06895167380571365 0.031599998474121094 0.03890293836593628
		endloop
	endfacet
	facet normal 0 1 0
		outer loop
			vertex -0.07549994438886642 0.031599998474121094 0.029538515955209732
			vertex -0.06895167380571365 0.031599998474121094 0.03890293836593628
			vertex -0.06816203147172928 0.031599998474121094 0.03731711208820343
		endloop
	endfacet
	facet normal 0 1 0
		outer loop
			vertex -0.06709443032741547 0.031599998474121094 0.035903383046388626
			vertex -0.07549994438886642 0.031599998474121094 0.029538515955209732
			vertex -0.06816203147172928 0.031599998474121094 0.03731711208820343
		endloop
	endfacet
	facet normal 0 1 0
		outer loop
			vertex -0.0657852366566658 0.031599998474121094 0.03470989316701889
			vertex -0.07549994438886642 0.031599998474121094 0.029538515955209732
			vertex -0.06709443032741547 0.031599998474121094 0.035903383046388626
		endloop
	endfacet
	facet normal 0 1 0
		outer loop
			vertex -0.06427903473377228 0.031599998474121094 0.03377729281783104
			vertex -0.07549994438886642 0.031599998474121094 0.029538515955209732
			vertex -0.0657852366566658 0.031599998474121094 0.03470989316701889
		endloop
	endfacet
	facet normal 0 1 0
		outer loop
			vertex -0.06262710690498352 0.031599998474121094 0.033137332648038864
			vertex -0.07549994438886642 0.031599998474121094 0.029538515955209732
			vertex -0.06427903473377228 0.031599998474121094 0.03377729281783104
		endloop
	endfacet
	facet normal 0 1 0
		outer loop
			vertex -0.0608857199549675 0.031599998474121094 0.032811813056468964
			vertex -0.07549994438886642 0.031599998474121094 0.029538515955209732
			vertex -0.06262710690498352 0.031599998474121094 0.033137332648038864
		endloop
	endfacet
	facet normal 0 1 0
		outer loop
			vertex -0.05911416560411453 0.031599998474121094 0.032811813056468964
			vertex -0.07549994438886642 0.031599998474121094 0.029538515955209732
			vertex -0.0608857199549675 0.031599998474121094 0.032811813056468964
		endloop
	endfacet
	facet normal 0 1 0
		outer loop
			vertex -0.030757363885641098 0.031599998474121094 0.043192483484745026
			vertex -0.05104821175336838 0.031599998474121094 0.04583878070116043
			vertex -0.05183785781264305 0.031599998474121094 0.04742460697889328
		endloop
	endfacet
	facet normal 0 1 0
		outer loop
			vertex -0.030533788725733757 0.031599998474121094 0.04339055344462395
			vertex -0.030757363885641098 0.031599998474121094 0.043192483484745026
			vertex -0.05183785781264305 0.031599998474121094 0.04742460697889328
		endloop
	endfacet
	facet normal 0 1 0
		outer loop
			vertex -0.030533788725733757 0.031599998474121094 0.04339055344462395
			vertex -0.05183785781264305 0.031599998474121094 0.04742460697889328
			vertex -0.05290545895695686 0.031599998474121094 0.04883833974599838
		endloop
	endfacet
	facet normal 0 1 0
		outer loop
			vertex -0.030927041545510292 0.031599998474121094 0.04294666275382042
			vertex -0.05104821175336838 0.031599998474121094 0.04583878070116043
			vertex -0.030757363885641098 0.031599998474121094 0.043192483484745026
		endloop
	endfacet
	facet normal 0 1 0
		outer loop
			vertex -0.030927041545510292 0.031599998474121094 0.04294666275382042
			vertex -0.050563402473926544 0.031599998474121094 0.04413485527038574
			vertex -0.05104821175336838 0.031599998474121094 0.04583878070116043
		endloop
	endfacet
	facet normal 0 1 0
		outer loop
			vertex -0.030269306153059006 0.031599998474121094 0.043529365211725235
			vertex -0.030533788725733757 0.031599998474121094 0.04339055344462395
			vertex -0.05290545895695686 0.031599998474121094 0.04883833974599838
		endloop
	endfacet
	facet normal 0 1 0
		outer loop
			vertex -0.030269306153059006 0.031599998474121094 0.043529365211725235
			vertex -0.05290545895695686 0.031599998474121094 0.04883833974599838
			vertex -0.05421465262770653 0.031599998474121094 0.05003182590007782
		endloop
	endfacet
	facet normal 0 1 0
		outer loop
			vertex -0.03103296086192131 0.031599998474121094 0.04266737774014473
			vertex -0.050563402473926544 0.031599998474121094 0.04413485527038574
			vertex -0.030927041545510292 0.031599998474121094 0.04294666275382042
		endloop
	endfacet
	facet normal 0 1 0
		outer loop
			vertex -0.03103296086192131 0.031599998474121094 0.04266737774014473
			vertex -0.05039994418621063 0.031599998474121094 0.042370859533548355
			vertex -0.050563402473926544 0.031599998474121094 0.04413485527038574
		endloop
	endfacet
	facet normal 0 1 0
		outer loop
			vertex -0.029979290440678596 0.031599998474121094 0.04360084608197212
			vertex -0.030269306153059006 0.031599998474121094 0.043529365211725235
			vertex -0.05421465262770653 0.031599998474121094 0.05003182590007782
		endloop
	endfacet
	facet normal 0 1 0
		outer loop
			vertex -0.029979290440678596 0.031599998474121094 0.04360084608197212
			vertex -0.05421465262770653 0.031599998474121094 0.05003182590007782
			vertex -0.05572085455060005 0.031599998474121094 0.05096442624926567
		endloop
	endfacet
	facet normal 0 1 0
		outer loop
			vertex -0.031068965792655945 0.031599998474121094 0.042370859533548355
			vertex -0.05039994418621063 0.031599998474121094 0.042370859533548355
			vertex -0.03103296086192131 0.031599998474121094 0.04266737774014473
		endloop
	endfacet
	facet normal 0 1 0
		outer loop
			vertex -0.02968059666454792 0.031599998474121094 0.04360084608197212
			vertex -0.05572085455060005 0.031599998474121094 0.05096442624926567
			vertex -0.05737277865409851 0.031599998474121094 0.051604386419057846
		endloop
	endfacet
	facet normal 0 1 0
		outer loop
			vertex -0.02968059666454792 0.031599998474121094 0.04360084608197212
			vertex -0.029979290440678596 0.031599998474121094 0.04360084608197212
			vertex -0.05572085455060005 0.031599998474121094 0.05096442624926567
		endloop
	endfacet
	facet normal 0 1 0
		outer loop
			vertex -0.03103296086192131 0.031599998474121094 0.04207434132695198
			vertex -0.05039994418621063 0.031599998474121094 0.042370859533548355
			vertex -0.031068965792655945 0.031599998474121094 0.042370859533548355
		endloop
	endfacet
	facet normal 0 1 0
		outer loop
			vertex -0.03103296086192131 0.031599998474121094 0.04207434132695198
			vertex -0.050563402473926544 0.031599998474121094 0.04060686379671097
			vertex -0.05039994418621063 0.031599998474121094 0.042370859533548355
		endloop
	endfacet
	facet normal 0 1 0
		outer loop
			vertex -0.030927041545510292 0.031599998474121094 0.04179505631327629
			vertex -0.050563402473926544 0.031599998474121094 0.04060686379671097
			vertex -0.03103296086192131 0.031599998474121094 0.04207434132695198
		endloop
	endfacet
	facet normal 0 1 0
		outer loop
			vertex -0.030927041545510292 0.031599998474121094 0.04179505631327629
			vertex -0.05104821175336838 0.031599998474121094 0.03890293836593628
			vertex -0.050563402473926544 0.031599998474121094 0.04060686379671097
		endloop
	endfacet
	facet normal 0 1 0
		outer loop
			vertex -0.030757363885641098 0.031599998474121094 0.041549235582351685
			vertex -0.05104821175336838 0.031599998474121094 0.03890293836593628
			vertex -0.030927041545510292 0.031599998474121094 0.04179505631327629
		endloop
	endfacet
	facet normal 0 1 0
		outer loop
			vertex -0.030757363885641098 0.031599998474121094 0.041549235582351685
			vertex -0.05183785781264305 0.031599998474121094 0.03731711208820343
			vertex -0.05104821175336838 0.031599998474121094 0.03890293836593628
		endloop
	endfacet
	facet normal 0 1 0
		outer loop
			vertex -0.030533788725733757 0.031599998474121094 0.04135116562247276
			vertex -0.05183785781264305 0.031599998474121094 0.03731711208820343
			vertex -0.030757363885641098 0.031599998474121094 0.041549235582351685
		endloop
	endfacet
	facet normal 0 1 0
		outer loop
			vertex -0.030533788725733757 0.031599998474121094 0.04135116562247276
			vertex -0.05290545895695686 0.031599998474121094 0.035903383046388626
			vertex -0.05183785781264305 0.031599998474121094 0.03731711208820343
		endloop
	endfacet
	facet normal 0 1 0
		outer loop
			vertex -0.030269306153059006 0.031599998474121094 0.041212353855371475
			vertex -0.05290545895695686 0.031599998474121094 0.035903383046388626
			vertex -0.030533788725733757 0.031599998474121094 0.04135116562247276
		endloop
	endfacet
	facet normal 0 1 0
		outer loop
			vertex -0.030269306153059006 0.031599998474121094 0.041212353855371475
			vertex -0.05421465262770653 0.031599998474121094 0.03470989316701889
			vertex -0.05290545895695686 0.031599998474121094 0.035903383046388626
		endloop
	endfacet
	facet normal 0 1 0
		outer loop
			vertex -0.029979290440678596 0.031599998474121094 0.04114087298512459
			vertex -0.05421465262770653 0.031599998474121094 0.03470989316701889
			vertex -0.030269306153059006 0.031599998474121094 0.041212353855371475
		endloop
	endfacet
	facet normal 0 1 0
		outer loop
			vertex -0.029979290440678596 0.031599998474121094 0.04114087298512459
			vertex -0.05572085455060005 0.031599998474121094 0.03377729281783104
			vertex -0.05421465262770653 0.031599998474121094 0.03470989316701889
		endloop
	endfacet
	facet normal 0 1 0
		outer loop
			vertex -0.02968059666454792 0.031599998474121094 0.04114087298512459
			vertex -0.05572085455060005 0.031599998474121094 0.03377729281783104
			vertex -0.029979290440678596 0.031599998474121094 0.04114087298512459
		endloop
	endfacet
	facet normal 0 1 0
		outer loop
			vertex 0.05290557071566582 0.031599998474121094 0.04883833974599838
			vertex -0.02890252321958542 0.031599998474121094 0.043192483484745026
			vertex -0.02912609837949276 0.031599998474121094 0.04339055344462395
		endloop
	endfacet
	facet normal 0 1 0
		outer loop
			vertex 0.05421476438641548 0.031599998474121094 0.05003182590007782
			vertex -0.02912609837949276 0.031599998474121094 0.04339055344462395
			vertex -0.02939058095216751 0.031599998474121094 0.043529365211725235
		endloop
	endfacet
	facet normal 0 1 0
		outer loop
			vertex 0.05421476438641548 0.031599998474121094 0.05003182590007782
			vertex 0.05290557071566582 0.031599998474121094 0.04883833974599838
			vertex -0.02912609837949276 0.031599998474121094 0.04339055344462395
		endloop
	endfacet
	facet normal 0 1 0
		outer loop
			vertex 0.0518379732966423 0.031599998474121094 0.04742460697889328
			vertex -0.028732843697071075 0.031599998474121094 0.04294666275382042
			vertex -0.02890252321958542 0.031599998474121094 0.043192483484745026
		endloop
	endfacet
	facet normal 0 1 0
		outer loop
			vertex 0.0518379732966423 0.031599998474121094 0.04742460697889328
			vertex -0.02890252321958542 0.031599998474121094 0.043192483484745026
			vertex 0.05290557071566582 0.031599998474121094 0.04883833974599838
		endloop
	endfacet
	facet normal 0 1 0
		outer loop
			vertex 0.055720970034599304 0.031599998474121094 0.05096442624926567
			vertex -0.02939058095216751 0.031599998474121094 0.043529365211725235
			vertex -0.02968059666454792 0.031599998474121094 0.04360084608197212
		endloop
	endfacet
	facet normal 0 1 0
		outer loop
			vertex 0.055720970034599304 0.031599998474121094 0.05096442624926567
			vertex 0.05421476438641548 0.031599998474121094 0.05003182590007782
			vertex -0.02939058095216751 0.031599998474121094 0.043529365211725235
		endloop
	endfacet
	facet normal 0 1 0
		outer loop
			vertex 0.05104832351207733 0.031599998474121094 0.04583878070116043
			vertex -0.028626926243305206 0.031599998474121094 0.04266737774014473
			vertex -0.028732843697071075 0.031599998474121094 0.04294666275382042
		endloop
	endfacet
	facet normal 0 1 0
		outer loop
			vertex 0.05104832351207733 0.031599998474121094 0.04583878070116043
			vertex -0.028732843697071075 0.031599998474121094 0.04294666275382042
			vertex 0.0518379732966423 0.031599998474121094 0.04742460697889328
		endloop
	endfacet
	facet normal 0 1 0
		outer loop
			vertex 0.057372890412807465 0.031599998474121094 0.051604386419057846
			vertex 0.055720970034599304 0.031599998474121094 0.05096442624926567
			vertex -0.02968059666454792 0.031599998474121094 0.04360084608197212
		endloop
	endfacet
	facet normal 0 1 0
		outer loop
			vertex 0.057372890412807465 0.031599998474121094 0.051604386419057846
			vertex -0.02968059666454792 0.031599998474121094 0.04360084608197212
			vertex -0.05737277865409851 0.031599998474121094 0.051604386419057846
		endloop
	endfacet
	facet normal 0 1 0
		outer loop
			vertex 0.0505635142326355 0.031599998474121094 0.04413485527038574
			vertex -0.028590921312570572 0.031599998474121094 0.042370859533548355
			vertex -0.028626926243305206 0.031599998474121094 0.04266737774014473
		endloop
	endfacet
	facet normal 0 1 0
		outer loop
			vertex 0.0505635142326355 0.031599998474121094 0.04413485527038574
			vertex -0.028626926243305206 0.031599998474121094 0.04266737774014473
			vertex 0.05104832351207733 0.031599998474121094 0.04583878070116043
		endloop
	endfacet
	facet normal 0 1 0
		outer loop
			vertex 0.059114281088113785 0.031599998474121094 0.05192990601062775
			vertex -0.05737277865409851 0.031599998474121094 0.051604386419057846
			vertex -0.05911416560411453 0.031599998474121094 0.05192990601062775
		endloop
	endfacet
	facet normal 0 1 0
		outer loop
			vertex 0.059114281088113785 0.031599998474121094 0.05192990601062775
			vertex 0.057372890412807465 0.031599998474121094 0.051604386419057846
			vertex -0.05737277865409851 0.031599998474121094 0.051604386419057846
		endloop
	endfacet
	facet normal 0 1 0
		outer loop
			vertex 0.059114281088113785 0.031599998474121094 0.05192990601062775
			vertex -0.05911416560411453 0.031599998474121094 0.05192990601062775
			vertex -0.07549960911273956 0.031599998474121094 0.05520320311188698
		endloop
	endfacet
	facet normal 0 1 0
		outer loop
			vertex 0.050400055944919586 0.031599998474121094 0.042370859533548355
			vertex -0.028590921312570572 0.031599998474121094 0.042370859533548355
			vertex 0.0505635142326355 0.031599998474121094 0.04413485527038574
		endloop
	endfacet
	facet normal 0 1 0
		outer loop
			vertex 0.0505635142326355 0.031599998474121094 0.04060686379671097
			vertex -0.028626926243305206 0.031599998474121094 0.04207434132695198
			vertex -0.028590921312570572 0.031599998474121094 0.042370859533548355
		endloop
	endfacet
	facet normal 0 1 0
		outer loop
			vertex 0.0505635142326355 0.031599998474121094 0.04060686379671097
			vertex -0.028590921312570572 0.031599998474121094 0.042370859533548355
			vertex 0.050400055944919586 0.031599998474121094 0.042370859533548355
		endloop
	endfacet
	facet normal 0 1 0
		outer loop
			vertex 0.05104832351207733 0.031599998474121094 0.03890293836593628
			vertex -0.028732843697071075 0.031599998474121094 0.04179505631327629
			vertex -0.028626926243305206 0.031599998474121094 0.04207434132695198
		endloop
	endfacet
	facet normal 0 1 0
		outer loop
			vertex 0.05104832351207733 0.031599998474121094 0.03890293836593628
			vertex -0.028626926243305206 0.031599998474121094 0.04207434132695198
			vertex 0.0505635142326355 0.031599998474121094 0.04060686379671097
		endloop
	endfacet
	facet normal 0 1 0
		outer loop
			vertex 0.0518379732966423 0.031599998474121094 0.03731711208820343
			vertex -0.02890252321958542 0.031599998474121094 0.041549235582351685
			vertex -0.028732843697071075 0.031599998474121094 0.04179505631327629
		endloop
	endfacet
	facet normal 0 1 0
		outer loop
			vertex 0.0518379732966423 0.031599998474121094 0.03731711208820343
			vertex -0.028732843697071075 0.031599998474121094 0.04179505631327629
			vertex 0.05104832351207733 0.031599998474121094 0.03890293836593628
		endloop
	endfacet
	facet normal 0 1 0
		outer loop
			vertex 0.05290557071566582 0.031599998474121094 0.035903383046388626
			vertex -0.02890252321958542 0.031599998474121094 0.041549235582351685
			vertex 0.0518379732966423 0.031599998474121094 0.03731711208820343
		endloop
	endfacet
	facet normal 0 1 0
		outer loop
			vertex 0.05290557071566582 0.031599998474121094 0.035903383046388626
			vertex -0.02912609837949276 0.031599998474121094 0.04135116562247276
			vertex -0.02890252321958542 0.031599998474121094 0.041549235582351685
		endloop
	endfacet
	facet normal 0 1 0
		outer loop
			vertex 0.05421476438641548 0.031599998474121094 0.03470989316701889
			vertex -0.02939058095216751 0.031599998474121094 0.041212353855371475
			vertex -0.02912609837949276 0.031599998474121094 0.04135116562247276
		endloop
	endfacet
	facet normal 0 1 0
		outer loop
			vertex 0.05421476438641548 0.031599998474121094 0.03470989316701889
			vertex -0.02912609837949276 0.031599998474121094 0.04135116562247276
			vertex 0.05290557071566582 0.031599998474121094 0.035903383046388626
		endloop
	endfacet
	facet normal 0 1 0
		outer loop
			vertex 0.07550005614757538 0.031599998474121094 0.05520320311188698
			vertex 0.059114281088113785 0.031599998474121094 0.05192990601062775
			vertex -0.07549960911273956 0.031599998474121094 0.05520320311188698
		endloop
	endfacet
	facet normal 0 1 0
		outer loop
			vertex 0.07550005614757538 0.031599998474121094 0.05520320311188698
			vertex 0.06709454208612442 0.031599998474121094 0.04883833974599838
			vertex 0.06578534841537476 0.031599998474121094 0.05003182590007782
		endloop
	endfacet
	facet normal 0 1 0
		outer loop
			vertex 0.07550005614757538 0.031599998474121094 0.05520320311188698
			vertex 0.06578534841537476 0.031599998474121094 0.05003182590007782
			vertex 0.06427914649248123 0.031599998474121094 0.05096442624926567
		endloop
	endfacet
	facet normal 0 1 0
		outer loop
			vertex 0.07550005614757538 0.031599998474121094 0.05520320311188698
			vertex 0.06427914649248123 0.031599998474121094 0.05096442624926567
			vertex 0.06262721866369247 0.031599998474121094 0.051604386419057846
		endloop
	endfacet
	facet normal 0 1 0
		outer loop
			vertex 0.07550005614757538 0.031599998474121094 0.05520320311188698
			vertex 0.06262721866369247 0.031599998474121094 0.051604386419057846
			vertex 0.06088583171367645 0.031599998474121094 0.05192990601062775
		endloop
	endfacet
	facet normal 0 1 0
		outer loop
			vertex 0.07550005614757538 0.031599998474121094 0.05520320311188698
			vertex 0.06088583171367645 0.031599998474121094 0.05192990601062775
			vertex 0.059114281088113785 0.031599998474121094 0.05192990601062775
		endloop
	endfacet
	facet normal 0 1 0
		outer loop
			vertex 0.06816214323043823 0.031599998474121094 0.04742460697889328
			vertex 0.06709454208612442 0.031599998474121094 0.04883833974599838
			vertex 0.07550005614757538 0.031599998474121094 0.05520320311188698
		endloop
	endfacet
	facet normal 0 1 0
		outer loop
			vertex 0.055720970034599304 0.031599998474121094 0.03377729281783104
			vertex -0.02939058095216751 0.031599998474121094 0.041212353855371475
			vertex 0.05421476438641548 0.031599998474121094 0.03470989316701889
		endloop
	endfacet
	facet normal 0 1 0
		outer loop
			vertex 0.0689517930150032 0.031599998474121094 0.04583878070116043
			vertex 0.06816214323043823 0.031599998474121094 0.04742460697889328
			vertex 0.07550005614757538 0.031599998474121094 0.05520320311188698
		endloop
	endfacet
	facet normal 0 1 0
		outer loop
			vertex 0.0689517930150032 0.031599998474121094 0.04583878070116043
			vertex 0.07640734314918518 0.031599998474121094 0.05514839291572571
			vertex 0.07731826603412628 0.031599998474121094 0.05498174577951431
		endloop
	endfacet
	facet normal 0 1 0
		outer loop
			vertex 0.0689517930150032 0.031599998474121094 0.04583878070116043
			vertex 0.07550005614757538 0.031599998474121094 0.05520320311188698
			vertex 0.07640734314918518 0.031599998474121094 0.05514839291572571
		endloop
	endfacet
	facet normal 0 1 0
		outer loop
			vertex 0.07871763408184052 0.031599998474121094 0.054496172815561295
			vertex 0.0689517930150032 0.031599998474121094 0.04583878070116043
			vertex 0.07731826603412628 0.031599998474121094 0.05498174577951431
		endloop
	endfacet
	facet normal 0 1 0
		outer loop
			vertex 0.08007920533418655 0.031599998474121094 0.05372454971075058
			vertex 0.0689517930150032 0.031599998474121094 0.04583878070116043
			vertex 0.07871763408184052 0.031599998474121094 0.054496172815561295
		endloop
	endfacet
	facet normal 0 1 0
		outer loop
			vertex 0.08136608451604843 0.031599998474121094 0.05266634002327919
			vertex 0.0689517930150032 0.031599998474121094 0.04583878070116043
			vertex 0.08007920533418655 0.031599998474121094 0.05372454971075058
		endloop
	endfacet
	facet normal 0 1 0
		outer loop
			vertex 0.08253143727779388 0.031599998474121094 0.05133828893303871
			vertex 0.0689517930150032 0.031599998474121094 0.04583878070116043
			vertex 0.08136608451604843 0.031599998474121094 0.05266634002327919
		endloop
	endfacet
	facet normal 0 1 0
		outer loop
			vertex 0.08253143727779388 0.031599998474121094 0.05133828893303871
			vertex 0.06943659484386444 0.031599998474121094 0.04413485527038574
			vertex 0.0689517930150032 0.031599998474121094 0.04583878070116043
		endloop
	endfacet
	facet normal 0 1 0
		outer loop
			vertex 0.08354196697473526 0.031599998474121094 0.04975160211324692
			vertex 0.06943659484386444 0.031599998474121094 0.04413485527038574
			vertex 0.08253143727779388 0.031599998474121094 0.05133828893303871
		endloop
	endfacet
	facet normal 0 1 0
		outer loop
			vertex 0.08435327559709549 0.031599998474121094 0.047951195389032364
			vertex 0.06943659484386444 0.031599998474121094 0.04413485527038574
			vertex 0.08354196697473526 0.031599998474121094 0.04975160211324692
		endloop
	endfacet
	facet normal 0 1 0
		outer loop
			vertex 0.08493441343307495 0.031599998474121094 0.04598215967416763
			vertex 0.06960005313158035 0.031599998474121094 0.042370859533548355
			vertex 0.06943659484386444 0.031599998474121094 0.04413485527038574
		endloop
	endfacet
	facet normal 0 1 0
		outer loop
			vertex 0.08493441343307495 0.031599998474121094 0.04598215967416763
			vertex 0.06943659484386444 0.031599998474121094 0.04413485527038574
			vertex 0.08435327559709549 0.031599998474121094 0.047951195389032364
		endloop
	endfacet
	facet normal 0 1 0
		outer loop
			vertex 0.0852610170841217 0.031599998474121094 0.04391077533364296
			vertex 0.06960005313158035 0.031599998474121094 0.042370859533548355
			vertex 0.08493441343307495 0.031599998474121094 0.04598215967416763
		endloop
	endfacet
	facet normal 0 1 0
		outer loop
			vertex 0.08532287925481796 0.031599998474121094 0.04180828854441643
			vertex 0.06960005313158035 0.031599998474121094 0.042370859533548355
			vertex 0.0852610170841217 0.031599998474121094 0.04391077533364296
		endloop
	endfacet
	facet normal 0 1 0
		outer loop
			vertex 0.08508383482694626 0.031599998474121094 0.039506956934928894
			vertex 0.06943659484386444 0.031599998474121094 0.04060686379671097
			vertex 0.06960005313158035 0.031599998474121094 0.042370859533548355
		endloop
	endfacet
	facet normal 0 1 0
		outer loop
			vertex 0.08508383482694626 0.031599998474121094 0.039506956934928894
			vertex 0.06960005313158035 0.031599998474121094 0.042370859533548355
			vertex 0.08532287925481796 0.031599998474121094 0.04180828854441643
		endloop
	endfacet
	facet normal 0 1 0
		outer loop
			vertex 0.07550005614757538 0.031599998474121094 0.029538515955209732
			vertex 0.059114281088113785 0.031599998474121094 0.032811813056468964
			vertex 0.06088583171367645 0.031599998474121094 0.032811813056468964
		endloop
	endfacet
	facet normal 0 1 0
		outer loop
			vertex 0.07550005614757538 0.031599998474121094 0.029538515955209732
			vertex 0.06088583171367645 0.031599998474121094 0.032811813056468964
			vertex 0.06262721866369247 0.031599998474121094 0.033137332648038864
		endloop
	endfacet
	facet normal 0 1 0
		outer loop
			vertex 0.07550005614757538 0.031599998474121094 0.029538515955209732
			vertex 0.06262721866369247 0.031599998474121094 0.033137332648038864
			vertex 0.06427914649248123 0.031599998474121094 0.03377729281783104
		endloop
	endfacet
	facet normal 0 1 0
		outer loop
			vertex 0.07550005614757538 0.031599998474121094 0.029538515955209732
			vertex 0.06427914649248123 0.031599998474121094 0.03377729281783104
			vertex 0.06578534841537476 0.031599998474121094 0.03470989316701889
		endloop
	endfacet
	facet normal 0 1 0
		outer loop
			vertex 0.07550005614757538 0.031599998474121094 0.029538515955209732
			vertex 0.06578534841537476 0.031599998474121094 0.03470989316701889
			vertex 0.06709454208612442 0.031599998474121094 0.035903383046388626
		endloop
	endfacet
	facet normal 0 1 0
		outer loop
			vertex 0.07550005614757538 0.031599998474121094 0.029538515955209732
			vertex 0.06709454208612442 0.031599998474121094 0.035903383046388626
			vertex 0.06816214323043823 0.031599998474121094 0.03731711208820343
		endloop
	endfacet
	facet normal 0 1 0
		outer loop
			vertex 0.07550005614757538 0.031599998474121094 0.029538515955209732
			vertex 0.06816214323043823 0.031599998474121094 0.03731711208820343
			vertex 0.0689517930150032 0.031599998474121094 0.03890293836593628
		endloop
	endfacet
	facet normal 0 1 0
		outer loop
			vertex 0.07662049680948257 0.031599998474121094 0.029622189700603485
			vertex 0.07550005614757538 0.031599998474121094 0.029538515955209732
			vertex 0.0689517930150032 0.031599998474121094 0.03890293836593628
		endloop
	endfacet
	facet normal 0 1 0
		outer loop
			vertex 0.08454430848360062 0.031599998474121094 0.037339016795158386
			vertex 0.06943659484386444 0.031599998474121094 0.04060686379671097
			vertex 0.08508383482694626 0.031599998474121094 0.039506956934928894
		endloop
	endfacet
	facet normal 0 1 0
		outer loop
			vertex 0.07773163169622421 0.031599998474121094 0.02987360581755638
			vertex 0.07662049680948257 0.031599998474121094 0.029622189700603485
			vertex 0.0689517930150032 0.031599998474121094 0.03890293836593628
		endloop
	endfacet
	facet normal 0 1 0
		outer loop
			vertex 0.08373552560806274 0.031599998474121094 0.03536301851272583
			vertex 0.06943659484386444 0.031599998474121094 0.04060686379671097
			vertex 0.08454430848360062 0.031599998474121094 0.037339016795158386
		endloop
	endfacet
	facet normal 0 1 0
		outer loop
			vertex 0.07880286127328873 0.031599998474121094 0.03028479404747486
			vertex 0.07773163169622421 0.031599998474121094 0.02987360581755638
			vertex 0.0689517930150032 0.031599998474121094 0.03890293836593628
		endloop
	endfacet
	facet normal 0 1 0
		outer loop
			vertex 0.08270343393087387 0.031599998474121094 0.033638957887887955
			vertex 0.06943659484386444 0.031599998474121094 0.04060686379671097
			vertex 0.08373552560806274 0.031599998474121094 0.03536301851272583
		endloop
	endfacet
	facet normal 0 1 0
		outer loop
			vertex 0.08013442903757095 0.031599998474121094 0.031056124716997147
			vertex 0.07880286127328873 0.031599998474121094 0.03028479404747486
			vertex 0.0689517930150032 0.031599998474121094 0.03890293836593628
		endloop
	endfacet
	facet normal 0 1 0
		outer loop
			vertex 0.08148801326751709 0.031599998474121094 0.03219643980264664
			vertex 0.06943659484386444 0.031599998474121094 0.04060686379671097
			vertex 0.08270343393087387 0.031599998474121094 0.033638957887887955
		endloop
	endfacet
	facet normal 0 1 0
		outer loop
			vertex 0.08148801326751709 0.031599998474121094 0.03219643980264664
			vertex 0.08013442903757095 0.031599998474121094 0.031056124716997147
			vertex 0.0689517930150032 0.031599998474121094 0.03890293836593628
		endloop
	endfacet
	facet normal 0 1 0
		outer loop
			vertex 0.08148801326751709 0.031599998474121094 0.03219643980264664
			vertex 0.0689517930150032 0.031599998474121094 0.03890293836593628
			vertex 0.06943659484386444 0.031599998474121094 0.04060686379671097
		endloop
	endfacet
	facet normal 0 1 0
		outer loop
			vertex 0.07550005614757538 0.031599998474121094 0.029538515955209732
			vertex -0.07549994438886642 0.031599998474121094 0.029538515955209732
			vertex -0.05911416560411453 0.031599998474121094 0.032811813056468964
		endloop
	endfacet
	facet normal 0 1 0
		outer loop
			vertex 0.07550005614757538 0.031599998474121094 0.029538515955209732
			vertex -0.05911416560411453 0.031599998474121094 0.032811813056468964
			vertex -0.05737277865409851 0.031599998474121094 0.033137332648038864
		endloop
	endfacet
	facet normal 0 1 0
		outer loop
			vertex 0.07550005614757538 0.031599998474121094 0.029538515955209732
			vertex -0.05737277865409851 0.031599998474121094 0.033137332648038864
			vertex -0.05572085455060005 0.031599998474121094 0.03377729281783104
		endloop
	endfacet
	facet normal 0 1 0
		outer loop
			vertex 0.07550005614757538 0.031599998474121094 0.029538515955209732
			vertex -0.05572085455060005 0.031599998474121094 0.03377729281783104
			vertex 0.059114281088113785 0.031599998474121094 0.032811813056468964
		endloop
	endfacet
	facet normal 0 1 0
		outer loop
			vertex 0.059114281088113785 0.031599998474121094 0.032811813056468964
			vertex -0.05572085455060005 0.031599998474121094 0.03377729281783104
			vertex 0.057372890412807465 0.031599998474121094 0.033137332648038864
		endloop
	endfacet
	facet normal 0 1 0
		outer loop
			vertex 0.057372890412807465 0.031599998474121094 0.033137332648038864
			vertex -0.05572085455060005 0.031599998474121094 0.03377729281783104
			vertex 0.055720970034599304 0.031599998474121094 0.03377729281783104
		endloop
	endfacet
	facet normal 0 1 0
		outer loop
			vertex 0.055720970034599304 0.031599998474121094 0.03377729281783104
			vertex -0.05572085455060005 0.031599998474121094 0.03377729281783104
			vertex -0.02968059666454792 0.031599998474121094 0.04114087298512459
		endloop
	endfacet
	facet normal 0 1 0
		outer loop
			vertex 0.055720970034599304 0.031599998474121094 0.03377729281783104
			vertex -0.02968059666454792 0.031599998474121094 0.04114087298512459
			vertex -0.02939058095216751 0.031599998474121094 0.041212353855371475
		endloop
	endfacet
	facet normal 0 -1 0
		outer loop
			vertex -0.08257071673870087 0.03060699999332428 0.05290890857577324
			vertex -0.08190923184156418 0.03060699999332428 0.053617577999830246
			vertex -0.08263885229825974 0.03060699999332428 0.05288036912679672
		endloop
	endfacet
	facet normal 0 -1 0
		outer loop
			vertex -0.08180736750364304 0.03060699999332428 0.05366908758878708
			vertex -0.08190923184156418 0.03060699999332428 0.053617577999830246
			vertex -0.08257071673870087 0.03060699999332428 0.05290890857577324
		endloop
	endfacet
	facet normal 0 -1 0
		outer loop
			vertex -0.08113638311624527 0.03060699999332428 0.054270703345537186
			vertex -0.08190923184156418 0.03060699999332428 0.053617577999830246
			vertex -0.08180736750364304 0.03060699999332428 0.05366908758878708
		endloop
	endfacet
	facet normal 0 -1 0
		outer loop
			vertex -0.08100218325853348 0.03060699999332428 0.05433402210474014
			vertex -0.08113638311624527 0.03060699999332428 0.054270703345537186
			vertex -0.08180736750364304 0.03060699999332428 0.05366908758878708
		endloop
	endfacet
	facet normal 0 -1 0
		outer loop
			vertex -0.08330729603767395 0.03060699999332428 0.05202581733465195
			vertex -0.08257071673870087 0.03060699999332428 0.05290890857577324
			vertex -0.08263885229825974 0.03060699999332428 0.05288036912679672
		endloop
	endfacet
	facet normal 0 -1 0
		outer loop
			vertex -0.08330729603767395 0.03060699999332428 0.05202581733465195
			vertex -0.08263885229825974 0.03060699999332428 0.05288036912679672
			vertex -0.08332111686468124 0.03060699999332428 0.05205961689352989
		endloop
	endfacet
	facet normal 0 -1 0
		outer loop
			vertex -0.08033338934183121 0.03060699999332428 0.054831672459840775
			vertex -0.08113638311624527 0.03060699999332428 0.054270703345537186
			vertex -0.08100218325853348 0.03060699999332428 0.05433402210474014
		endloop
	endfacet
	facet normal 0 -1 0
		outer loop
			vertex -0.0839524194598198 0.03060699999332428 0.05115450546145439
			vertex -0.08330729603767395 0.03060699999332428 0.05202581733465195
			vertex -0.08332111686468124 0.03060699999332428 0.05205961689352989
		endloop
	endfacet
	facet normal 0 -1 0
		outer loop
			vertex -0.0801587924361229 0.03060699999332428 0.05490318685770035
			vertex -0.08033338934183121 0.03060699999332428 0.054831672459840775
			vertex -0.08100218325853348 0.03060699999332428 0.05433402210474014
		endloop
	endfacet
	facet normal 0 -1 0
		outer loop
			vertex -0.08398377150297165 0.03060699999332428 0.05104624852538109
			vertex -0.08330729603767395 0.03060699999332428 0.05202581733465195
			vertex -0.0839524194598198 0.03060699999332428 0.05115450546145439
		endloop
	endfacet
	facet normal 0 -1 0
		outer loop
			vertex -0.07950832694768906 0.03060699999332428 0.05529844015836716
			vertex -0.08033338934183121 0.03060699999332428 0.054831672459840775
			vertex -0.0801587924361229 0.03060699999332428 0.05490318685770035
		endloop
	endfacet
	facet normal 0 -1 0
		outer loop
			vertex -0.08452490717172623 0.03060699999332428 0.05017147958278656
			vertex -0.08398377150297165 0.03060699999332428 0.05104624852538109
			vertex -0.0839524194598198 0.03060699999332428 0.05115450546145439
		endloop
	endfacet
	facet normal 0 -1 0
		outer loop
			vertex -0.07928355038166046 0.03060699999332428 0.05537330359220505
			vertex -0.07950832694768906 0.03060699999332428 0.05529844015836716
			vertex -0.0801587924361229 0.03060699999332428 0.05490318685770035
		endloop
	endfacet
	facet normal 0 -1 0
		outer loop
			vertex -0.08459198474884033 0.03060699999332428 0.04997548460960388
			vertex -0.08398377150297165 0.03060699999332428 0.05104624852538109
			vertex -0.08452490717172623 0.03060699999332428 0.05017147958278656
		endloop
	endfacet
	facet normal 0 -1 0
		outer loop
			vertex -0.07866837829351425 0.03060699999332428 0.05567088723182678
			vertex -0.07950832694768906 0.03060699999332428 0.05529844015836716
			vertex -0.07928355038166046 0.03060699999332428 0.05537330359220505
		endloop
	endfacet
	facet normal 0 -1 0
		outer loop
			vertex -0.08503112196922302 0.03060699999332428 0.0491190142929554
			vertex -0.08459198474884033 0.03060699999332428 0.04997548460960388
			vertex -0.08452490717172623 0.03060699999332428 0.05017147958278656
		endloop
	endfacet
	facet normal 0 -1 0
		outer loop
			vertex -0.07835842669010162 0.03060699999332428 0.05575093626976013
			vertex -0.07866837829351425 0.03060699999332428 0.05567088723182678
			vertex -0.07928355038166046 0.03060699999332428 0.05537330359220505
		endloop
	endfacet
	facet normal 0 -1 0
		outer loop
			vertex -0.08512268960475922 0.03060699999332428 0.04882243275642395
			vertex -0.08459198474884033 0.03060699999332428 0.04997548460960388
			vertex -0.08503112196922302 0.03060699999332428 0.0491190142929554
		endloop
	endfacet
	facet normal 0 -1 0
		outer loop
			vertex -0.07781020551919937 0.03060699999332428 0.05595400184392929
			vertex -0.07866837829351425 0.03060699999332428 0.05567088723182678
			vertex -0.07835842669010162 0.03060699999332428 0.05575093626976013
		endloop
	endfacet
	facet normal 0 -1 0
		outer loop
			vertex -0.08541056513786316 0.03060699999332428 0.0481596365571022
			vertex -0.08512268960475922 0.03060699999332428 0.04882243275642395
			vertex -0.08503112196922302 0.03060699999332428 0.0491190142929554
		endloop
	endfacet
	facet normal 0 -1 0
		outer loop
			vertex -0.07741472870111465 0.03060699999332428 0.056020963937044144
			vertex -0.07781020551919937 0.03060699999332428 0.05595400184392929
			vertex -0.07835842669010162 0.03060699999332428 0.05575093626976013
		endloop
	endfacet
	facet normal 0 -1 0
		outer loop
			vertex -0.08556722104549408 0.03060699999332428 0.047597676515579224
			vertex -0.08512268960475922 0.03060699999332428 0.04882243275642395
			vertex -0.08541056513786316 0.03060699999332428 0.0481596365571022
		endloop
	endfacet
	facet normal 0 -1 0
		outer loop
			vertex -0.07694073021411896 0.03060699999332428 0.05614684894680977
			vertex -0.07781020551919937 0.03060699999332428 0.05595400184392929
			vertex -0.07741472870111465 0.03060699999332428 0.056020963937044144
		endloop
	endfacet
	facet normal 0 -1 0
		outer loop
			vertex -0.08577629923820496 0.03060699999332428 0.04700363054871559
			vertex -0.08556722104549408 0.03060699999332428 0.047597676515579224
			vertex -0.08541056513786316 0.03060699999332428 0.0481596365571022
		endloop
	endfacet
	facet normal 0 -1 0
		outer loop
			vertex -0.0764627754688263 0.03060699999332428 0.05618266388773918
			vertex -0.07694073021411896 0.03060699999332428 0.05614684894680977
			vertex -0.07741472870111465 0.03060699999332428 0.056020963937044144
		endloop
	endfacet
	facet normal 0 -1 0
		outer loop
			vertex -0.07622312009334564 0.03060699999332428 0.05623772367835045
			vertex -0.07694073021411896 0.03060699999332428 0.05614684894680977
			vertex -0.0764627754688263 0.03060699999332428 0.05618266388773918
		endloop
	endfacet
	facet normal 0 -1 0
		outer loop
			vertex -0.08591995388269424 0.03060699999332428 0.04630795121192932
			vertex -0.08556722104549408 0.03060699999332428 0.047597676515579224
			vertex -0.08577629923820496 0.03060699999332428 0.04700363054871559
		endloop
	endfacet
	facet normal 0 -1 0
		outer loop
			vertex -0.08606088161468506 0.03060699999332428 0.04580245912075043
			vertex -0.08591995388269424 0.03060699999332428 0.04630795121192932
			vertex -0.08577629923820496 0.03060699999332428 0.04700363054871559
		endloop
	endfacet
	facet normal 0 -1 0
		outer loop
			vertex -0.07549991458654404 0.03060699999332428 0.05623703449964523
			vertex -0.07622312009334564 0.03060699999332428 0.05623772367835045
			vertex -0.0764627754688263 0.03060699999332428 0.05618266388773918
		endloop
	endfacet
	facet normal 0 -1 0
		outer loop
			vertex -0.07549991458654404 0.03060699999332428 0.05623703449964523
			vertex -0.07549994438886642 0.03060699999332428 0.056268204003572464
			vertex -0.07622312009334564 0.03060699999332428 0.05623772367835045
		endloop
	endfacet
	facet normal 0 -1 0
		outer loop
			vertex -0.08612195402383804 0.03060699999332428 0.045295350253582
			vertex -0.08591995388269424 0.03060699999332428 0.04630795121192932
			vertex -0.08606088161468506 0.03060699999332428 0.04580245912075043
		endloop
	endfacet
	facet normal 0 -1 0
		outer loop
			vertex -0.08624636381864548 0.03060699999332428 0.044677309691905975
			vertex -0.08612195402383804 0.03060699999332428 0.045295350253582
			vertex -0.08606088161468506 0.03060699999332428 0.04580245912075043
		endloop
	endfacet
	facet normal 0 -1 0
		outer loop
			vertex -0.08629735559225082 0.03060699999332428 0.04392782598733902
			vertex -0.08612195402383804 0.03060699999332428 0.045295350253582
			vertex -0.08624636381864548 0.03060699999332428 0.044677309691905975
		endloop
	endfacet
	facet normal 0 -1 0
		outer loop
			vertex -0.08636562526226044 0.03060699999332428 0.04342816770076752
			vertex -0.08629735559225082 0.03060699999332428 0.04392782598733902
			vertex -0.08624636381864548 0.03060699999332428 0.044677309691905975
		endloop
	endfacet
	facet normal 0 -1 0
		outer loop
			vertex -0.08635983616113663 0.03060699999332428 0.042845986783504486
			vertex -0.08629735559225082 0.03060699999332428 0.04392782598733902
			vertex -0.08636562526226044 0.03060699999332428 0.04342816770076752
		endloop
	endfacet
	facet normal 0 -1 0
		outer loop
			vertex -0.08639710396528244 0.03060699999332428 0.042287833988666534
			vertex -0.08635983616113663 0.03060699999332428 0.042845986783504486
			vertex -0.08636562526226044 0.03060699999332428 0.04342816770076752
		endloop
	endfacet
	facet normal 0 -1 0
		outer loop
			vertex -0.08635585755109787 0.03060699999332428 0.04176466166973114
			vertex -0.08635983616113663 0.03060699999332428 0.042845986783504486
			vertex -0.08639710396528244 0.03060699999332428 0.042287833988666534
		endloop
	endfacet
	facet normal 0 -1 0
		outer loop
			vertex -0.08633604645729065 0.03060699999332428 0.04089896008372307
			vertex -0.08635585755109787 0.03060699999332428 0.04176466166973114
			vertex -0.08639710396528244 0.03060699999332428 0.042287833988666534
		endloop
	endfacet
	facet normal 0 -1 0
		outer loop
			vertex -0.08626847714185715 0.03060699999332428 0.04051508381962776
			vertex -0.08635585755109787 0.03060699999332428 0.04176466166973114
			vertex -0.08633604645729065 0.03060699999332428 0.04089896008372307
		endloop
	endfacet
	facet normal 0 -1 0
		outer loop
			vertex -0.08616737276315689 0.03060699999332428 0.03952792286872864
			vertex -0.08626847714185715 0.03060699999332428 0.04051508381962776
			vertex -0.08633604645729065 0.03060699999332428 0.04089896008372307
		endloop
	endfacet
	facet normal 0 -1 0
		outer loop
			vertex -0.08609297126531601 0.03060699999332428 0.03927821293473244
			vertex -0.08626847714185715 0.03060699999332428 0.04051508381962776
			vertex -0.08616737276315689 0.03060699999332428 0.03952792286872864
		endloop
	endfacet
	facet normal 0 -1 0
		outer loop
			vertex -0.08589590340852737 0.03060699999332428 0.03819684684276581
			vertex -0.08609297126531601 0.03060699999332428 0.03927821293473244
			vertex -0.08616737276315689 0.03060699999332428 0.03952792286872864
		endloop
	endfacet
	facet normal 0 -1 0
		outer loop
			vertex -0.08583158999681473 0.03060699999332428 0.03806895762681961
			vertex -0.08609297126531601 0.03060699999332428 0.03927821293473244
			vertex -0.08589590340852737 0.03060699999332428 0.03819684684276581
		endloop
	endfacet
	facet normal 0 -1 0
		outer loop
			vertex -0.08552717417478561 0.03060699999332428 0.03691921755671501
			vertex -0.08583158999681473 0.03060699999332428 0.03806895762681961
			vertex -0.08589590340852737 0.03060699999332428 0.03819684684276581
		endloop
	endfacet
	facet normal 0 -1 0
		outer loop
			vertex -0.08548801392316818 0.03060699999332428 0.03690080717206001
			vertex -0.08583158999681473 0.03060699999332428 0.03806895762681961
			vertex -0.08552717417478561 0.03060699999332428 0.03691921755671501
		endloop
	endfacet
	facet normal 0 -1 0
		outer loop
			vertex -0.0850670263171196 0.03060699999332428 0.035785283893346786
			vertex -0.08548801392316818 0.03060699999332428 0.03690080717206001
			vertex -0.08552717417478561 0.03060699999332428 0.03691921755671501
		endloop
	endfacet
	facet normal 0 -1 0
		outer loop
			vertex -0.08506672829389572 0.03060699999332428 0.03570488467812538
			vertex -0.0850670263171196 0.03060699999332428 0.035785283893346786
			vertex -0.08552717417478561 0.03060699999332428 0.03691921755671501
		endloop
	endfacet
	facet normal 0 -1 0
		outer loop
			vertex -0.08457300812005997 0.03060699999332428 0.034729138016700745
			vertex -0.0850670263171196 0.03060699999332428 0.035785283893346786
			vertex -0.08506672829389572 0.03060699999332428 0.03570488467812538
		endloop
	endfacet
	facet normal 0 -1 0
		outer loop
			vertex -0.08452215790748596 0.03060699999332428 0.03456491976976395
			vertex -0.08457300812005997 0.03060699999332428 0.034729138016700745
			vertex -0.08506672829389572 0.03060699999332428 0.03570488467812538
		endloop
	endfacet
	facet normal 0 -1 0
		outer loop
			vertex -0.08401180803775787 0.03060699999332428 0.03374015912413597
			vertex -0.08457300812005997 0.03060699999332428 0.034729138016700745
			vertex -0.08452215790748596 0.03060699999332428 0.03456491976976395
		endloop
	endfacet
	facet normal 0 -1 0
		outer loop
			vertex -0.08390285074710846 0.03060699999332428 0.03351014107465744
			vertex -0.08401180803775787 0.03060699999332428 0.03374015912413597
			vertex -0.08452215790748596 0.03060699999332428 0.03456491976976395
		endloop
	endfacet
	facet normal 0 -1 0
		outer loop
			vertex -0.08339069038629532 0.03060699999332428 0.0328267477452755
			vertex -0.08401180803775787 0.03060699999332428 0.03374015912413597
			vertex -0.08390285074710846 0.03060699999332428 0.03351014107465744
		endloop
	endfacet
	facet normal 0 -1 0
		outer loop
			vertex -0.08321759849786758 0.03060699999332428 0.03254803270101547
			vertex -0.08339069038629532 0.03060699999332428 0.0328267477452755
			vertex -0.08390285074710846 0.03060699999332428 0.03351014107465744
		endloop
	endfacet
	facet normal 0 -1 0
		outer loop
			vertex -0.08271654695272446 0.03060699999332428 0.03199450299143791
			vertex -0.08339069038629532 0.03060699999332428 0.0328267477452755
			vertex -0.08321759849786758 0.03060699999332428 0.03254803270101547
		endloop
	endfacet
	facet normal 0 -1 0
		outer loop
			vertex -0.0824708566069603 0.03060699999332428 0.03167927265167236
			vertex -0.08271654695272446 0.03060699999332428 0.03199450299143791
			vertex -0.08321759849786758 0.03060699999332428 0.03254803270101547
		endloop
	endfacet
	facet normal 0 -1 0
		outer loop
			vertex -0.08199571818113327 0.03060699999332428 0.03124687448143959
			vertex -0.08271654695272446 0.03060699999332428 0.03199450299143791
			vertex -0.0824708566069603 0.03060699999332428 0.03167927265167236
		endloop
	endfacet
	facet normal 0 -1 0
		outer loop
			vertex -0.08167188614606857 0.03060699999332428 0.030909575521945953
			vertex -0.08199571818113327 0.03060699999332428 0.03124687448143959
			vertex -0.0824708566069603 0.03060699999332428 0.03167927265167236
		endloop
	endfacet
	facet normal 0 -1 0
		outer loop
			vertex -0.08123490959405899 0.03060699999332428 0.03058645687997341
			vertex -0.08199571818113327 0.03060699999332428 0.03124687448143959
			vertex -0.08167188614606857 0.03060699999332428 0.030909575521945953
		endloop
	endfacet
	facet normal 0 -1 0
		outer loop
			vertex -0.08082989603281021 0.03060699999332428 0.030242931097745895
			vertex -0.08123490959405899 0.03060699999332428 0.03058645687997341
			vertex -0.08167188614606857 0.03060699999332428 0.030909575521945953
		endloop
	endfacet
	facet normal 0 -1 0
		outer loop
			vertex -0.08058910071849823 0.03060699999332428 0.03011365979909897
			vertex -0.08123490959405899 0.03060699999332428 0.03058645687997341
			vertex -0.08082989603281021 0.03060699999332428 0.030242931097745895
		endloop
	endfacet
	facet normal 0 -1 0
		outer loop
			vertex -0.08011172711849213 0.03060699999332428 0.029774034395813942
			vertex -0.08058910071849823 0.03060699999332428 0.03011365979909897
			vertex -0.08082989603281021 0.03060699999332428 0.030242931097745895
		endloop
	endfacet
	facet normal 0 -1 0
		outer loop
			vertex -0.07991153001785278 0.03060699999332428 0.029693936929106712
			vertex -0.08058910071849823 0.03060699999332428 0.03011365979909897
			vertex -0.08011172711849213 0.03060699999332428 0.029774034395813942
		endloop
	endfacet
	facet normal 0 -1 0
		outer loop
			vertex -0.07921086996793747 0.03060699999332428 0.029300061985850334
			vertex -0.07991153001785278 0.03060699999332428 0.029693936929106712
			vertex -0.08011172711849213 0.03060699999332428 0.029774034395813942
		endloop
	endfacet
	facet normal 0 -1 0
		outer loop
			vertex -0.07907881587743759 0.03060699999332428 0.029274726286530495
			vertex -0.07991153001785278 0.03060699999332428 0.029693936929106712
			vertex -0.07921086996793747 0.03060699999332428 0.029300061985850334
		endloop
	endfacet
	facet normal 0 -1 0
		outer loop
			vertex -0.07828660309314728 0.03060699999332428 0.028933091089129448
			vertex -0.07907881587743759 0.03060699999332428 0.029274726286530495
			vertex -0.07921086996793747 0.03060699999332428 0.029300061985850334
		endloop
	endfacet
	facet normal 0 -1 0
		outer loop
			vertex -0.07823113352060318 0.03060699999332428 0.02894776128232479
			vertex -0.07907881587743759 0.03060699999332428 0.029274726286530495
			vertex -0.07828660309314728 0.03060699999332428 0.028933091089129448
		endloop
	endfacet
	facet normal 0 -1 0
		outer loop
			vertex -0.07733983546495438 0.03060699999332428 0.028671953827142715
			vertex -0.07736837863922119 0.03060699999332428 0.02871035411953926
			vertex -0.07823113352060318 0.03060699999332428 0.02894776128232479
		endloop
	endfacet
	facet normal 0 -1 0
		outer loop
			vertex -0.07733983546495438 0.03060699999332428 0.028671953827142715
			vertex -0.07823113352060318 0.03060699999332428 0.02894776128232479
			vertex -0.07828660309314728 0.03060699999332428 0.028933091089129448
		endloop
	endfacet
	facet normal 0 -1 0
		outer loop
			vertex -0.07650011777877808 0.03060699999332428 0.028563354164361954
			vertex -0.07736837863922119 0.03060699999332428 0.02871035411953926
			vertex -0.07733983546495438 0.03060699999332428 0.028671953827142715
		endloop
	endfacet
	facet normal 0 -1 0
		outer loop
			vertex -0.07641854137182236 0.03060699999332428 0.02852272428572178
			vertex -0.07650011777877808 0.03060699999332428 0.028563354164361954
			vertex -0.07733983546495438 0.03060699999332428 0.028671953827142715
		endloop
	endfacet
	facet normal 0 -1 0
		outer loop
			vertex -0.0760011225938797 0.03060699999332428 0.0285193994641304
			vertex -0.07650011777877808 0.03060699999332428 0.028563354164361954
			vertex -0.07641854137182236 0.03060699999332428 0.02852272428572178
		endloop
	endfacet
	facet normal 0 -1 0
		outer loop
			vertex -0.07549994438886642 0.03060699999332428 0.028473515063524246
			vertex -0.07549994438886642 0.03060699999332428 0.028504682704806328
			vertex -0.0760011225938797 0.03060699999332428 0.0285193994641304
		endloop
	endfacet
	facet normal 0 -1 0
		outer loop
			vertex -0.07549994438886642 0.03060699999332428 0.028473515063524246
			vertex -0.0760011225938797 0.03060699999332428 0.0285193994641304
			vertex -0.07641854137182236 0.03060699999332428 0.02852272428572178
		endloop
	endfacet
	facet normal 0 -1 0
		outer loop
			vertex 0.07550005614757538 0.03060699999332428 0.056268204003572464
			vertex -0.07549994438886642 0.03060699999332428 0.056268204003572464
			vertex -0.07549991458654404 0.03060699999332428 0.05623703449964523
		endloop
	endfacet
	facet normal 0 -1 0
		outer loop
			vertex 0.07550005614757538 0.03060699999332428 0.05623703449964523
			vertex 0.07550005614757538 0.03060699999332428 0.056268204003572464
			vertex -0.07549991458654404 0.03060699999332428 0.05623703449964523
		endloop
	endfacet
	facet normal 0 -1 0
		outer loop
			vertex 0.07610731571912766 0.03060699999332428 0.056215427815914154
			vertex 0.07550005614757538 0.03060699999332428 0.056268204003572464
			vertex 0.07550005614757538 0.03060699999332428 0.05623703449964523
		endloop
	endfacet
	facet normal 0 -1 0
		outer loop
			vertex 0.07641434669494629 0.03060699999332428 0.05621945485472679
			vertex 0.07550005614757538 0.03060699999332428 0.056268204003572464
			vertex 0.07610731571912766 0.03060699999332428 0.056215427815914154
		endloop
	endfacet
	facet normal 0 -1 0
		outer loop
			vertex 0.07671114057302475 0.03060699999332428 0.05615094676613808
			vertex 0.07641434669494629 0.03060699999332428 0.05621945485472679
			vertex 0.07610731571912766 0.03060699999332428 0.056215427815914154
		endloop
	endfacet
	facet normal 0 -1 0
		outer loop
			vertex 0.07733523845672607 0.03060699999332428 0.05607079342007637
			vertex 0.07641434669494629 0.03060699999332428 0.05621945485472679
			vertex 0.07671114057302475 0.03060699999332428 0.05615094676613808
		endloop
	endfacet
	facet normal 0 -1 0
		outer loop
			vertex 0.07757926732301712 0.03060699999332428 0.05598193034529686
			vertex 0.07733523845672607 0.03060699999332428 0.05607079342007637
			vertex 0.07671114057302475 0.03060699999332428 0.05615094676613808
		endloop
	endfacet
	facet normal 0 -1 0
		outer loop
			vertex 0.07828129827976227 0.03060699999332428 0.05581044778227806
			vertex 0.07733523845672607 0.03060699999332428 0.05607079342007637
			vertex 0.07757926732301712 0.03060699999332428 0.05598193034529686
		endloop
	endfacet
	facet normal 0 -1 0
		outer loop
			vertex 0.07843897491693497 0.03060699999332428 0.055722676217556
			vertex 0.07828129827976227 0.03060699999332428 0.05581044778227806
			vertex 0.07757926732301712 0.03060699999332428 0.05598193034529686
		endloop
	endfacet
	facet normal 0 -1 0
		outer loop
			vertex 0.07920815795660019 0.03060699999332428 0.055442970246076584
			vertex 0.07828129827976227 0.03060699999332428 0.05581044778227806
			vertex 0.07843897491693497 0.03060699999332428 0.055722676217556
		endloop
	endfacet
	facet normal 0 -1 0
		outer loop
			vertex 0.07928232848644257 0.03060699999332428 0.05537392571568489
			vertex 0.07920815795660019 0.03060699999332428 0.055442970246076584
			vertex 0.07843897491693497 0.03060699999332428 0.055722676217556
		endloop
	endfacet
	facet normal 0 -1 0
		outer loop
			vertex 0.08010868728160858 0.03060699999332428 0.054969578981399536
			vertex 0.07920815795660019 0.03060699999332428 0.055442970246076584
			vertex 0.07928232848644257 0.03060699999332428 0.05537392571568489
		endloop
	endfacet
	facet normal 0 -1 0
		outer loop
			vertex 0.08011041581630707 0.03060699999332428 0.05493231117725372
			vertex 0.08010868728160858 0.03060699999332428 0.054969578981399536
			vertex 0.07928232848644257 0.03060699999332428 0.05537392571568489
		endloop
	endfacet
	facet normal 0 -1 0
		outer loop
			vertex 0.08091561496257782 0.03060699999332428 0.05439851060509682
			vertex 0.08010868728160858 0.03060699999332428 0.054969578981399536
			vertex 0.08011041581630707 0.03060699999332428 0.05493231117725372
		endloop
	endfacet
	facet normal 0 -1 0
		outer loop
			vertex 0.08097966760396957 0.03060699999332428 0.05439003184437752
			vertex 0.08010868728160858 0.03060699999332428 0.054969578981399536
			vertex 0.08091561496257782 0.03060699999332428 0.05439851060509682
		endloop
	endfacet
	facet normal 0 -1 0
		outer loop
			vertex 0.08169087767601013 0.03060699999332428 0.053774088621139526
			vertex 0.08097966760396957 0.03060699999332428 0.05439003184437752
			vertex 0.08091561496257782 0.03060699999332428 0.05439851060509682
		endloop
	endfacet
	facet normal 0 -1 0
		outer loop
			vertex 0.08181458711624146 0.03060699999332428 0.05370534211397171
			vertex 0.08097966760396957 0.03060699999332428 0.05439003184437752
			vertex 0.08169087767601013 0.03060699999332428 0.053774088621139526
		endloop
	endfacet
	facet normal 0 -1 0
		outer loop
			vertex 0.08242856711149216 0.03060699999332428 0.05306186527013779
			vertex 0.08181458711624146 0.03060699999332428 0.05370534211397171
			vertex 0.08169087767601013 0.03060699999332428 0.053774088621139526
		endloop
	endfacet
	facet normal 0 -1 0
		outer loop
			vertex 0.08260517567396164 0.03060699999332428 0.0529179610311985
			vertex 0.08181458711624146 0.03060699999332428 0.05370534211397171
			vertex 0.08242856711149216 0.03060699999332428 0.05306186527013779
		endloop
	endfacet
	facet normal 0 -1 0
		outer loop
			vertex 0.08312251418828964 0.03060699999332428 0.05226369574666023
			vertex 0.08260517567396164 0.03060699999332428 0.0529179610311985
			vertex 0.08242856711149216 0.03060699999332428 0.05306186527013779
		endloop
	endfacet
	facet normal 0 -1 0
		outer loop
			vertex 0.08334200084209442 0.03060699999332428 0.05203228443861008
			vertex 0.08260517567396164 0.03060699999332428 0.0529179610311985
			vertex 0.08312251418828964 0.03060699999332428 0.05226369574666023
		endloop
	endfacet
	facet normal 0 -1 0
		outer loop
			vertex 0.0837658941745758 0.03060699999332428 0.051382988691329956
			vertex 0.08334200084209442 0.03060699999332428 0.05203228443861008
			vertex 0.08312251418828964 0.03060699999332428 0.05226369574666023
		endloop
	endfacet
	facet normal 0 -1 0
		outer loop
			vertex 0.08401631563901901 0.03060699999332428 0.051053643226623535
			vertex 0.08334200084209442 0.03060699999332428 0.05203228443861008
			vertex 0.0837658941745758 0.03060699999332428 0.051382988691329956
		endloop
	endfacet
	facet normal 0 -1 0
		outer loop
			vertex 0.08435221016407013 0.03060699999332428 0.050424180924892426
			vertex 0.08401631563901901 0.03060699999332428 0.051053643226623535
			vertex 0.0837658941745758 0.03060699999332428 0.051382988691329956
		endloop
	endfacet
	facet normal 0 -1 0
		outer loop
			vertex 0.08462288230657578 0.03060699999332428 0.0499839223921299
			vertex 0.08401631563901901 0.03060699999332428 0.051053643226623535
			vertex 0.08435221016407013 0.03060699999332428 0.050424180924892426
		endloop
	endfacet
	facet normal 0 -1 0
		outer loop
			vertex 0.08487440645694733 0.03060699999332428 0.04939427226781845
			vertex 0.08462288230657578 0.03060699999332428 0.0499839223921299
			vertex 0.08435221016407013 0.03060699999332428 0.050424180924892426
		endloop
	endfacet
	facet normal 0 -1 0
		outer loop
			vertex 0.08515353500843048 0.03060699999332428 0.04882979393005371
			vertex 0.08462288230657578 0.03060699999332428 0.0499839223921299
			vertex 0.08487440645694733 0.03060699999332428 0.04939427226781845
		endloop
	endfacet
	facet normal 0 -1 0
		outer loop
			vertex 0.08532572537660599 0.03060699999332428 0.04830212891101837
			vertex 0.08515353500843048 0.03060699999332428 0.04882979393005371
			vertex 0.08487440645694733 0.03060699999332428 0.04939427226781845
		endloop
	endfacet
	facet normal 0 -1 0
		outer loop
			vertex 0.08559852838516235 0.03060699999332428 0.04760344699025154
			vertex 0.08515353500843048 0.03060699999332428 0.04882979393005371
			vertex 0.08532572537660599 0.03060699999332428 0.04830212891101837
		endloop
	endfacet
	facet normal 0 -1 0
		outer loop
			vertex 0.08570147305727005 0.03060699999332428 0.047154251486063004
			vertex 0.08559852838516235 0.03060699999332428 0.04760344699025154
			vertex 0.08532572537660599 0.03060699999332428 0.04830212891101837
		endloop
	endfacet
	facet normal 0 -1 0
		outer loop
			vertex 0.08595062792301178 0.03060699999332428 0.04631602391600609
			vertex 0.08559852838516235 0.03060699999332428 0.04760344699025154
			vertex 0.08570147305727005 0.03060699999332428 0.047154251486063004
		endloop
	endfacet
	facet normal 0 -1 0
		outer loop
			vertex 0.08599672466516495 0.03060699999332428 0.04596099257469177
			vertex 0.08595062792301178 0.03060699999332428 0.04631602391600609
			vertex 0.08570147305727005 0.03060699999332428 0.047154251486063004
		endloop
	endfacet
	facet normal 0 -1 0
		outer loop
			vertex 0.08620449155569077 0.03060699999332428 0.04497714713215828
			vertex 0.08595062792301178 0.03060699999332428 0.04631602391600609
			vertex 0.08599672466516495 0.03060699999332428 0.04596099257469177
		endloop
	endfacet
	facet normal 0 -1 0
		outer loop
			vertex 0.08620581775903702 0.03060699999332428 0.04474683105945587
			vertex 0.08620449155569077 0.03060699999332428 0.04497714713215828
			vertex 0.08599672466516495 0.03060699999332428 0.04596099257469177
		endloop
	endfacet
	facet normal 0 -1 0
		outer loop
			vertex 0.08635459095239639 0.03060699999332428 0.043601810932159424
			vertex 0.08620449155569077 0.03060699999332428 0.04497714713215828
			vertex 0.08620581775903702 0.03060699999332428 0.04474683105945587
		endloop
	endfacet
	facet normal 0 -1 0
		outer loop
			vertex 0.08633019775152206 0.03060699999332428 0.04350060597062111
			vertex 0.08635459095239639 0.03060699999332428 0.043601810932159424
			vertex 0.08620581775903702 0.03060699999332428 0.04474683105945587
		endloop
	endfacet
	facet normal 0 -1 0
		outer loop
			vertex 0.08639711141586304 0.03060699999332428 0.04247158020734787
			vertex 0.08635459095239639 0.03060699999332428 0.043601810932159424
			vertex 0.08633019775152206 0.03060699999332428 0.04350060597062111
		endloop
	endfacet
	facet normal 0 -1 0
		outer loop
			vertex 0.0863659456372261 0.03060699999332428 0.042249422520399094
			vertex 0.08639711141586304 0.03060699999332428 0.04247158020734787
			vertex 0.08633019775152206 0.03060699999332428 0.04350060597062111
		endloop
	endfacet
	facet normal 0 -1 0
		outer loop
			vertex 0.08636745065450668 0.03060699999332428 0.041341159492731094
			vertex 0.08639711141586304 0.03060699999332428 0.04247158020734787
			vertex 0.0863659456372261 0.03060699999332428 0.042249422520399094
		endloop
	endfacet
	facet normal 0 -1 0
		outer loop
			vertex 0.08630187064409256 0.03060699999332428 0.04086270183324814
			vertex 0.08636745065450668 0.03060699999332428 0.041341159492731094
			vertex 0.0863659456372261 0.03060699999332428 0.042249422520399094
		endloop
	endfacet
	facet normal 0 -1 0
		outer loop
			vertex 0.08625031262636185 0.03060699999332428 0.0400930680334568
			vertex 0.08636745065450668 0.03060699999332428 0.041341159492731094
			vertex 0.08630187064409256 0.03060699999332428 0.04086270183324814
		endloop
	endfacet
	facet normal 0 -1 0
		outer loop
			vertex 0.08613039553165436 0.03060699999332428 0.039494577795267105
			vertex 0.08625031262636185 0.03060699999332428 0.0400930680334568
			vertex 0.08630187064409256 0.03060699999332428 0.04086270183324814
		endloop
	endfacet
	facet normal 0 -1 0
		outer loop
			vertex 0.07550005614757538 0.03060699999332428 0.028504682704806328
			vertex -0.07549994438886642 0.03060699999332428 0.028504682704806328
			vertex -0.07549994438886642 0.03060699999332428 0.028473515063524246
		endloop
	endfacet
	facet normal 0 -1 0
		outer loop
			vertex 0.07550005614757538 0.03060699999332428 0.028473515063524246
			vertex 0.07550005614757538 0.03060699999332428 0.028504682704806328
			vertex -0.07549994438886642 0.03060699999332428 0.028473515063524246
		endloop
	endfacet
	facet normal 0 -1 0
		outer loop
			vertex 0.08606862276792526 0.03060699999332428 0.038977790623903275
			vertex 0.08625031262636185 0.03060699999332428 0.0400930680334568
			vertex 0.08613039553165436 0.03060699999332428 0.039494577795267105
		endloop
	endfacet
	facet normal 0 -1 0
		outer loop
			vertex 0.08591601997613907 0.03060699999332428 0.03841515630483627
			vertex 0.08606862276792526 0.03060699999332428 0.038977790623903275
			vertex 0.08613039553165436 0.03060699999332428 0.039494577795267105
		endloop
	endfacet
	facet normal 0 -1 0
		outer loop
			vertex 0.07624612003564835 0.03060699999332428 0.02850595861673355
			vertex 0.07550005614757538 0.03060699999332428 0.028504682704806328
			vertex 0.07550005614757538 0.03060699999332428 0.028473515063524246
		endloop
	endfacet
	facet normal 0 -1 0
		outer loop
			vertex 0.0764632523059845 0.03060699999332428 0.028559088706970215
			vertex 0.07550005614757538 0.03060699999332428 0.028504682704806328
			vertex 0.07624612003564835 0.03060699999332428 0.02850595861673355
		endloop
	endfacet
	facet normal 0 -1 0
		outer loop
			vertex 0.08578656613826752 0.03060699999332428 0.03777501359581947
			vertex 0.08606862276792526 0.03060699999332428 0.038977790623903275
			vertex 0.08591601997613907 0.03060699999332428 0.03841515630483627
		endloop
	endfacet
	facet normal 0 -1 0
		outer loop
			vertex 0.07699984312057495 0.03060699999332428 0.028605055063962936
			vertex 0.0764632523059845 0.03060699999332428 0.028559088706970215
			vertex 0.07624612003564835 0.03060699999332428 0.02850595861673355
		endloop
	endfacet
	facet normal 0 -1 0
		outer loop
			vertex 0.08556179702281952 0.03060699999332428 0.037126123905181885
			vertex 0.08578656613826752 0.03060699999332428 0.03777501359581947
			vertex 0.08591601997613907 0.03060699999332428 0.03841515630483627
		endloop
	endfacet
	facet normal 0 -1 0
		outer loop
			vertex 0.07741570472717285 0.03060699999332428 0.028720952570438385
			vertex 0.0764632523059845 0.03060699999332428 0.028559088706970215
			vertex 0.07699984312057495 0.03060699999332428 0.028605055063962936
		endloop
	endfacet
	facet normal 0 -1 0
		outer loop
			vertex 0.08542328327894211 0.03060699999332428 0.03661714866757393
			vertex 0.08578656613826752 0.03060699999332428 0.03777501359581947
			vertex 0.08556179702281952 0.03060699999332428 0.037126123905181885
		endloop
	endfacet
	facet normal 0 -1 0
		outer loop
			vertex 0.07786650955677032 0.03060699999332428 0.02880336344242096
			vertex 0.07741570472717285 0.03060699999332428 0.028720952570438385
			vertex 0.07699984312057495 0.03060699999332428 0.028605055063962936
		endloop
	endfacet
	facet normal 0 -1 0
		outer loop
			vertex 0.08511536568403244 0.03060699999332428 0.03590096905827522
			vertex 0.08542328327894211 0.03060699999332428 0.03661714866757393
			vertex 0.08556179702281952 0.03060699999332428 0.037126123905181885
		endloop
	endfacet
	facet normal 0 -1 0
		outer loop
			vertex 0.07835941016674042 0.03060699999332428 0.028991080820560455
			vertex 0.07741570472717285 0.03060699999332428 0.028720952570438385
			vertex 0.07786650955677032 0.03060699999332428 0.02880336344242096
		endloop
	endfacet
	facet normal 0 -1 0
		outer loop
			vertex 0.0849829763174057 0.03060699999332428 0.035512398928403854
			vertex 0.08542328327894211 0.03060699999332428 0.03661714866757393
			vertex 0.08511536568403244 0.03060699999332428 0.03590096905827522
		endloop
	endfacet
	facet normal 0 -1 0
		outer loop
			vertex 0.07872431725263596 0.03060699999332428 0.02909257635474205
			vertex 0.07835941016674042 0.03060699999332428 0.028991080820560455
			vertex 0.07786650955677032 0.03060699999332428 0.02880336344242096
		endloop
	endfacet
	facet normal 0 -1 0
		outer loop
			vertex 0.08458351343870163 0.03060699999332428 0.034749288111925125
			vertex 0.0849829763174057 0.03060699999332428 0.035512398928403854
			vertex 0.08511536568403244 0.03060699999332428 0.03590096905827522
		endloop
	endfacet
	facet normal 0 -1 0
		outer loop
			vertex 0.07928433269262314 0.03060699999332428 0.02936873957514763
			vertex 0.07835941016674042 0.03060699999332428 0.028991080820560455
			vertex 0.07872431725263596 0.03060699999332428 0.02909257635474205
		endloop
	endfacet
	facet normal 0 -1 0
		outer loop
			vertex 0.08456060290336609 0.03060699999332428 0.03463757783174515
			vertex 0.0849829763174057 0.03060699999332428 0.035512398928403854
			vertex 0.08458351343870163 0.03060699999332428 0.034749288111925125
		endloop
	endfacet
	facet normal 0 -1 0
		outer loop
			vertex 0.07956653833389282 0.03060699999332428 0.029472773894667625
			vertex 0.07928433269262314 0.03060699999332428 0.02936873957514763
			vertex 0.07872431725263596 0.03060699999332428 0.02909257635474205
		endloop
	endfacet
	facet normal 0 -1 0
		outer loop
			vertex 0.0839741975069046 0.03060699999332428 0.033679913729429245
			vertex 0.08456060290336609 0.03060699999332428 0.03463757783174515
			vertex 0.08458351343870163 0.03060699999332428 0.034749288111925125
		endloop
	endfacet
	facet normal 0 -1 0
		outer loop
			vertex 0.08015777915716171 0.03060699999332428 0.029837876558303833
			vertex 0.07928433269262314 0.03060699999332428 0.02936873957514763
			vertex 0.07956653833389282 0.03060699999332428 0.029472773894667625
		endloop
	endfacet
	facet normal 0 -1 0
		outer loop
			vertex 0.08399313688278198 0.03060699999332428 0.033651202917099
			vertex 0.08456060290336609 0.03060699999332428 0.03463757783174515
			vertex 0.0839741975069046 0.03060699999332428 0.033679913729429245
		endloop
	endfacet
	facet normal 0 -1 0
		outer loop
			vertex 0.08039021492004395 0.03060699999332428 0.02994598262012005
			vertex 0.08015777915716171 0.03060699999332428 0.029837876558303833
			vertex 0.07956653833389282 0.03060699999332428 0.029472773894667625
		endloop
	endfacet
	facet normal 0 -1 0
		outer loop
			vertex 0.08099879324436188 0.03060699999332428 0.030405104160308838
			vertex 0.08015777915716171 0.03060699999332428 0.029837876558303833
			vertex 0.08039021492004395 0.03060699999332428 0.02994598262012005
		endloop
	endfacet
	facet normal 0 -1 0
		outer loop
			vertex 0.08336679637432098 0.03060699999332428 0.03274226188659668
			vertex 0.08399313688278198 0.03060699999332428 0.033651202917099
			vertex 0.0839741975069046 0.03060699999332428 0.033679913729429245
		endloop
	endfacet
	facet normal 0 -1 0
		outer loop
			vertex 0.08336679637432098 0.03060699999332428 0.03274226188659668
			vertex 0.0839741975069046 0.03060699999332428 0.033679913729429245
			vertex 0.08329667896032333 0.03060699999332428 0.03270174190402031
		endloop
	endfacet
	facet normal 0 -1 0
		outer loop
			vertex 0.08119223266839981 0.03060699999332428 0.0305141881108284
			vertex 0.08099879324436188 0.03060699999332428 0.030405104160308838
			vertex 0.08039021492004395 0.03060699999332428 0.02994598262012005
		endloop
	endfacet
	facet normal 0 -1 0
		outer loop
			vertex 0.08180049806833267 0.03060699999332428 0.03106631524860859
			vertex 0.08099879324436188 0.03060699999332428 0.030405104160308838
			vertex 0.08119223266839981 0.03060699999332428 0.0305141881108284
		endloop
	endfacet
	facet normal 0 -1 0
		outer loop
			vertex 0.08268807828426361 0.03060699999332428 0.0319158099591732
			vertex 0.08336679637432098 0.03060699999332428 0.03274226188659668
			vertex 0.08329667896032333 0.03060699999332428 0.03270174190402031
		endloop
	endfacet
	facet normal 0 -1 0
		outer loop
			vertex 0.08268807828426361 0.03060699999332428 0.0319158099591732
			vertex 0.08329667896032333 0.03060699999332428 0.03270174190402031
			vertex 0.08255915343761444 0.03060699999332428 0.03182008117437363
		endloop
	endfacet
	facet normal 0 -1 0
		outer loop
			vertex 0.08196184784173965 0.03060699999332428 0.031173020601272583
			vertex 0.08180049806833267 0.03060699999332428 0.03106631524860859
			vertex 0.08119223266839981 0.03060699999332428 0.0305141881108284
		endloop
	endfacet
	facet normal 0 -1 0
		outer loop
			vertex 0.08196184784173965 0.03060699999332428 0.031173020601272583
			vertex 0.08268807828426361 0.03060699999332428 0.0319158099591732
			vertex 0.08255915343761444 0.03060699999332428 0.03182008117437363
		endloop
	endfacet
	facet normal 0 -1 0
		outer loop
			vertex 0.08196184784173965 0.03060699999332428 0.031173020601272583
			vertex 0.08255915343761444 0.03060699999332428 0.03182008117437363
			vertex 0.08180049806833267 0.03060699999332428 0.03106631524860859
		endloop
	endfacet
	facet normal 0.05324346977692608 0 0.9985815604777176
		outer loop
			vertex 0.07550005614757538 0.030608000233769417 0.056268204003572464
			vertex 0.07550005614757538 0.03060699999332428 0.056268204003572464
			vertex 0.07641434669494629 0.03060699999332428 0.05621945485472679
		endloop
	endfacet
	facet normal 0.015148359175111238 -0.9954722868020129 0.09383737753940505
		outer loop
			vertex 0.0766913890838623 0.030608000233769417 0.056185342371463776
			vertex 0.07641434669494629 0.03060699999332428 0.05621945485472679
			vertex 0.07733523845672607 0.03060699999332428 0.05607079342007637
		endloop
	endfacet
	facet normal 0.004676381220922188 0.9977262689353351 0.06723409652142391
		outer loop
			vertex 0.0766913890838623 0.030608000233769417 0.056185342371463776
			vertex 0.07550005614757538 0.030608000233769417 0.056268204003572464
			vertex 0.07641434669494629 0.03060699999332428 0.05621945485472679
		endloop
	endfacet
	facet normal 0.17955358887363926 -0.7362335280665132 0.6524727587212594
		outer loop
			vertex 0.07826199382543564 0.030608000233769417 0.0558168888092041
			vertex 0.07733523845672607 0.03060699999332428 0.05607079342007637
			vertex 0.07828129827976227 0.03060699999332428 0.05581044778227806
		endloop
	endfacet
	facet normal 0.24460840791574906 0.7480182834299217 0.6169565417689287
		outer loop
			vertex 0.07826199382543564 0.030608000233769417 0.0558168888092041
			vertex 0.07828129827976227 0.03060699999332428 0.05581044778227806
			vertex 0.07920815795660019 0.03060699999332428 0.055442970246076584
		endloop
	endfacet
	facet normal 0.006427293506164834 0.9996039527004311 0.02739758463551383
		outer loop
			vertex 0.07826199382543564 0.030608000233769417 0.0558168888092041
			vertex 0.0766913890838623 0.030608000233769417 0.056185342371463776
			vertex 0.07733523845672607 0.03060699999332428 0.05607079342007637
		endloop
	endfacet
	facet normal 0.041348830183065684 -0.9960438001180665 0.07865762829410348
		outer loop
			vertex 0.07984163612127304 0.030608000233769417 0.055122628808021545
			vertex 0.07920815795660019 0.03060699999332428 0.055442970246076584
			vertex 0.08010868728160858 0.03060699999332428 0.054969578981399536
		endloop
	endfacet
	facet normal 0.02697365499174502 0.9988138539050017 0.04053772543970257
		outer loop
			vertex 0.07984163612127304 0.030608000233769417 0.055122628808021545
			vertex 0.08010868728160858 0.03060699999332428 0.054969578981399536
			vertex 0.08097966760396957 0.03060699999332428 0.05439003184437752
		endloop
	endfacet
	facet normal 0.010482102938358646 0.9996605983052127 0.023849815807549173
		outer loop
			vertex 0.07984163612127304 0.030608000233769417 0.055122628808021545
			vertex 0.07826199382543564 0.030608000233769417 0.0558168888092041
			vertex 0.07920815795660019 0.03060699999332428 0.055442970246076584
		endloop
	endfacet
	facet normal 0.04927295775326172 -0.9969764684953019 0.06008408192593119
		outer loop
			vertex 0.08132939040660858 0.030608000233769417 0.05411983281373978
			vertex 0.08097966760396957 0.03060699999332428 0.05439003184437752
			vertex 0.08181458711624146 0.03060699999332428 0.05370534211397171
		endloop
	endfacet
	facet normal 0.019544559986111997 0.9993884216253314 0.028996429024591187
		outer loop
			vertex 0.08132939040660858 0.030608000233769417 0.05411983281373978
			vertex 0.07984163612127304 0.030608000233769417 0.055122628808021545
			vertex 0.08097966760396957 0.03060699999332428 0.05439003184437752
		endloop
	endfacet
	facet normal 0.019798711286487115 0.9995883511452984 0.020763893806754342
		outer loop
			vertex 0.08270029723644257 0.030608000233769417 0.05281265079975128
			vertex 0.08132939040660858 0.030608000233769417 0.05411983281373978
			vertex 0.08181458711624146 0.03060699999332428 0.05370534211397171
		endloop
	endfacet
	facet normal 0.09337695511169193 0.9912064902494098 0.09375733540110752
		outer loop
			vertex 0.08270029723644257 0.030608000233769417 0.05281265079975128
			vertex 0.08181458711624146 0.03060699999332428 0.05370534211397171
			vertex 0.08260517567396164 0.03060699999332428 0.0529179610311985
		endloop
	endfacet
	facet normal 0.13122741637825472 -0.9853226360289826 0.1091726528008976
		outer loop
			vertex 0.08270029723644257 0.030608000233769417 0.05281265079975128
			vertex 0.08260517567396164 0.03060699999332428 0.0529179610311985
			vertex 0.08334200084209442 0.03060699999332428 0.05203228443861008
		endloop
	endfacet
	facet normal 0.11336250510022267 -0.9904785280564242 0.07811035716588113
		outer loop
			vertex 0.08391159027814865 0.030608000233769417 0.051218315958976746
			vertex 0.08334200084209442 0.03060699999332428 0.05203228443861008
			vertex 0.08401631563901901 0.03060699999332428 0.051053643226623535
		endloop
	endfacet
	facet normal 0.08767398599278121 0.9949079298617095 0.04971401490953753
		outer loop
			vertex 0.08391159027814865 0.030608000233769417 0.051218315958976746
			vertex 0.08401631563901901 0.03060699999332428 0.051053643226623535
			vertex 0.08462288230657578 0.03060699999332428 0.0499839223921299
		endloop
	endfacet
	facet normal 0.020480858846358085 0.99966915107646 0.015560295851469981
		outer loop
			vertex 0.08391159027814865 0.030608000233769417 0.051218315958976746
			vertex 0.08270029723644257 0.030608000233769417 0.05281265079975128
			vertex 0.08334200084209442 0.03060699999332428 0.05203228443861008
		endloop
	endfacet
	facet normal 0.06872410622251376 -0.9971351649872937 0.03159841720212194
		outer loop
			vertex 0.08492457121610641 0.030608000233769417 0.049359336495399475
			vertex 0.08462288230657578 0.03060699999332428 0.0499839223921299
			vertex 0.08515353500843048 0.03060699999332428 0.04882979393005371
		endloop
	endfacet
	facet normal 0.025864410475365036 0.9995661038723862 0.014093837665448123
		outer loop
			vertex 0.08492457121610641 0.030608000233769417 0.049359336495399475
			vertex 0.08391159027814865 0.030608000233769417 0.051218315958976746
			vertex 0.08462288230657578 0.03060699999332428 0.0499839223921299
		endloop
	endfacet
	facet normal 0.051507572701112364 0.9984976968788071 0.018690085129765863
		outer loop
			vertex 0.08570196479558945 0.030608000233769417 0.0472649522125721
			vertex 0.08515353500843048 0.03060699999332428 0.04882979393005371
			vertex 0.08559852838516235 0.03060699999332428 0.04760344699025154
		endloop
	endfacet
	facet normal 0.09167865933398146 -0.9954729279981506 0.02507335329613297
		outer loop
			vertex 0.08570196479558945 0.030608000233769417 0.0472649522125721
			vertex 0.08559852838516235 0.03060699999332428 0.04760344699025154
			vertex 0.08595062792301178 0.03060699999332428 0.04631602391600609
		endloop
	endfacet
	facet normal 0.030847117098953252 0.9994585317487995 0.011449833239731208
		outer loop
			vertex 0.08570196479558945 0.030608000233769417 0.0472649522125721
			vertex 0.08492457121610641 0.030608000233769417 0.049359336495399475
			vertex 0.08515353500843048 0.03060699999332428 0.04882979393005371
		endloop
	endfacet
	facet normal 0.794979044571859 -0.5876113734613811 0.15073550500941535
		outer loop
			vertex 0.0862017273902893 0.030608000233769417 0.04499562457203865
			vertex 0.08595062792301178 0.03060699999332428 0.04631602391600609
			vertex 0.08620449155569077 0.03060699999332428 0.04497714713215828
		endloop
	endfacet
	facet normal 0.7979468940048409 0.5964033303918449 0.0870851413591495
		outer loop
			vertex 0.0862017273902893 0.030608000233769417 0.04499562457203865
			vertex 0.08620449155569077 0.03060699999332428 0.04497714713215828
			vertex 0.08635459095239639 0.03060699999332428 0.043601810932159424
		endloop
	endfacet
	facet normal 0.025195834589081974 0.9996671352373278 0.005548751729348395
		outer loop
			vertex 0.0862017273902893 0.030608000233769417 0.04499562457203865
			vertex 0.08570196479558945 0.030608000233769417 0.0472649522125721
			vertex 0.08595062792301178 0.03060699999332428 0.04631602391600609
		endloop
	endfacet
	facet normal 0.025299456954658045 0.999677800658737 0.0020572670973343973
		outer loop
			vertex 0.08639580011367798 0.030608000233769417 0.042608994990587234
			vertex 0.0862017273902893 0.030608000233769417 0.04499562457203865
			vertex 0.08635459095239639 0.03060699999332428 0.043601810932159424
		endloop
	endfacet
	facet normal 0.25093174313211974 -0.9679587495044332 0.009440314957151474
		outer loop
			vertex 0.08639580011367798 0.030608000233769417 0.042608994990587234
			vertex 0.08635459095239639 0.03060699999332428 0.043601810932159424
			vertex 0.08639711141586304 0.03060699999332428 0.04247158020734787
		endloop
	endfacet
	facet normal 0.1993438879865812 0.9799156371607084 -0.005230522948637017
		outer loop
			vertex 0.08639580011367798 0.030608000233769417 0.042608994990587234
			vertex 0.08639711141586304 0.03060699999332428 0.04247158020734787
			vertex 0.08636745065450668 0.03060699999332428 0.041341159492731094
		endloop
	endfacet
	facet normal 0.11046492753090112 -0.9938259474404301 -0.010367544536884998
		outer loop
			vertex 0.08629195392131805 0.030608000233769417 0.040440868586301804
			vertex 0.08636745065450668 0.03060699999332428 0.041341159492731094
			vertex 0.08625031262636185 0.03060699999332428 0.0400930680334568
		endloop
	endfacet
	facet normal 0.06644769068076893 0.997731188198158 -0.01082499422099827
		outer loop
			vertex 0.08629195392131805 0.030608000233769417 0.040440868586301804
			vertex 0.08625031262636185 0.03060699999332428 0.0400930680334568
			vertex 0.08606862276792526 0.03060699999332428 0.038977790623903275
		endloop
	endfacet
	facet normal 0.030879992305429736 0.9995220050020045 -0.0014790510436496083
		outer loop
			vertex 0.08629195392131805 0.030608000233769417 0.040440868586301804
			vertex 0.08639580011367798 0.030608000233769417 0.042608994990587234
			vertex 0.08636745065450668 0.03060699999332428 0.041341159492731094
		endloop
	endfacet
	facet normal 0.033726504969043905 0.9994140870086089 -0.0058314278973371665
		outer loop
			vertex 0.08592364937067032 0.030608000233769417 0.03831075131893158
			vertex 0.08629195392131805 0.030608000233769417 0.040440868586301804
			vertex 0.08606862276792526 0.03060699999332428 0.038977790623903275
		endloop
	endfacet
	facet normal 0.08700525886035546 -0.9959988942865403 -0.020403125021225245
		outer loop
			vertex 0.08592364937067032 0.030608000233769417 0.03831075131893158
			vertex 0.08606862276792526 0.03060699999332428 0.038977790623903275
			vertex 0.08578656613826752 0.03060699999332428 0.03777501359581947
		endloop
	endfacet
	facet normal 0.055548982950353334 0.9983038382837695 -0.01742862476143957
		outer loop
			vertex 0.08530130237340927 0.030608000233769417 0.03628566116094589
			vertex 0.08578656613826752 0.03060699999332428 0.03777501359581947
			vertex 0.08542328327894211 0.03060699999332428 0.03661714866757393
		endloop
	endfacet
	facet normal 0.09812861228937392 -0.9944049411452155 -0.03910995367093433
		outer loop
			vertex 0.08530130237340927 0.030608000233769417 0.03628566116094589
			vertex 0.08542328327894211 0.03060699999332428 0.03661714866757393
			vertex 0.0849829763174057 0.03060699999332428 0.035512398928403854
		endloop
	endfacet
	facet normal 0.0362687670026302 0.9992799117797658 -0.011146051028611534
		outer loop
			vertex 0.08530130237340927 0.030608000233769417 0.03628566116094589
			vertex 0.08592364937067032 0.030608000233769417 0.03831075131893158
			vertex 0.08578656613826752 0.03060699999332428 0.03777501359581947
		endloop
	endfacet
	facet normal 0.02729844165960354 0.9995487852696802 -0.012530800008951307
		outer loop
			vertex 0.08444817364215851 0.030608000233769417 0.03442711383104324
			vertex 0.08530130237340927 0.030608000233769417 0.03628566116094589
			vertex 0.0849829763174057 0.03060699999332428 0.035512398928403854
		endloop
	endfacet
	facet normal 0.09200342318436587 0.9947674143512756 -0.04442028216069889
		outer loop
			vertex 0.08444817364215851 0.030608000233769417 0.03442711383104324
			vertex 0.0849829763174057 0.03060699999332428 0.035512398928403854
			vertex 0.08456060290336609 0.03060699999332428 0.03463757783174515
		endloop
	endfacet
	facet normal 0.1145978741130666 -0.9912218399211516 -0.06592868353071331
		outer loop
			vertex 0.08444817364215851 0.030608000233769417 0.03442711383104324
			vertex 0.08456060290336609 0.03060699999332428 0.03463757783174515
			vertex 0.08399313688278198 0.03060699999332428 0.033651202917099
		endloop
	endfacet
	facet normal 0.3915983863873589 -0.8796783163938908 -0.2698458142073487
		outer loop
			vertex 0.08339455723762512 0.030608000233769417 0.03277928754687309
			vertex 0.08399313688278198 0.03060699999332428 0.033651202917099
			vertex 0.08336679637432098 0.03060699999332428 0.03274226188659668
		endloop
	endfacet
	facet normal 0.33954910644240927 0.8983026947969858 -0.27885242124578175
		outer loop
			vertex 0.08339455723762512 0.030608000233769417 0.03277928754687309
			vertex 0.08336679637432098 0.03060699999332428 0.03274226188659668
			vertex 0.08268807828426361 0.03060699999332428 0.0319158099591732
		endloop
	endfacet
	facet normal 0.024339072395037704 0.9995826243398569 -0.015562347920340294
		outer loop
			vertex 0.08339455723762512 0.030608000233769417 0.03277928754687309
			vertex 0.08444817364215851 0.030608000233769417 0.03442711383104324
			vertex 0.08399313688278198 0.03060699999332428 0.033651202917099
		endloop
	endfacet
	facet normal 0.022412823203124984 0.9995586966978902 -0.01949556902685565
		outer loop
			vertex 0.08217816054821014 0.030608000233769417 0.031380873173475266
			vertex 0.08339455723762512 0.030608000233769417 0.03277928754687309
			vertex 0.08268807828426361 0.03060699999332428 0.0319158099591732
		endloop
	endfacet
	facet normal 0.07595832352012805 -0.9943415126680827 -0.07426499359025675
		outer loop
			vertex 0.08217816054821014 0.030608000233769417 0.031380873173475266
			vertex 0.08268807828426361 0.03060699999332428 0.0319158099591732
			vertex 0.08196184784173965 0.03060699999332428 0.031173020601272583
		endloop
	endfacet
	facet normal 0.03769529196184221 0.9983186331825666 -0.044033755283911624
		outer loop
			vertex 0.08217816054821014 0.030608000233769417 0.031380873173475266
			vertex 0.08196184784173965 0.03060699999332428 0.031173020601272583
			vertex 0.08119223266839981 0.03060699999332428 0.0305141881108284
		endloop
	endfacet
	facet normal 0.050618759726450815 -0.9961590861970616 -0.0714479961285914
		outer loop
			vertex 0.08082763850688934 0.030608000233769417 0.030241938307881355
			vertex 0.08119223266839981 0.03060699999332428 0.0305141881108284
			vertex 0.08039021492004395 0.03060699999332428 0.02994598262012005
		endloop
	endfacet
	facet normal 0.02393172316387295 0.9993107526587893 -0.028377671626326238
		outer loop
			vertex 0.08082763850688934 0.030608000233769417 0.030241938307881355
			vertex 0.08217816054821014 0.030608000233769417 0.031380873173475266
			vertex 0.08119223266839981 0.03060699999332428 0.0305141881108284
		endloop
	endfacet
	facet normal 0.016921269875946728 0.9994537596498758 -0.02838754916356796
		outer loop
			vertex 0.07938811182975769 0.030608000233769417 0.029383864253759384
			vertex 0.08082763850688934 0.030608000233769417 0.030241938307881355
			vertex 0.08039021492004395 0.03060699999332428 0.02994598262012005
		endloop
	endfacet
	facet normal 0.04210897013480633 0.9964208812148113 -0.07329571688226205
		outer loop
			vertex 0.07938811182975769 0.030608000233769417 0.029383864253759384
			vertex 0.08039021492004395 0.03060699999332428 0.02994598262012005
			vertex 0.07956653833389282 0.03060699999332428 0.029472773894667625
		endloop
	endfacet
	facet normal 0.05352688114767669 -0.9915014505982515 -0.11857380172772519
		outer loop
			vertex 0.07938811182975769 0.030608000233769417 0.029383864253759384
			vertex 0.07956653833389282 0.03060699999332428 0.029472773894667625
			vertex 0.07872431725263596 0.03060699999332428 0.02909257635474205
		endloop
	endfacet
	facet normal 0.01049645376787752 0.9995707547549164 -0.02735197793552689
		outer loop
			vertex 0.0779009461402893 0.030608000233769417 0.028813157230615616
			vertex 0.07938811182975769 0.030608000233769417 0.029383864253759384
			vertex 0.07872431725263596 0.03060699999332428 0.02909257635474205
		endloop
	endfacet
	facet normal 0.1605088353999048 -0.8646351043177372 -0.4760704256095122
		outer loop
			vertex 0.0779009461402893 0.030608000233769417 0.028813157230615616
			vertex 0.07872431725263596 0.03060699999332428 0.02909257635474205
			vertex 0.07786650955677032 0.03060699999332428 0.02880336344242096
		endloop
	endfacet
	facet normal 0.10538465547821826 0.8813492672721596 -0.46056220369084233
		outer loop
			vertex 0.0779009461402893 0.030608000233769417 0.028813157230615616
			vertex 0.07786650955677032 0.03060699999332428 0.02880336344242096
			vertex 0.07699984312057495 0.03060699999332428 0.028605055063962936
		endloop
	endfacet
	facet normal 0.01327603232590065 0.9979702107333552 -0.06228326785344889
		outer loop
			vertex 0.0767056867480278 0.030608000233769417 0.028558380901813507
			vertex 0.0779009461402893 0.030608000233769417 0.028813157230615616
			vertex 0.07699984312057495 0.03060699999332428 0.028605055063962936
		endloop
	endfacet
	facet normal 0.016309919976205237 -0.9921416032004547 -0.1240525119020225
		outer loop
			vertex 0.0767056867480278 0.030608000233769417 0.028558380901813507
			vertex 0.07699984312057495 0.03060699999332428 0.028605055063962936
			vertex 0.07624612003564835 0.03060699999332428 0.02850595861673355
		endloop
	endfacet
	facet normal 0.043445234183179665 0 -0.9990558100660687
		outer loop
			vertex 0.07550005614757538 0.030608000233769417 0.028473515063524246
			vertex 0.07624612003564835 0.03060699999332428 0.02850595861673355
			vertex 0.07550005614757538 0.03060699999332428 0.028473515063524246
		endloop
	endfacet
	facet normal 0.00350327022767126 0.9987546337535707 -0.04976855084773103
		outer loop
			vertex 0.07550005614757538 0.030608000233769417 0.028473515063524246
			vertex 0.0767056867480278 0.030608000233769417 0.028558380901813507
			vertex 0.07624612003564835 0.03060699999332428 0.02850595861673355
		endloop
	endfacet
	facet normal 0 0 1
		outer loop
			vertex 0.07550005614757538 0.030608000233769417 0.056268204003572464
			vertex -0.07549994438886642 0.030608000233769417 0.056268204003572464
			vertex -0.07549994438886642 0.03060699999332428 0.056268204003572464
		endloop
	endfacet
	facet normal 0 0 1
		outer loop
			vertex 0.07550005614757538 0.030608000233769417 0.056268204003572464
			vertex -0.07549994438886642 0.03060699999332428 0.056268204003572464
			vertex 0.07550005614757538 0.03060699999332428 0.056268204003572464
		endloop
	endfacet
	facet normal -0.029336032433697323 0.03264079092410373 -0.9990365238412949
		outer loop
			vertex -0.07549994438886642 0 0.027504682540893555
			vertex -0.0760011225938797 0.03060699999332428 0.0285193994641304
			vertex -0.07549994438886642 0.03060699999332428 0.028504682704806328
		endloop
	endfacet
	facet normal -0.16683854595617723 0.03280766873875709 -0.9854382560339113
		outer loop
			vertex -0.07675300538539886 0 0.02758718654513359
			vertex -0.07736837863922119 0.03060699999332428 0.02871035411953926
			vertex -0.07650011777877808 0.03060699999332428 0.028563354164361954
		endloop
	endfacet
	facet normal -0.08770036473740686 0.03247844282117091 -0.9956172943339414
		outer loop
			vertex -0.07675300538539886 0 0.02758718654513359
			vertex -0.07650011777877808 0.03060699999332428 0.028563354164361954
			vertex -0.0760011225938797 0.03060699999332428 0.0285193994641304
		endloop
	endfacet
	facet normal -0.06566608988913987 0.031989282039616165 -0.9973287574682991
		outer loop
			vertex -0.07675300538539886 0 0.02758718654513359
			vertex -0.0760011225938797 0.03060699999332428 0.0285193994641304
			vertex -0.07549994438886642 0 0.027504682540893555
		endloop
	endfacet
	facet normal -0.265167295414992 0.03300927863958836 -0.9636372206209101
		outer loop
			vertex -0.07798492163419724 0 0.02783157117664814
			vertex -0.07823113352060318 0.03060699999332428 0.02894776128232479
			vertex -0.07736837863922119 0.03060699999332428 0.02871035411953926
		endloop
	endfacet
	facet normal -0.19448568121317356 0.03206622543648491 -0.9803810876334286
		outer loop
			vertex -0.07798492163419724 0 0.02783157117664814
			vertex -0.07736837863922119 0.03060699999332428 0.02871035411953926
			vertex -0.07675300538539886 0 0.02758718654513359
		endloop
	endfacet
	facet normal -0.3357523769115588 0.03163120826570233 -0.941419039568401
		outer loop
			vertex -0.07954713702201843 0 0.028388727456331253
			vertex -0.07823113352060318 0.03060699999332428 0.02894776128232479
			vertex -0.07798492163419724 0 0.02783157117664814
		endloop
	endfacet
	facet normal -0.44941984700427273 0.0327187515098848 -0.8927212803659889
		outer loop
			vertex -0.07954713702201843 0 0.028388727456331253
			vertex -0.07991153001785278 0.03060699999332428 0.029693936929106712
			vertex -0.07907881587743759 0.03060699999332428 0.029274726286530495
		endloop
	endfacet
	facet normal -0.3596837234239821 0.032497424265651526 -0.9325081964894243
		outer loop
			vertex -0.07954713702201843 0 0.028388727456331253
			vertex -0.07907881587743759 0.03060699999332428 0.029274726286530495
			vertex -0.07823113352060318 0.03060699999332428 0.02894776128232479
		endloop
	endfacet
	facet normal -0.5904181124263563 0.0317893084684771 -0.8064712594916167
		outer loop
			vertex -0.08077377825975418 0 0.029042402282357216
			vertex -0.08123490959405899 0.03060699999332428 0.03058645687997341
			vertex -0.08058910071849823 0.03060699999332428 0.03011365979909897
		endloop
	endfacet
	facet normal -0.5263181149246051 0.03291382979491816 -0.8496504703173192
		outer loop
			vertex -0.08077377825975418 0 0.029042402282357216
			vertex -0.08058910071849823 0.03060699999332428 0.03011365979909897
			vertex -0.07991153001785278 0.03060699999332428 0.029693936929106712
		endloop
	endfacet
	facet normal -0.4700480638106336 0.032018515024510946 -0.8820598802822289
		outer loop
			vertex -0.08077377825975418 0 0.029042402282357216
			vertex -0.07991153001785278 0.03060699999332428 0.029693936929106712
			vertex -0.07954713702201843 0 0.028388727456331253
		endloop
	endfacet
	facet normal -0.6551681739500417 0.033018398244994286 -0.7547611868798655
		outer loop
			vertex -0.08222100883722305 0 0.030103478580713272
			vertex -0.08199571818113327 0.03060699999332428 0.03124687448143959
			vertex -0.08123490959405899 0.03060699999332428 0.03058645687997341
		endloop
	endfacet
	facet normal -0.5909834326064297 0.031759955372668285 -0.8060582408358888
		outer loop
			vertex -0.08222100883722305 0 0.030103478580713272
			vertex -0.08123490959405899 0.03060699999332428 0.03058645687997341
			vertex -0.08077377825975418 0 0.029042402282357216
		endloop
	endfacet
	facet normal -0.7766344793712596 0.03279193284216672 -0.6290974285372716
		outer loop
			vertex -0.08355370163917542 0 0.031432587653398514
			vertex -0.08339069038629532 0.03060699999332428 0.0328267477452755
			vertex -0.08271654695272446 0.03060699999332428 0.03199450299143791
		endloop
	endfacet
	facet normal -0.7195134614258786 0.03241601079826047 -0.6937215443323623
		outer loop
			vertex -0.08355370163917542 0 0.031432587653398514
			vertex -0.08271654695272446 0.03060699999332428 0.03199450299143791
			vertex -0.08199571818113327 0.03060699999332428 0.03124687448143959
		endloop
	endfacet
	facet normal -0.705800727429189 0.03163315384187103 -0.7077038057962132
		outer loop
			vertex -0.08355370163917542 0 0.031432587653398514
			vertex -0.08199571818113327 0.03060699999332428 0.03124687448143959
			vertex -0.08222100883722305 0 0.030103478580713272
		endloop
	endfacet
	facet normal -0.8692755887772959 0.03226071700880605 -0.4932739572427914
		outer loop
			vertex -0.0847339853644371 0 0.03301108628511429
			vertex -0.08457300812005997 0.03060699999332428 0.034729138016700745
			vertex -0.08401180803775787 0.03060699999332428 0.03374015912413597
		endloop
	endfacet
	facet normal -0.8264800445555841 0.03288814313147645 -0.5620045426798287
		outer loop
			vertex -0.0847339853644371 0 0.03301108628511429
			vertex -0.08401180803775787 0.03060699999332428 0.03374015912413597
			vertex -0.08339069038629532 0.03060699999332428 0.0328267477452755
		endloop
	endfacet
	facet normal -0.8004753916955838 0.03152681879016863 -0.5985358861311271
		outer loop
			vertex -0.0847339853644371 0 0.03301108628511429
			vertex -0.08339069038629532 0.03060699999332428 0.0328267477452755
			vertex -0.08355370163917542 0 0.031432587653398514
		endloop
	endfacet
	facet normal -0.875100072296628 0.03170914848805556 -0.4829020535974131
		outer loop
			vertex -0.08573105931282043 0 0.034817952662706375
			vertex -0.08457300812005997 0.03060699999332428 0.034729138016700745
			vertex -0.0847339853644371 0 0.03301108628511429
		endloop
	endfacet
	facet normal -0.905310693487018 0.03302467757818768 -0.42346418848458917
		outer loop
			vertex -0.08573105931282043 0 0.034817952662706375
			vertex -0.0850670263171196 0.03060699999332428 0.035785283893346786
			vertex -0.08457300812005997 0.03060699999332428 0.034729138016700745
		endloop
	endfacet
	facet normal -0.9305625122434387 0.03171708248266759 -0.36475668257890487
		outer loop
			vertex -0.0865049809217453 0 0.03679237142205238
			vertex -0.0850670263171196 0.03060699999332428 0.035785283893346786
			vertex -0.08573105931282043 0 0.034817952662706375
		endloop
	endfacet
	facet normal -0.9588469256881168 0.03285837465211853 -0.282015780256475
		outer loop
			vertex -0.0865049809217453 0 0.03679237142205238
			vertex -0.08583158999681473 0.03060699999332428 0.03806895762681961
			vertex -0.08548801392316818 0.03060699999332428 0.03690080717206001
		endloop
	endfacet
	facet normal -0.9351031078043854 0.032320575241913806 -0.3528987931271681
		outer loop
			vertex -0.0865049809217453 0 0.03679237142205238
			vertex -0.08548801392316818 0.03060699999332428 0.03690080717206001
			vertex -0.0850670263171196 0.03060699999332428 0.035785283893346786
		endloop
	endfacet
	facet normal -0.968893110794016 0.031554684756066514 -0.2454596539674904
		outer loop
			vertex -0.08704463392496109 0 0.038922522217035294
			vertex -0.08583158999681473 0.03060699999332428 0.03806895762681961
			vertex -0.0865049809217453 0 0.03679237142205238
		endloop
	endfacet
	facet normal -0.9895625902275578 0.03240022677156561 -0.14041404960785706
		outer loop
			vertex -0.08704463392496109 0 0.038922522217035294
			vertex -0.08626847714185715 0.03060699999332428 0.04051508381962776
			vertex -0.08609297126531601 0.03060699999332428 0.03927821293473244
		endloop
	endfacet
	facet normal -0.9769005711088486 0.03282865398173765 -0.21115765116365715
		outer loop
			vertex -0.08704463392496109 0 0.038922522217035294
			vertex -0.08609297126531601 0.03060699999332428 0.03927821293473244
			vertex -0.08583158999681473 0.03060699999332428 0.03806895762681961
		endloop
	endfacet
	facet normal -0.9915549255041307 0.03168807927206417 -0.1257564922401443
		outer loop
			vertex -0.0873253270983696 0 0.04113570973277092
			vertex -0.08626847714185715 0.03060699999332428 0.04051508381962776
			vertex -0.08704463392496109 0 0.038922522217035294
		endloop
	endfacet
	facet normal -0.9994895789973965 0.03173416813801779 -0.003677505702938751
		outer loop
			vertex -0.0873253270983696 0 0.04113570973277092
			vertex -0.08635983616113663 0.03060699999332428 0.042845986783504486
			vertex -0.08635585755109787 0.03060699999332428 0.04176466166973114
		endloop
	endfacet
	facet normal -0.9970202196258475 0.033013068970588574 -0.06971957353835477
		outer loop
			vertex -0.0873253270983696 0 0.04113570973277092
			vertex -0.08635585755109787 0.03060699999332428 0.04176466166973114
			vertex -0.08626847714185715 0.03060699999332428 0.04051508381962776
		endloop
	endfacet
	facet normal -0.9977951946930805 0.03292285159462049 0.057626689044890385
		outer loop
			vertex -0.08733244240283966 0 0.043491657823324203
			vertex -0.08629735559225082 0.03060699999332428 0.04392782598733902
			vertex -0.08635983616113663 0.03060699999332428 0.042845986783504486
		endloop
	endfacet
	facet normal -0.9994929510621611 0.031697456518080945 -0.003018613479220657
		outer loop
			vertex -0.08733244240283966 0 0.043491657823324203
			vertex -0.08635983616113663 0.03060699999332428 0.042845986783504486
			vertex -0.0873253270983696 0 0.04113570973277092
		endloop
	endfacet
	facet normal -0.9801461755983045 0.032910718483283245 0.1955258526868804
		outer loop
			vertex -0.08702652156352997 0 0.04591260850429535
			vertex -0.08591995388269424 0.03060699999332428 0.04630795121192932
			vertex -0.08612195402383804 0.03060699999332428 0.045295350253582
		endloop
	endfacet
	facet normal -0.9913708844875522 0.03186361298362134 0.12715533633315873
		outer loop
			vertex -0.08702652156352997 0 0.04591260850429535
			vertex -0.08612195402383804 0.03060699999332428 0.045295350253582
			vertex -0.08629735559225082 0.03060699999332428 0.04392782598733902
		endloop
	endfacet
	facet normal -0.9916102814583294 0.03174924716833293 0.12530377093438524
		outer loop
			vertex -0.08702652156352997 0 0.04591260850429535
			vertex -0.08629735559225082 0.03060699999332428 0.04392782598733902
			vertex -0.08733244240283966 0 0.043491657823324203
		endloop
	endfacet
	facet normal -0.9394882226626026 0.03295983002917586 0.34099197803278614
		outer loop
			vertex -0.08642055839300156 0 0.04820502549409866
			vertex -0.08512268960475922 0.03060699999332428 0.04882243275642395
			vertex -0.08556722104549408 0.03060699999332428 0.047597676515579224
		endloop
	endfacet
	facet normal -0.9640782797666204 0.032111079157331704 0.2636701520414959
		outer loop
			vertex -0.08642055839300156 0 0.04820502549409866
			vertex -0.08556722104549408 0.03060699999332428 0.047597676515579224
			vertex -0.08591995388269424 0.03060699999332428 0.04630795121192932
		endloop
	endfacet
	facet normal -0.9663102235196231 0.031636746739406786 0.25542840127363053
		outer loop
			vertex -0.08642055839300156 0 0.04820502549409866
			vertex -0.08591995388269424 0.03060699999332428 0.04630795121192932
			vertex -0.08702652156352997 0 0.04591260850429535
		endloop
	endfacet
	facet normal -0.9079034293363488 0.03307363924274166 0.4178725851100293
		outer loop
			vertex -0.08572062849998474 0 0.04994577541947365
			vertex -0.08459198474884033 0.03060699999332428 0.04997548460960388
			vertex -0.08512268960475922 0.03060699999332428 0.04882243275642395
		endloop
	endfacet
	facet normal -0.9273387619840122 0.03180160918060354 0.372869250777647
		outer loop
			vertex -0.08572062849998474 0 0.04994577541947365
			vertex -0.08512268960475922 0.03060699999332428 0.04882243275642395
			vertex -0.08642055839300156 0 0.04820502549409866
		endloop
	endfacet
	facet normal -0.8224073720387397 0.032982352321011627 0.5679421439299137
		outer loop
			vertex -0.0846545398235321 0 0.05185239762067795
			vertex -0.08330729603767395 0.03060699999332428 0.05202581733465195
			vertex -0.08398377150297165 0.03060699999332428 0.05104624852538109
		endloop
	endfacet
	facet normal -0.8690710590719124 0.03204820047406643 0.4936480599880836
		outer loop
			vertex -0.0846545398235321 0 0.05185239762067795
			vertex -0.08398377150297165 0.03060699999332428 0.05104624852538109
			vertex -0.08459198474884033 0.03060699999332428 0.04997548460960388
		endloop
	endfacet
	facet normal -0.8723833980977911 0.03169595579355276 0.4877935763308945
		outer loop
			vertex -0.0846545398235321 0 0.05185239762067795
			vertex -0.08459198474884033 0.03060699999332428 0.04997548460960388
			vertex -0.08572062849998474 0 0.04994577541947365
		endloop
	endfacet
	facet normal -0.7052628326882989 0.03242502974208163 0.7082040343535905
		outer loop
			vertex -0.08338907361030579 0 0.05349528789520264
			vertex -0.08180736750364304 0.03060699999332428 0.05366908758878708
			vertex -0.08257071673870087 0.03060699999332428 0.05290890857577324
		endloop
	endfacet
	facet normal -0.7675218330513081 0.032786529189052574 0.6401837855595028
		outer loop
			vertex -0.08338907361030579 0 0.05349528789520264
			vertex -0.08257071673870087 0.03060699999332428 0.05290890857577324
			vertex -0.08330729603767395 0.03060699999332428 0.05202581733465195
		endloop
	endfacet
	facet normal -0.7918359931740152 0.03139879464250696 0.6099261230748515
		outer loop
			vertex -0.08338907361030579 0 0.05349528789520264
			vertex -0.08330729603767395 0.03060699999332428 0.05202581733465195
			vertex -0.0846545398235321 0 0.05185239762067795
		endloop
	endfacet
	facet normal -0.6364094217827739 0.03306187172473187 0.7706425633873156
		outer loop
			vertex -0.08204501122236252 0 0.05478592962026596
			vertex -0.08100218325853348 0.03060699999332428 0.05433402210474014
			vertex -0.08180736750364304 0.03060699999332428 0.05366908758878708
		endloop
	endfacet
	facet normal -0.6922795923048334 0.031681799040343864 0.7209335820225197
		outer loop
			vertex -0.08204501122236252 0 0.05478592962026596
			vertex -0.08180736750364304 0.03060699999332428 0.05366908758878708
			vertex -0.08338907361030579 0 0.05349528789520264
		endloop
	endfacet
	facet normal -0.47293403861138017 0.0327980859724751 0.880487183710968
		outer loop
			vertex -0.0805705338716507 0 0.055822137743234634
			vertex -0.07928355038166046 0.03060699999332428 0.05537330359220505
			vertex -0.0801587924361229 0.03060699999332428 0.05490318685770035
		endloop
	endfacet
	facet normal -0.5590954873501627 0.03239540458307231 0.8284701405522007
		outer loop
			vertex -0.0805705338716507 0 0.055822137743234634
			vertex -0.0801587924361229 0.03060699999332428 0.05490318685770035
			vertex -0.08100218325853348 0.03060699999332428 0.05433402210474014
		endloop
	endfacet
	facet normal -0.5746903989417476 0.031654667905873124 0.8177584774026768
		outer loop
			vertex -0.0805705338716507 0 0.055822137743234634
			vertex -0.08100218325853348 0.03060699999332428 0.05433402210474014
			vertex -0.08204501122236252 0 0.05478592962026596
		endloop
	endfacet
	facet normal -0.2749568676060948 0.031976998318244305 0.9609246549729067
		outer loop
			vertex -0.07895056158304214 0 0.056600023061037064
			vertex -0.07741472870111465 0.03060699999332428 0.056020963937044144
			vertex -0.07835842669010162 0.03060699999332428 0.05575093626976013
		endloop
	endfacet
	facet normal -0.37771817999815155 0.0329776937939418 0.9253331552532402
		outer loop
			vertex -0.07895056158304214 0 0.056600023061037064
			vertex -0.07835842669010162 0.03060699999332428 0.05575093626976013
			vertex -0.07928355038166046 0.03060699999332428 0.05537330359220505
		endloop
	endfacet
	facet normal -0.43265259815740387 0.031405312748449134 0.9010135601858721
		outer loop
			vertex -0.07895056158304214 0 0.056600023061037064
			vertex -0.07928355038166046 0.03060699999332428 0.05537330359220505
			vertex -0.0805705338716507 0 0.055822137743234634
		endloop
	endfacet
	facet normal -0.16737102064542853 0.03305417086808297 0.9853397197090613
		outer loop
			vertex -0.07725431770086288 0 0.057074952870607376
			vertex -0.0764627754688263 0.03060699999332428 0.05618266388773918
			vertex -0.07741472870111465 0.03060699999332428 0.056020963937044144
		endloop
	endfacet
	facet normal -0.26948442245684123 0.03173185582990833 0.962481810414458
		outer loop
			vertex -0.07725431770086288 0 0.057074952870607376
			vertex -0.07741472870111465 0.03060699999332428 0.056020963937044144
			vertex -0.07895056158304214 0 0.056600023061037064
		endloop
	endfacet
	facet normal -0.05634799149079211 0.032603023687410096 0.9978787234435816
		outer loop
			vertex -0.07549991458654404 2.4628996758702115e-12 0.057237036526203156
			vertex -0.07549991458654404 0.03060699999332428 0.05623703449964523
			vertex -0.0764627754688263 0.03060699999332428 0.05618266388773918
		endloop
	endfacet
	facet normal -0.09194966851415323 0.0313931230583653 0.9952686724120176
		outer loop
			vertex -0.07549991458654404 2.4628996758702115e-12 0.057237036526203156
			vertex -0.0764627754688263 0.03060699999332428 0.05618266388773918
			vertex -0.07725431770086288 0 0.057074952870607376
		endloop
	endfacet
	facet normal 0 0.032654906136388225 0.9994666863408823
		outer loop
			vertex 0.07550005614757538 0.03060699999332428 0.05623703449964523
			vertex -0.07549991458654404 0.03060699999332428 0.05623703449964523
			vertex -0.07549991458654404 2.4628996758702115e-12 0.057237036526203156
		endloop
	endfacet
	facet normal 5.326210153645096e-13 0.032654906133763345 0.9994666863409682
		outer loop
			vertex 0.07550005614757538 0.03060699999332428 0.05623703449964523
			vertex -0.07549991458654404 2.4628996758702115e-12 0.057237036526203156
			vertex 0.07550005614757538 0 0.057237036526203156
		endloop
	endfacet
	facet normal 0.03553919868143019 0.032634277479174856 0.9988353063896441
		outer loop
			vertex 0.07550005614757538 0 0.057237036526203156
			vertex 0.07610731571912766 0.03060699999332428 0.056215427815914154
			vertex 0.07550005614757538 0.03060699999332428 0.05623703449964523
		endloop
	endfacet
	facet normal 0.1061267622949418 0.03281464776067147 0.9938110027651816
		outer loop
			vertex 0.07660733163356781 0 0.05717264488339424
			vertex 0.07671114057302475 0.03060699999332428 0.05615094676613808
			vertex 0.07610731571912766 0.03060699999332428 0.056215427815914154
		endloop
	endfacet
	facet normal 0.05802512674778885 0.032153493959995706 0.9977971925657376
		outer loop
			vertex 0.07660733163356781 0 0.05717264488339424
			vertex 0.07610731571912766 0.03060699999332428 0.056215427815914154
			vertex 0.07550005614757538 0 0.057237036526203156
		endloop
	endfacet
	facet normal 0.17227143904383188 0.0322801773434981 0.984520462682437
		outer loop
			vertex 0.07769966870546341 0 0.05698150768876076
			vertex 0.07671114057302475 0.03060699999332428 0.05615094676613808
			vertex 0.07660733163356781 0 0.05717264488339424
		endloop
	endfacet
	facet normal 0.28856710083360393 0.03238642171949023 0.9569117765001621
		outer loop
			vertex 0.07769966870546341 0 0.05698150768876076
			vertex 0.07843897491693497 0.03060699999332428 0.055722676217556
			vertex 0.07757926732301712 0.03060699999332428 0.05598193034529686
		endloop
	endfacet
	facet normal 0.19100003307325686 0.032790675478588854 0.9810421800145357
		outer loop
			vertex 0.07769966870546341 0 0.05698150768876076
			vertex 0.07757926732301712 0.03060699999332428 0.05598193034529686
			vertex 0.07671114057302475 0.03060699999332428 0.05615094676613808
		endloop
	endfacet
	facet normal 0.3078386677924583 0.03167412363301048 0.9509111969599715
		outer loop
			vertex 0.07927127927541733 0 0.05647272989153862
			vertex 0.07843897491693497 0.03060699999332428 0.055722676217556
			vertex 0.07769966870546341 0 0.05698150768876076
		endloop
	endfacet
	facet normal 0.38193440727003714 0.0330197267563549 0.9235993753723643
		outer loop
			vertex 0.07927127927541733 0 0.05647272989153862
			vertex 0.07928232848644257 0.03060699999332428 0.05537392571568489
			vertex 0.07843897491693497 0.03060699999332428 0.055722676217556
		endloop
	endfacet
	facet normal 0.4585569821088193 0.031717580421901106 0.8880988060184704
		outer loop
			vertex 0.08079760521650314 0 0.05568463355302811
			vertex 0.07928232848644257 0.03060699999332428 0.05537392571568489
			vertex 0.07927127927541733 0 0.05647272989153862
		endloop
	endfacet
	facet normal 0.5522506225133628 0.03287508270194704 0.8330296986728286
		outer loop
			vertex 0.08079760521650314 0 0.05568463355302811
			vertex 0.08091561496257782 0.03060699999332428 0.05439851060509682
			vertex 0.08011041581630707 0.03060699999332428 0.05493231117725372
		endloop
	endfacet
	facet normal 0.47031708507165326 0.032236953002859677 0.8819085090590717
		outer loop
			vertex 0.08079760521650314 0 0.05568463355302811
			vertex 0.08011041581630707 0.03060699999332428 0.05493231117725372
			vertex 0.07928232848644257 0.03060699999332428 0.05537392571568489
		endloop
	endfacet
	facet normal 0.6942158338597854 0.03238308969022029 0.719038045947833
		outer loop
			vertex 0.08224300295114517 0 0.05461946129798889
			vertex 0.08242856711149216 0.03060699999332428 0.05306186527013779
			vertex 0.08169087767601013 0.03060699999332428 0.053774088621139526
		endloop
	endfacet
	facet normal 0.6269338499876863 0.03280845443107901 0.7783813673627223
		outer loop
			vertex 0.08224300295114517 0 0.05461946129798889
			vertex 0.08169087767601013 0.03060699999332428 0.053774088621139526
			vertex 0.08091561496257782 0.03060699999332428 0.05439851060509682
		endloop
	endfacet
	facet normal 0.5929555659847838 0.031524258251559856 0.8046178707370062
		outer loop
			vertex 0.08224300295114517 0 0.05461946129798889
			vertex 0.08091561496257782 0.03060699999332428 0.05439851060509682
			vertex 0.08079760521650314 0 0.05568463355302811
		endloop
	endfacet
	facet normal 0.7542469606018958 0.03302467948517308 0.6557597829752173
		outer loop
			vertex 0.0835723802447319 0 0.05328766256570816
			vertex 0.08312251418828964 0.03060699999332428 0.05226369574666023
			vertex 0.08242856711149216 0.03060699999332428 0.05306186527013779
		endloop
	endfacet
	facet normal 0.707395427303049 0.031645236118009255 0.7061092609941977
		outer loop
			vertex 0.0835723802447319 0 0.05328766256570816
			vertex 0.08242856711149216 0.03060699999332428 0.05306186527013779
			vertex 0.08224300295114517 0 0.05461946129798889
		endloop
	endfacet
	facet normal 0.8526698231497781 0.03291832820075788 0.5214120792216013
		outer loop
			vertex 0.08474999666213989 0 0.051705989986658096
			vertex 0.08435221016407013 0.03060699999332428 0.050424180924892426
			vertex 0.0837658941745758 0.03060699999332428 0.051382988691329956
		endloop
	endfacet
	facet normal 0.8070664364822826 0.0321714751062481 0.5895835507315973
		outer loop
			vertex 0.08474999666213989 0 0.051705989986658096
			vertex 0.0837658941745758 0.03060699999332428 0.051382988691329956
			vertex 0.08312251418828964 0.03060699999332428 0.05226369574666023
		endloop
	endfacet
	facet normal 0.801693282271979 0.03175260070439977 0.5968916597746095
		outer loop
			vertex 0.08474999666213989 0 0.051705989986658096
			vertex 0.08312251418828964 0.03060699999332428 0.05226369574666023
			vertex 0.0835723802447319 0 0.05328766256570816
		endloop
	endfacet
	facet normal 0.8760455764676974 0.03153789613972222 0.4811959154631923
		outer loop
			vertex 0.08574394881725311 0 0.04989644140005112
			vertex 0.08435221016407013 0.03060699999332428 0.050424180924892426
			vertex 0.08474999666213989 0 0.051705989986658096
		endloop
	endfacet
	facet normal 0.9237084712984668 0.032505275087681286 0.38171464098580776
		outer loop
			vertex 0.08574394881725311 0 0.04989644140005112
			vertex 0.08532572537660599 0.03060699999332428 0.04830212891101837
			vertex 0.08487440645694733 0.03060699999332428 0.04939427226781845
		endloop
	endfacet
	facet normal 0.8914263150721807 0.03274100795189519 0.4519813615572299
		outer loop
			vertex 0.08574394881725311 0 0.04989644140005112
			vertex 0.08487440645694733 0.03060699999332428 0.04939427226781845
			vertex 0.08435221016407013 0.03060699999332428 0.050424180924892426
		endloop
	endfacet
	facet normal 0.931219682599898 0.0316373716679135 0.363082606926429
		outer loop
			vertex 0.08651420474052429 0 0.047920919954776764
			vertex 0.08532572537660599 0.03060699999332428 0.04830212891101837
			vertex 0.08574394881725311 0 0.04989644140005112
		endloop
	endfacet
	facet normal 0.9498599049113294 0.033010756251348215 0.3109283695862355
		outer loop
			vertex 0.08651420474052429 0 0.047920919954776764
			vertex 0.08570147305727005 0.03060699999332428 0.047154251486063004
			vertex 0.08532572537660599 0.03060699999332428 0.04830212891101837
		endloop
	endfacet
	facet normal 0.96928861203583 0.03184656113967722 0.24385525034583747
		outer loop
			vertex 0.08705031126737595 0 0.04578997567296028
			vertex 0.08570147305727005 0.03060699999332428 0.047154251486063004
			vertex 0.08651420474052429 0 0.047920919954776764
		endloop
	endfacet
	facet normal 0.9849580407137171 0.03295750803773019 0.16962152191670302
		outer loop
			vertex 0.08705031126737595 0 0.04578997567296028
			vertex 0.08620581775903702 0.03060699999332428 0.04474683105945587
			vertex 0.08599672466516495 0.03060699999332428 0.04596099257469177
		endloop
	endfacet
	facet normal 0.9702270821732121 0.03205681318482849 0.24006617784704365
		outer loop
			vertex 0.08705031126737595 0 0.04578997567296028
			vertex 0.08599672466516495 0.03060699999332428 0.04596099257469177
			vertex 0.08570147305727005 0.03060699999332428 0.047154251486063004
		endloop
	endfacet
	facet normal 0.9990601279454235 0.032620203659840044 0.028544405106157543
		outer loop
			vertex 0.08732738345861435 0 0.043576210737228394
			vertex 0.0863659456372261 0.03060699999332428 0.042249422520399094
			vertex 0.08633019775152206 0.03060699999332428 0.04350060597062111
		endloop
	endfacet
	facet normal 0.9945259187027883 0.03264715553529564 0.09925905633154684
		outer loop
			vertex 0.08732738345861435 0 0.043576210737228394
			vertex 0.08633019775152206 0.03060699999332428 0.04350060597062111
			vertex 0.08620581775903702 0.03060699999332428 0.04474683105945587
		endloop
	endfacet
	facet normal 0.9917630955117777 0.03159476060157753 0.1241278916417485
		outer loop
			vertex 0.08732738345861435 0 0.043576210737228394
			vertex 0.08620581775903702 0.03060699999332428 0.04474683105945587
			vertex 0.08705031126737595 0 0.04578997567296028
		endloop
	endfacet
	facet normal 0.9917319788233964 0.03189477599713183 -0.12429965986728748
		outer loop
			vertex 0.0873306393623352 0 0.04121716320514679
			vertex 0.08613039553165436 0.03060699999332428 0.039494577795267105
			vertex 0.08630187064409256 0.03060699999332428 0.04086270183324814
		endloop
	endfacet
	facet normal 0.9983893496736318 0.0330238123329963 -0.046131705770088155
		outer loop
			vertex 0.0873306393623352 0 0.04121716320514679
			vertex 0.08630187064409256 0.03060699999332428 0.04086270183324814
			vertex 0.0863659456372261 0.03060699999332428 0.042249422520399094
		endloop
	endfacet
	facet normal 0.999504167505597 0.03145657543762449 0.00137949290708895
		outer loop
			vertex 0.0873306393623352 0 0.04121716320514679
			vertex 0.0863659456372261 0.03060699999332428 0.042249422520399094
			vertex 0.08732738345861435 0 0.043576210737228394
		endloop
	endfacet
	facet normal 0.9803108290734153 0.032950290832797484 -0.19469195344293888
		outer loop
			vertex 0.08702070266008377 0 0.03879741579294205
			vertex 0.08591601997613907 0.03060699999332428 0.03841515630483627
			vertex 0.08613039553165436 0.03060699999332428 0.039494577795267105
		endloop
	endfacet
	facet normal 0.9913970537760117 0.031730539060026784 -0.12698446619647666
		outer loop
			vertex 0.08702070266008377 0 0.03879741579294205
			vertex 0.08613039553165436 0.03060699999332428 0.039494577795267105
			vertex 0.0873306393623352 0 0.04121716320514679
		endloop
	endfacet
	facet normal 0.9390557505185382 0.032968236362022924 -0.34218035129043123
		outer loop
			vertex 0.08641044050455093 0 0.03650617226958275
			vertex 0.08511536568403244 0.03060699999332428 0.03590096905827522
			vertex 0.08556179702281952 0.03060699999332428 0.037126123905181885
		endloop
	endfacet
	facet normal 0.9637587810737315 0.032086604529348466 -0.264838557829204
		outer loop
			vertex 0.08641044050455093 0 0.03650617226958275
			vertex 0.08556179702281952 0.03060699999332428 0.037126123905181885
			vertex 0.08591601997613907 0.03060699999332428 0.03841515630483627
		endloop
	endfacet
	facet normal 0.9658281890309652 0.03164634754531352 -0.25724388809106336
		outer loop
			vertex 0.08641044050455093 0 0.03650617226958275
			vertex 0.08591601997613907 0.03060699999332428 0.03841515630483627
			vertex 0.08702070266008377 0 0.03879741579294205
		endloop
	endfacet
	facet normal 0.9073706428440149 0.03307040039408196 -0.4190284776988482
		outer loop
			vertex 0.08570706099271774 0 0.034766681492328644
			vertex 0.08458351343870163 0.03060699999332428 0.034749288111925125
			vertex 0.08511536568403244 0.03060699999332428 0.03590096905827522
		endloop
	endfacet
	facet normal 0.9266076893307292 0.03179884328133235 -0.3746825638312199
		outer loop
			vertex 0.08570706099271774 0 0.034766681492328644
			vertex 0.08511536568403244 0.03060699999332428 0.03590096905827522
			vertex 0.08641044050455093 0 0.03650617226958275
		endloop
	endfacet
	facet normal 0.8216177950598982 0.03299007917993398 -0.5690833449650526
		outer loop
			vertex 0.084637850522995 0 0.032863762229681015
			vertex 0.08329667896032333 0.03060699999332428 0.03270174190402031
			vertex 0.0839741975069046 0.03060699999332428 0.033679913729429245
		endloop
	endfacet
	facet normal 0.8684111292013422 0.032024154024445 -0.4948096242377148
		outer loop
			vertex 0.084637850522995 0 0.032863762229681015
			vertex 0.0839741975069046 0.03060699999332428 0.033679913729429245
			vertex 0.08458351343870163 0.03060699999332428 0.034749288111925125
		endloop
	endfacet
	facet normal 0.8713683722737294 0.03170869217074159 -0.4896036342204302
		outer loop
			vertex 0.084637850522995 0 0.032863762229681015
			vertex 0.08458351343870163 0.03060699999332428 0.034749288111925125
			vertex 0.08570706099271774 0 0.034766681492328644
		endloop
	endfacet
	facet normal 0.7044460509755391 0.03244503128836229 -0.7090155719091545
		outer loop
			vertex 0.08336960524320602 0 0.03122471272945404
			vertex 0.08180049806833267 0.03060699999332428 0.03106631524860859
			vertex 0.08255915343761444 0.03060699999332428 0.03182008117437363
		endloop
	endfacet
	facet normal 0.7666063696809584 0.03277340619658634 -0.6412804205734456
		outer loop
			vertex 0.08336960524320602 0 0.03122471272945404
			vertex 0.08255915343761444 0.03060699999332428 0.03182008117437363
			vertex 0.08329667896032333 0.03060699999332428 0.03270174190402031
		endloop
	endfacet
	facet normal 0.7904962972404054 0.0314009731938253 -0.6116613302569398
		outer loop
			vertex 0.08336960524320602 0 0.03122471272945404
			vertex 0.08329667896032333 0.03060699999332428 0.03270174190402031
			vertex 0.084637850522995 0 0.032863762229681015
		endloop
	endfacet
	facet normal 0.635923297467639 0.03305852871980279 -0.7710438985017436
		outer loop
			vertex 0.08203739672899246 0 0.029949422925710678
			vertex 0.08099879324436188 0.03060699999332428 0.030405104160308838
			vertex 0.08180049806833267 0.03060699999332428 0.03106631524860859
		endloop
	endfacet
	facet normal 0.6911592585748971 0.03169663317158965 -0.7220070655691566
		outer loop
			vertex 0.08203739672899246 0 0.029949422925710678
			vertex 0.08180049806833267 0.03060699999332428 0.03106631524860859
			vertex 0.08336960524320602 0 0.03122471272945404
		endloop
	endfacet
	facet normal 0.47292208163595145 0.03279773195729944 -0.8804936192157077
		outer loop
			vertex 0.0805698111653328 0 0.028919095173478127
			vertex 0.07928433269262314 0.03060699999332428 0.02936873957514763
			vertex 0.08015777915716171 0.03060699999332428 0.029837876558303833
		endloop
	endfacet
	facet normal 0.5588698598466162 0.03239765382494497 -0.828622273283589
		outer loop
			vertex 0.0805698111653328 0 0.028919095173478127
			vertex 0.08015777915716171 0.03060699999332428 0.029837876558303833
			vertex 0.08099879324436188 0.03060699999332428 0.030405104160308838
		endloop
	endfacet
	facet normal 0.5743031516771138 0.03166707539525678 -0.8180300033065078
		outer loop
			vertex 0.0805698111653328 0 0.028919095173478127
			vertex 0.08099879324436188 0.03060699999332428 0.030405104160308838
			vertex 0.08203739672899246 0 0.029949422925710678
		endloop
	endfacet
	facet normal 0.27504953673634547 0.031975609278829885 -0.9608981802211769
		outer loop
			vertex 0.07895206660032272 0 0.02814222127199173
			vertex 0.07741570472717285 0.03060699999332428 0.028720952570438385
			vertex 0.07835941016674042 0.03060699999332428 0.028991080820560455
		endloop
	endfacet
	facet normal 0.3778109511311169 0.032978005558194655 -0.9252952698219119
		outer loop
			vertex 0.07895206660032272 0 0.02814222127199173
			vertex 0.07835941016674042 0.03060699999332428 0.028991080820560455
			vertex 0.07928433269262314 0.03060699999332428 0.02936873957514763
		endloop
	endfacet
	facet normal 0.43267893725341783 0.031408809124169636 -0.9010007902142232
		outer loop
			vertex 0.07895206660032272 0 0.02814222127199173
			vertex 0.07928433269262314 0.03060699999332428 0.02936873957514763
			vertex 0.0805698111653328 0 0.028919095173478127
		endloop
	endfacet
	facet normal 0.16745057286799814 0.03305463646107728 -0.9853261879472225
		outer loop
			vertex 0.0772550031542778 0 0.02766687236726284
			vertex 0.0764632523059845 0.03060699999332428 0.028559088706970215
			vertex 0.07741570472717285 0.03060699999332428 0.028720952570438385
		endloop
	endfacet
	facet normal 0.26958415575933464 0.03173068334413392 -0.9624539192595359
		outer loop
			vertex 0.0772550031542778 0 0.02766687236726284
			vertex 0.07741570472717285 0.03060699999332428 0.028720952570438385
			vertex 0.07895206660032272 0 0.02814222127199173
		endloop
	endfacet
	facet normal 0.05636498801633328 0.03260293169309683 -0.9978777665480548
		outer loop
			vertex 0.07550005614757538 0 0.027504682540893555
			vertex 0.07550005614757538 0.03060699999332428 0.028504682704806328
			vertex 0.0764632523059845 0.03060699999332428 0.028559088706970215
		endloop
	endfacet
	facet normal 0.09198111759350623 0.031392117344267306 -0.9952657981538868
		outer loop
			vertex 0.07550005614757538 0 0.027504682540893555
			vertex 0.0764632523059845 0.03060699999332428 0.028559088706970215
			vertex 0.0772550031542778 0 0.02766687236726284
		endloop
	endfacet
	facet normal 0 -1 0
		outer loop
			vertex 0.07550005614757538 0 0.027504682540893555
			vertex 0.0772550031542778 0 0.02766687236726284
			vertex 0.07895206660032272 0 0.02814222127199173
		endloop
	endfacet
	facet normal 0 -1 0
		outer loop
			vertex 0.07550005614757538 0 0.027504682540893555
			vertex 0.07895206660032272 0 0.02814222127199173
			vertex 0.0805698111653328 0 0.028919095173478127
		endloop
	endfacet
	facet normal 0 -1 0
		outer loop
			vertex 0.07550005614757538 0 0.027504682540893555
			vertex 0.0805698111653328 0 0.028919095173478127
			vertex 0.08203739672899246 0 0.029949422925710678
		endloop
	endfacet
	facet normal 0 -1 0
		outer loop
			vertex 0.07550005614757538 0 0.027504682540893555
			vertex 0.08203739672899246 0 0.029949422925710678
			vertex 0.08336960524320602 0 0.03122471272945404
		endloop
	endfacet
	facet normal 0 -1 0
		outer loop
			vertex 0.07550005614757538 0 0.027504682540893555
			vertex 0.08336960524320602 0 0.03122471272945404
			vertex 0.084637850522995 0 0.032863762229681015
		endloop
	endfacet
	facet normal 0 -1 0
		outer loop
			vertex 0.07550005614757538 0 0.027504682540893555
			vertex 0.084637850522995 0 0.032863762229681015
			vertex 0.08570706099271774 0 0.034766681492328644
		endloop
	endfacet
	facet normal 0 -1 0
		outer loop
			vertex 0.07550005614757538 0 0.027504682540893555
			vertex 0.08570706099271774 0 0.034766681492328644
			vertex 0.08641044050455093 0 0.03650617226958275
		endloop
	endfacet
	facet normal 0 -1 0
		outer loop
			vertex 0.07550005614757538 0 0.027504682540893555
			vertex 0.08641044050455093 0 0.03650617226958275
			vertex 0.08702070266008377 0 0.03879741579294205
		endloop
	endfacet
	facet normal 0 -1 0
		outer loop
			vertex 0.0873306393623352 0 0.04121716320514679
			vertex 0.07550005614757538 0 0.027504682540893555
			vertex 0.08702070266008377 0 0.03879741579294205
		endloop
	endfacet
	facet normal 0 -1 0
		outer loop
			vertex 0.07550005614757538 0 0.057237036526203156
			vertex 0.0873306393623352 0 0.04121716320514679
			vertex 0.08732738345861435 0 0.043576210737228394
		endloop
	endfacet
	facet normal 0 -1 0
		outer loop
			vertex 0.07550005614757538 0 0.057237036526203156
			vertex 0.08732738345861435 0 0.043576210737228394
			vertex 0.08705031126737595 0 0.04578997567296028
		endloop
	endfacet
	facet normal 0 -1 0
		outer loop
			vertex 0.07550005614757538 0 0.057237036526203156
			vertex 0.08705031126737595 0 0.04578997567296028
			vertex 0.08651420474052429 0 0.047920919954776764
		endloop
	endfacet
	facet normal 0 -1 0
		outer loop
			vertex 0.07550005614757538 0 0.057237036526203156
			vertex 0.08651420474052429 0 0.047920919954776764
			vertex 0.08574394881725311 0 0.04989644140005112
		endloop
	endfacet
	facet normal 0 -1 0
		outer loop
			vertex 0.07550005614757538 0 0.057237036526203156
			vertex 0.08574394881725311 0 0.04989644140005112
			vertex 0.08474999666213989 0 0.051705989986658096
		endloop
	endfacet
	facet normal 0 -1 0
		outer loop
			vertex 0.07550005614757538 0 0.057237036526203156
			vertex 0.08474999666213989 0 0.051705989986658096
			vertex 0.0835723802447319 0 0.05328766256570816
		endloop
	endfacet
	facet normal 0 -1 0
		outer loop
			vertex 0.07550005614757538 0 0.057237036526203156
			vertex 0.0835723802447319 0 0.05328766256570816
			vertex 0.08224300295114517 0 0.05461946129798889
		endloop
	endfacet
	facet normal 0 -1 0
		outer loop
			vertex 0.07550005614757538 0 0.057237036526203156
			vertex 0.08224300295114517 0 0.05461946129798889
			vertex 0.08079760521650314 0 0.05568463355302811
		endloop
	endfacet
	facet normal 0 -1 0
		outer loop
			vertex 0.07550005614757538 0 0.057237036526203156
			vertex 0.08079760521650314 0 0.05568463355302811
			vertex 0.07927127927541733 0 0.05647272989153862
		endloop
	endfacet
	facet normal 0 -1 0
		outer loop
			vertex 0.07550005614757538 0 0.057237036526203156
			vertex 0.07927127927541733 0 0.05647272989153862
			vertex 0.07769966870546341 0 0.05698150768876076
		endloop
	endfacet
	facet normal 0 -1 0
		outer loop
			vertex 0.07550005614757538 0 0.057237036526203156
			vertex 0.07769966870546341 0 0.05698150768876076
			vertex 0.07660733163356781 0 0.05717264488339424
		endloop
	endfacet
	facet normal 0 -1 0
		outer loop
			vertex 0.07550005614757538 0 0.057237036526203156
			vertex 0.07550005614757538 0 0.027504682540893555
			vertex 0.0873306393623352 0 0.04121716320514679
		endloop
	endfacet
	facet normal 0 -1 0
		outer loop
			vertex 0.001278216834180057 0 0.031652968376874924
			vertex 0.07550005614757538 0 0.027504682540893555
			vertex 0.0016842203913256526 0 0.03201265633106232
		endloop
	endfacet
	facet normal 0 -1 0
		outer loop
			vertex 0.0019923471845686436 0 0.03245905786752701
			vertex 0.0016842203913256526 0 0.03201265633106232
			vertex 0.07550005614757538 0 0.027504682540893555
		endloop
	endfacet
	facet normal 0 -1 0
		outer loop
			vertex 0.0007979322108440101 0 0.0314008966088295
			vertex 0.07550005614757538 0 0.027504682540893555
			vertex 0.001278216834180057 0 0.031652968376874924
		endloop
	endfacet
	facet normal 0 -1 0
		outer loop
			vertex 0.002184690209105611 0 0.03296622261404991
			vertex 0.0019923471845686436 0 0.03245905786752701
			vertex 0.07550005614757538 0 0.027504682540893555
		endloop
	endfacet
	facet normal 0 -1 0
		outer loop
			vertex 0.000271278724540025 0 0.03127108886837959
			vertex 0.07550005614757538 0 0.027504682540893555
			vertex 0.0007979322108440101 0 0.0314008966088295
		endloop
	endfacet
	facet normal 0 -1 0
		outer loop
			vertex 0.0022500711493194103 0 0.033504683524370193
			vertex 0.002184690209105611 0 0.03296622261404991
			vertex 0.07550005614757538 0 0.027504682540893555
		endloop
	endfacet
	facet normal 0 -1 0
		outer loop
			vertex -0.0002711363194976002 0 0.03127108886837959
			vertex 0.07550005614757538 0 0.027504682540893555
			vertex 0.000271278724540025 0 0.03127108886837959
		endloop
	endfacet
	facet normal 0 -1 0
		outer loop
			vertex 0.002184690209105611 0 0.034043144434690475
			vertex 0.07550005614757538 0 0.027504682540893555
			vertex 0.07550005614757538 0 0.057237036526203156
		endloop
	endfacet
	facet normal 0 -1 0
		outer loop
			vertex 0.002184690209105611 0 0.034043144434690475
			vertex 0.0022500711493194103 0 0.033504683524370193
			vertex 0.07550005614757538 0 0.027504682540893555
		endloop
	endfacet
	facet normal 0 -1 0
		outer loop
			vertex 0.0019923471845686436 0 0.03455030918121338
			vertex 0.002184690209105611 0 0.034043144434690475
			vertex 0.07550005614757538 0 0.057237036526203156
		endloop
	endfacet
	facet normal 0 -1 0
		outer loop
			vertex 0.0016842203913256526 0 0.03499671071767807
			vertex 0.0019923471845686436 0 0.03455030918121338
			vertex 0.07550005614757538 0 0.057237036526203156
		endloop
	endfacet
	facet normal 0 -1 0
		outer loop
			vertex 0.001278216834180057 0 0.03535639867186546
			vertex 0.0016842203913256526 0 0.03499671071767807
			vertex 0.07550005614757538 0 0.057237036526203156
		endloop
	endfacet
	facet normal 0 -1 0
		outer loop
			vertex 0.0007979322108440101 0 0.03560847043991089
			vertex 0.001278216834180057 0 0.03535639867186546
			vertex 0.07550005614757538 0 0.057237036526203156
		endloop
	endfacet
	facet normal 0 -1 0
		outer loop
			vertex 0.000271278724540025 0 0.035738278180360794
			vertex 0.0007979322108440101 0 0.03560847043991089
			vertex 0.07550005614757538 0 0.057237036526203156
		endloop
	endfacet
	facet normal 0 -1 0
		outer loop
			vertex -0.07549994438886642 0 0.027504682540893555
			vertex 0.07550005614757538 0 0.027504682540893555
			vertex -0.0002711363194976002 0 0.03127108886837959
		endloop
	endfacet
	facet normal 0 -1 0
		outer loop
			vertex -0.07549994438886642 0 0.027504682540893555
			vertex -0.0002711363194976002 0 0.03127108886837959
			vertex -0.0007977897766977549 0 0.0314008966088295
		endloop
	endfacet
	facet normal 0 -1 0
		outer loop
			vertex -0.07549994438886642 0 0.027504682540893555
			vertex -0.0007977897766977549 0 0.0314008966088295
			vertex -0.0012780744582414627 0 0.031652968376874924
		endloop
	endfacet
	facet normal 0 -1 0
		outer loop
			vertex -0.07549994438886642 0 0.027504682540893555
			vertex -0.0012780744582414627 0 0.031652968376874924
			vertex -0.0016840780153870583 0 0.03201265633106232
		endloop
	endfacet
	facet normal 0 -1 0
		outer loop
			vertex -0.07549994438886642 0 0.027504682540893555
			vertex -0.0016840780153870583 0 0.03201265633106232
			vertex -0.001992204925045371 0 0.03245905786752701
		endloop
	endfacet
	facet normal 0 -1 0
		outer loop
			vertex -0.07549994438886642 0 0.027504682540893555
			vertex -0.001992204925045371 0 0.03245905786752701
			vertex -0.0021845479495823383 0 0.03296622261404991
		endloop
	endfacet
	facet normal 0 -1 0
		outer loop
			vertex -0.07549994438886642 0 0.027504682540893555
			vertex -0.0021845479495823383 0 0.03296622261404991
			vertex -0.002249928889796138 0 0.033504683524370193
		endloop
	endfacet
	facet normal 0 -1 0
		outer loop
			vertex -0.07549994438886642 0 0.027504682540893555
			vertex -0.002249928889796138 0 0.033504683524370193
			vertex -0.0021845479495823383 0 0.034043144434690475
		endloop
	endfacet
	facet normal 0 -1 0
		outer loop
			vertex -0.07798492163419724 0 0.02783157117664814
			vertex -0.07675300538539886 0 0.02758718654513359
			vertex -0.07549994438886642 0 0.027504682540893555
		endloop
	endfacet
	facet normal 0 -1 0
		outer loop
			vertex -0.07954713702201843 0 0.028388727456331253
			vertex -0.07798492163419724 0 0.02783157117664814
			vertex -0.07549994438886642 0 0.027504682540893555
		endloop
	endfacet
	facet normal 0 -1 0
		outer loop
			vertex -0.08077377825975418 0 0.029042402282357216
			vertex -0.07954713702201843 0 0.028388727456331253
			vertex -0.07549994438886642 0 0.027504682540893555
		endloop
	endfacet
	facet normal 0 -1 0
		outer loop
			vertex -0.08222100883722305 0 0.030103478580713272
			vertex -0.08077377825975418 0 0.029042402282357216
			vertex -0.07549994438886642 0 0.027504682540893555
		endloop
	endfacet
	facet normal 0 -1 0
		outer loop
			vertex -0.08355370163917542 0 0.031432587653398514
			vertex -0.08222100883722305 0 0.030103478580713272
			vertex -0.07549994438886642 0 0.027504682540893555
		endloop
	endfacet
	facet normal 0 -1 0
		outer loop
			vertex -0.0847339853644371 0 0.03301108628511429
			vertex -0.08355370163917542 0 0.031432587653398514
			vertex -0.07549994438886642 0 0.027504682540893555
		endloop
	endfacet
	facet normal 0 -1 0
		outer loop
			vertex -0.08573105931282043 0 0.034817952662706375
			vertex -0.0847339853644371 0 0.03301108628511429
			vertex -0.07549994438886642 0 0.027504682540893555
		endloop
	endfacet
	facet normal 0 -1 0
		outer loop
			vertex -0.0865049809217453 0 0.03679237142205238
			vertex -0.08573105931282043 0 0.034817952662706375
			vertex -0.07549994438886642 0 0.027504682540893555
		endloop
	endfacet
	facet normal 0 -1 0
		outer loop
			vertex -0.08704463392496109 0 0.038922522217035294
			vertex -0.0865049809217453 0 0.03679237142205238
			vertex -0.07549994438886642 0 0.027504682540893555
		endloop
	endfacet
	facet normal 0 -1 0
		outer loop
			vertex -0.0873253270983696 0 0.04113570973277092
			vertex -0.08704463392496109 0 0.038922522217035294
			vertex -0.07549994438886642 0 0.027504682540893555
		endloop
	endfacet
	facet normal 0 -1 0
		outer loop
			vertex -0.08733244240283966 0 0.043491657823324203
			vertex -0.0873253270983696 0 0.04113570973277092
			vertex -0.07549994438886642 0 0.027504682540893555
		endloop
	endfacet
	facet normal -7.387506489290378e-12 -1 8.283568456274773e-11
		outer loop
			vertex -0.07549991458654404 2.4628996758702115e-12 0.057237036526203156
			vertex -0.07549994438886642 0 0.027504682540893555
			vertex -0.0021845479495823383 0 0.034043144434690475
		endloop
	endfacet
	facet normal -2.999450845001811e-11 -1 1.1375464312789273e-11
		outer loop
			vertex -0.07549991458654404 2.4628996758702115e-12 0.057237036526203156
			vertex -0.0021845479495823383 0 0.034043144434690475
			vertex -0.001992204925045371 0 0.03455030918121338
		endloop
	endfacet
	facet normal -2.7621159939331186e-11 -1 1.9065397311770422e-11
		outer loop
			vertex -0.07549991458654404 2.4628996758702115e-12 0.057237036526203156
			vertex -0.001992204925045371 0 0.03455030918121338
			vertex -0.0016840780153870583 0 0.03499671071767807
		endloop
	endfacet
	facet normal -2.4897903667302462e-11 -1 2.8103908781795586e-11
		outer loop
			vertex -0.07549991458654404 2.4628996758702115e-12 0.057237036526203156
			vertex -0.0016840780153870583 0 0.03499671071767807
			vertex -0.0012780744582414627 0 0.03535639867186546
		endloop
	endfacet
	facet normal -2.1247996304672327e-11 -1 4.04848476993758e-11
		outer loop
			vertex -0.07549991458654404 2.4628996758702115e-12 0.057237036526203156
			vertex -0.0012780744582414627 0 0.03535639867186546
			vertex -0.0007977897766977549 0 0.03560847043991089
		endloop
	endfacet
	facet normal -1.5160678936850677e-11 -1 6.150961374044773e-11
		outer loop
			vertex -0.07549991458654404 2.4628996758702115e-12 0.057237036526203156
			vertex -0.0007977897766977549 0 0.03560847043991089
			vertex -0.0002711363194976002 0 0.035738278180360794
		endloop
	endfacet
	facet normal 1.119197424071741e-10 -1 8.283556497473608e-11
		outer loop
			vertex -0.07549991458654404 2.4628996758702115e-12 0.057237036526203156
			vertex -0.08733244240283966 0 0.043491657823324203
			vertex -0.07549994438886642 0 0.027504682540893555
		endloop
	endfacet
	facet normal 2.4395754411725356e-10 -1 -3.0827433718039885e-11
		outer loop
			vertex -0.08702652156352997 0 0.04591260850429535
			vertex -0.08733244240283966 0 0.043491657823324203
			vertex -0.07549991458654404 2.4628996758702115e-12 0.057237036526203156
		endloop
	endfacet
	facet normal 2.886262929049205e-10 -1 -7.629366922530685e-11
		outer loop
			vertex -0.08642055839300156 0 0.04820502549409866
			vertex -0.08702652156352997 0 0.04591260850429535
			vertex -0.07549991458654404 2.4628996758702115e-12 0.057237036526203156
		endloop
	endfacet
	facet normal 2.0951747321704716e-9 -1 -7.483058022313043e-9
		outer loop
			vertex -0.07895056158304214 0 0.056600023061037064
			vertex -0.07549991458654404 2.4628996758702115e-12 0.057237036526203156
			vertex -0.07725431770086288 0 0.057074952870607376
		endloop
	endfacet
	facet normal 3.378924263922366e-10 -1 -1.3586156541409256e-10
		outer loop
			vertex -0.08572062849998474 0 0.04994577541947365
			vertex -0.08642055839300156 0 0.04820502549409866
			vertex -0.07549991458654404 2.4628996758702115e-12 0.057237036526203156
		endloop
	endfacet
	facet normal 1.1595326815000482e-9 -1 -2.4147657357419496e-9
		outer loop
			vertex -0.0805705338716507 0 0.055822137743234634
			vertex -0.07549991458654404 2.4628996758702115e-12 0.057237036526203156
			vertex -0.07895056158304214 0 0.056600023061037064
		endloop
	endfacet
	facet normal 4.008755009607793e-10 -1 -2.2414971984047043e-10
		outer loop
			vertex -0.0846545398235321 0 0.05185239762067795
			vertex -0.08572062849998474 0 0.04994577541947365
			vertex -0.07549991458654404 2.4628996758702115e-12 0.057237036526203156
		endloop
	endfacet
	facet normal 8.055846628587536e-10 -1 -1.1463105848495277e-9
		outer loop
			vertex -0.08204501122236252 0 0.05478592962026596
			vertex -0.07549991458654404 2.4628996758702115e-12 0.057237036526203156
			vertex -0.0805705338716507 0 0.055822137743234634
		endloop
	endfacet
	facet normal 6.168759304416889e-10 -1 -6.42408904061661e-10
		outer loop
			vertex -0.08338907361030579 0 0.05349528789520264
			vertex -0.07549991458654404 2.4628996758702115e-12 0.057237036526203156
			vertex -0.08204501122236252 0 0.05478592962026596
		endloop
	endfacet
	facet normal 4.918904167902401e-10 -1 -3.7888756949270404e-10
		outer loop
			vertex -0.08338907361030579 0 0.05349528789520264
			vertex -0.0846545398235321 0 0.05185239762067795
			vertex -0.07549991458654404 2.4628996758702115e-12 0.057237036526203156
		endloop
	endfacet
	facet normal -1.631059704115362e-11 -1 5.7485803029974855e-11
		outer loop
			vertex -0.07549991458654404 2.4628996758702115e-12 0.057237036526203156
			vertex -0.0002711363194976002 0 0.035738278180360794
			vertex 0.07550005614757538 0 0.057237036526203156
		endloop
	endfacet
	facet normal 0 -1 0
		outer loop
			vertex -0.0002711363194976002 0 0.035738278180360794
			vertex 0.000271278724540025 0 0.035738278180360794
			vertex 0.07550005614757538 0 0.057237036526203156
		endloop
	endfacet
endsolid exported
